SN,District,Imperial_Circle,Community,Year,Month,Weekday,Hour,Road,Cycle,Car,Pedestrians,Motorcycle,Goods Vehicle,Others,Total,Collision Type,Accident Type,Light Condition,Road Condition,Accident_Severity,Severity
626,7,12,713,2016,6,2,21,1,0,1,0,0,0,0,2,9,1,1,3,2,1
627,1,6,117,2016,6,5,12,0,0,1,0,0,0,0,1,4,2,0,3,3,0
628,4,5,410,2016,10,6,12,1,0,1,0,0,0,0,2,2,6,0,3,3,0
629,1,16,136,2016,9,6,14,0,0,1,0,0,1,0,2,3,6,0,3,3,0
630,3,4,316,2016,5,2,18,0,0,1,0,1,0,0,2,0,7,0,3,3,0
631,3,7,319,2016,12,4,8,1,0,1,0,0,0,0,2,1,6,0,3,3,0
632,3,4,316,2016,11,1,17,1,0,1,0,0,0,0,2,4,2,2,3,3,0
633,1,14,132,2016,7,4,19,0,0,1,0,0,1,0,2,3,6,0,3,3,0
634,6,1,601,2016,11,4,9,1,0,1,0,0,1,0,3,2,6,0,3,3,0
635,2,5,216,2016,5,7,17,0,0,1,0,0,0,0,1,4,2,0,3,3,0
636,4,5,409,2016,6,3,8,1,0,0,0,1,0,0,2,0,1,0,3,3,0
637,3,8,320,2016,12,3,13,0,0,1,0,0,1,0,2,3,6,0,3,3,0
638,3,6,318,2016,7,6,8,1,1,1,0,0,0,0,3,5,3,0,3,3,0
639,1,7,120,2016,11,7,17,0,0,1,0,0,0,0,1,2,6,2,3,3,0
640,4,7,417,2016,6,4,13,0,0,1,0,1,0,0,2,2,6,0,3,3,0
641,7,14,715,2016,6,6,9,0,0,0,1,1,0,0,2,0,4,0,3,3,0
642,1,6,115,2016,10,7,0,0,0,1,0,0,0,0,1,3,6,2,3,3,0
643,1,4,111,2016,10,7,4,0,0,1,1,0,0,0,2,6,4,2,3,3,0
644,2,3,209,2016,5,7,16,1,0,1,0,0,0,1,3,1,6,0,3,3,0
645,1,7,120,2016,5,5,19,0,0,1,0,0,0,0,1,2,6,0,3,3,0
646,4,4,407,2016,11,2,12,0,0,1,0,0,0,1,2,2,6,0,3,3,0
647,1,7,120,2016,10,6,7,1,0,1,0,1,0,0,3,3,6,1,3,3,0
648,1,3,107,2016,10,2,16,1,1,0,0,0,0,0,2,4,6,0,3,3,0
649,2,3,209,2016,9,1,18,0,0,1,0,0,0,1,2,0,3,0,3,2,1
650,7,1,702,2016,9,6,6,0,0,1,0,0,0,0,1,2,6,2,3,3,0
651,2,5,216,2016,5,5,16,0,0,1,0,0,0,0,1,2,6,0,3,3,0
652,7,2,703,2016,8,3,20,0,0,1,0,0,0,0,1,1,2,1,3,3,0
653,4,2,405,2016,8,5,8,0,0,1,0,1,0,0,2,3,6,0,3,3,0
654,3,1,305,2016,12,1,0,1,0,1,0,0,0,0,2,5,3,2,3,3,0
655,3,8,320,2016,8,4,13,0,0,1,0,0,1,0,2,3,6,0,3,3,0
656,3,8,320,2016,8,4,17,1,0,1,0,0,1,0,3,3,6,0,3,3,0
657,3,1,305,2016,9,6,7,0,1,0,1,0,0,0,2,6,6,0,3,3,0
658,3,1,306,2016,6,6,14,0,1,1,0,0,0,0,2,5,3,0,3,3,0
659,2,14,227,2016,9,4,16,0,0,1,0,0,0,0,1,2,6,0,3,3,0
660,2,5,216,2016,5,5,10,0,1,1,0,0,0,0,2,5,3,0,3,3,0
661,3,6,318,2016,12,2,17,0,0,1,0,0,0,0,1,1,6,2,3,3,0
662,2,3,209,2016,11,6,16,0,0,1,0,0,0,1,2,2,6,2,3,3,0
663,7,12,713,2016,7,3,5,0,0,0,0,1,1,0,2,3,6,0,3,3,0
664,1,12,130,2016,7,2,22,0,0,1,0,0,1,0,2,2,6,2,3,1,1
665,2,3,208,2016,6,1,23,0,1,1,0,0,0,0,2,1,5,2,3,3,0
666,3,6,318,2016,5,5,18,0,0,1,0,1,0,0,2,3,6,0,3,3,0
667,1,8,125,2016,6,6,15,0,0,1,0,0,0,0,1,1,6,0,3,3,0
668,3,4,316,2016,6,4,14,0,0,1,0,0,0,0,1,5,2,0,3,3,0
669,3,1,304,2016,12,7,20,0,0,1,0,0,0,0,1,2,6,2,3,3,0
670,3,7,319,2016,7,3,11,0,0,1,0,0,0,1,2,1,6,0,3,3,0
671,3,9,321,2016,11,2,8,1,0,1,0,0,0,0,2,2,6,0,3,3,0
672,3,5,317,2016,6,4,11,0,0,1,0,0,0,0,1,2,6,0,3,3,0
673,2,3,208,2016,6,2,15,0,1,0,1,0,0,0,2,6,7,0,3,3,0
674,3,1,306,2016,6,5,15,0,1,0,0,0,0,0,1,5,7,0,3,3,0
675,3,6,318,2016,10,5,8,1,1,0,0,0,0,0,2,0,6,0,3,3,0
676,3,6,318,2016,10,5,16,0,0,1,0,1,0,0,2,3,7,0,3,3,0
677,3,7,319,2016,6,2,7,0,0,1,0,0,0,0,1,2,6,0,3,3,0
678,1,19,140,2016,9,4,16,0,0,1,0,0,0,0,1,2,6,0,3,3,0
679,7,1,702,2016,5,4,18,0,0,1,0,0,0,0,1,3,6,0,3,3,0
680,3,4,316,2016,9,2,10,1,0,1,0,0,0,0,2,1,6,0,3,3,0
681,1,19,140,2016,12,5,13,0,0,1,0,0,0,1,2,2,6,0,3,3,0
682,3,9,321,2016,5,4,14,0,0,1,0,0,0,0,1,1,6,0,3,3,0
683,1,19,140,2016,10,2,20,1,0,1,0,0,0,0,2,3,6,2,3,3,0
684,6,2,602,2016,11,7,14,0,0,1,1,0,0,0,2,6,4,0,3,3,0
685,6,1,601,2016,10,5,15,0,1,1,0,0,0,0,2,5,3,0,3,3,0
686,2,5,216,2016,9,5,8,0,1,1,0,0,0,0,2,5,2,0,3,3,0
687,7,8,709,2016,9,4,19,0,0,1,0,0,0,0,1,1,6,2,3,3,0
688,2,5,216,2016,5,4,7,0,1,0,0,0,0,0,1,4,6,0,3,3,0
689,1,16,136,2016,8,7,15,0,0,1,0,0,0,0,1,2,6,0,3,3,0
690,3,6,318,2016,11,4,17,0,0,1,0,0,0,0,1,2,6,2,3,3,0
691,2,12,225,2016,10,6,11,0,0,1,0,0,0,0,1,5,3,0,3,3,0
692,1,12,130,2016,6,2,8,0,0,1,0,0,0,0,1,2,6,0,3,3,0
693,7,1,701,2016,5,3,17,0,0,1,0,0,0,0,1,5,3,0,3,3,0
694,3,1,304,2016,12,7,22,2,0,1,0,0,0,0,3,2,6,2,3,3,0
695,3,6,318,2016,5,3,18,0,1,1,0,0,0,0,2,5,3,0,3,2,1
696,2,5,215,2016,10,4,16,0,0,0,0,0,0,1,1,2,6,0,3,3,0
697,7,13,714,2016,10,6,14,1,0,1,0,0,0,0,2,2,6,0,3,3,0
698,1,3,107,2016,9,6,12,0,0,1,0,0,0,0,1,2,6,0,3,3,0
699,7,10,711,2016,9,5,11,0,0,1,0,0,1,0,2,2,6,0,3,3,0
700,3,6,318,2016,5,3,14,0,0,1,0,0,0,0,1,5,3,0,3,3,0
701,3,7,319,2016,8,3,8,0,0,1,0,0,0,0,1,5,3,0,3,3,0
702,1,6,115,2016,8,3,15,0,0,1,0,0,1,0,2,1,6,0,3,3,0
703,3,7,319,2016,8,3,9,0,0,1,0,0,0,0,1,3,7,0,3,3,0
704,7,9,710,2016,8,2,16,0,0,1,0,0,0,0,1,2,6,0,3,3,0
705,3,4,316,2016,9,5,22,1,0,1,0,0,0,0,2,2,6,2,3,3,0
706,1,6,117,2016,7,4,6,0,1,1,0,0,0,0,2,5,2,0,3,3,0
707,1,1,102,2016,6,6,12,0,1,0,0,0,0,0,1,4,6,0,3,3,0
708,1,6,117,2016,9,3,8,0,1,1,0,0,0,0,2,3,2,0,3,3,0
709,3,4,316,2016,5,3,9,0,1,1,0,0,0,0,2,3,6,0,3,3,0
710,1,8,124,2016,12,1,10,1,0,1,0,0,0,0,2,2,2,0,3,3,0
711,3,1,306,2016,11,5,19,0,0,1,0,0,0,0,1,2,6,2,3,3,0
712,1,8,124,2016,7,2,22,0,0,1,0,1,0,0,2,1,5,2,3,3,0
713,1,16,136,2016,7,1,13,0,0,1,0,0,0,0,1,2,6,0,3,3,0
714,2,5,216,2016,6,6,13,0,0,1,0,0,0,0,1,2,6,0,3,3,0
715,3,5,317,2016,5,3,19,0,0,1,0,0,0,0,1,1,6,0,3,3,0
716,7,2,703,2016,6,2,13,0,0,1,0,0,1,0,2,2,6,0,3,3,0
717,4,6,414,2016,12,5,19,1,0,1,0,0,0,0,2,2,6,2,3,3,0
718,2,3,209,2016,7,2,22,0,0,1,0,0,0,1,2,3,6,2,3,3,0
719,4,2,405,2016,6,4,5,0,0,1,1,0,0,0,2,6,2,0,3,2,1
720,2,5,216,2016,6,3,9,0,0,0,0,0,0,1,1,0,7,0,3,3,0
721,3,4,316,2016,10,4,21,0,0,1,0,0,0,0,1,2,6,2,3,3,0
722,7,10,711,2016,10,4,13,0,0,0,0,1,1,0,2,2,6,0,3,3,0
723,3,6,318,2016,6,1,1,0,0,1,0,0,0,0,1,3,7,2,3,3,0
724,3,1,304,2016,9,3,10,0,0,1,0,0,1,0,2,3,6,0,3,3,0
725,3,8,320,2016,5,2,11,0,0,1,0,0,0,0,1,1,6,0,3,3,0
726,4,7,417,2016,9,1,15,1,0,1,0,0,0,0,2,5,3,0,3,3,0
727,2,5,216,2016,8,3,18,0,0,1,0,0,0,0,1,1,6,0,3,3,0
728,1,6,115,2016,12,7,5,1,0,1,0,0,0,0,2,8,1,2,3,2,1
729,1,16,136,2016,10,7,22,0,0,0,0,0,1,0,1,0,7,2,3,2,1
730,3,9,321,2016,11,5,15,0,0,1,0,0,1,0,2,3,6,0,3,3,0
731,1,12,130,2016,10,3,17,0,0,1,0,0,1,0,2,2,6,0,3,3,0
732,1,14,132,2016,9,4,6,0,1,1,0,0,0,0,2,4,2,0,3,3,0
733,3,9,321,2016,9,1,17,0,1,1,0,0,0,0,2,3,3,2,3,3,0
734,6,2,602,2016,5,1,18,0,0,1,0,0,0,0,1,9,7,0,3,2,1
735,2,5,216,2016,12,5,13,0,0,1,0,0,0,1,2,0,2,0,3,3,0
736,1,6,117,2016,11,3,8,0,0,1,1,0,0,0,2,5,3,0,3,3,0
737,7,13,714,2016,8,6,17,0,0,1,0,1,0,0,2,5,3,0,3,3,0
738,3,9,321,2016,7,6,18,0,0,1,0,0,0,0,1,3,6,0,3,3,0
739,2,5,216,2016,7,6,17,0,0,1,0,0,0,0,1,3,6,0,3,3,0
740,2,5,216,2016,11,6,14,1,1,1,0,0,0,0,3,5,2,0,3,3,0
741,6,2,602,2016,9,2,13,0,1,1,0,0,0,0,2,2,2,0,3,3,0
742,1,1,102,2016,5,1,15,0,1,0,0,0,0,1,2,0,7,0,3,3,0
743,1,1,102,2016,12,6,6,1,0,1,0,0,0,0,2,2,6,2,3,3,0
744,3,9,321,2016,11,3,6,1,0,1,0,0,0,0,2,4,2,2,3,3,0
745,1,3,106,2016,7,6,7,0,0,1,0,0,0,0,1,2,6,0,3,3,0
746,3,6,318,2016,11,4,7,0,0,1,1,0,0,0,2,6,7,1,3,3,0
747,1,6,115,2016,8,2,7,0,0,1,0,0,0,1,2,3,6,0,3,3,0
748,1,8,121,2016,8,1,8,0,0,1,0,0,0,0,1,5,3,0,3,3,0
749,1,6,117,2016,7,1,12,0,0,1,0,0,0,0,1,2,6,0,3,3,0
750,4,2,405,2016,7,2,18,0,0,1,0,1,0,0,2,3,7,0,3,2,1
751,7,10,711,2016,6,5,11,1,0,1,0,0,0,0,2,9,1,0,3,2,1
752,2,7,219,2016,9,3,6,0,0,1,0,1,0,0,2,7,7,0,3,2,1
753,7,10,711,2016,5,7,17,0,1,0,0,0,0,1,2,5,3,0,3,3,0
754,1,16,136,2016,12,6,13,0,0,1,0,0,1,0,2,3,6,0,3,2,1
755,1,15,134,2016,11,3,11,1,0,1,0,0,0,1,3,2,6,0,3,3,0
756,4,3,406,2016,7,1,12,0,0,1,0,0,0,0,1,5,3,0,3,3,0
757,4,4,407,2016,5,7,21,0,0,1,0,1,0,0,2,3,6,1,3,3,0
758,3,8,320,2016,6,5,15,0,0,1,0,0,1,0,2,2,6,0,3,3,0
759,3,4,316,2016,5,7,13,0,0,1,0,1,0,0,2,3,6,0,3,3,0
760,6,2,603,2016,6,1,14,1,0,1,0,1,0,0,3,5,3,0,3,3,0
761,4,8,419,2016,11,4,3,0,0,1,0,0,0,0,1,8,1,2,3,3,0
762,3,8,320,2016,7,6,7,0,0,1,0,0,0,1,2,2,6,0,3,3,0
763,1,8,125,2016,10,2,16,0,0,1,0,0,1,0,2,2,6,0,3,2,1
764,4,5,409,2016,10,4,14,1,0,1,0,0,0,0,2,2,6,0,3,3,0
765,4,7,416,2016,9,2,6,0,0,1,0,0,0,0,1,2,6,1,3,3,0
766,1,4,111,2016,5,7,16,0,1,1,0,0,0,0,2,5,3,0,3,3,0
767,7,7,708,2016,9,6,7,0,0,1,0,0,0,0,1,2,6,0,3,3,0
768,1,14,132,2016,8,1,17,0,0,1,0,1,0,0,2,2,6,0,3,3,0
769,3,7,319,2016,12,5,7,1,0,1,0,0,0,0,2,2,6,2,3,3,0
770,4,7,416,2016,8,6,15,0,1,1,0,0,0,0,2,3,6,0,3,3,0
771,3,1,306,2016,8,7,16,0,0,1,0,0,0,0,1,5,2,0,3,3,0
772,6,2,603,2016,11,4,16,1,0,1,0,0,0,1,3,5,3,0,3,3,0
773,1,7,120,2016,10,1,19,1,0,1,0,0,0,0,2,2,6,1,3,3,0
774,1,1,102,2016,9,3,20,0,1,1,0,0,0,0,2,5,2,2,3,3,0
775,3,7,319,2016,9,7,16,0,0,0,0,1,0,0,1,0,1,0,3,3,0
776,7,1,701,2016,5,6,11,0,0,1,0,0,0,0,1,5,7,0,3,2,1
777,4,6,415,2016,12,4,17,1,1,1,0,0,0,0,3,5,2,2,3,3,0
778,1,6,115,2016,11,1,17,0,0,1,0,0,0,0,1,2,6,2,3,3,0
779,1,16,136,2016,8,4,18,0,0,1,0,0,1,0,2,3,6,0,3,2,1
780,3,1,307,2016,7,5,10,0,0,1,0,0,0,0,1,2,6,0,3,3,0
781,1,3,106,2016,7,5,7,0,1,0,0,0,1,0,2,3,2,0,3,3,0
782,7,1,702,2016,11,4,9,1,0,1,0,0,0,1,3,2,6,0,3,3,0
783,3,9,321,2016,5,6,13,0,1,1,0,0,0,0,2,5,2,0,3,3,0
784,1,16,136,2016,6,3,12,0,0,1,0,0,0,0,1,2,6,0,3,3,0
785,1,7,120,2016,12,4,11,0,0,1,0,0,0,1,2,2,6,0,3,3,0
786,1,12,130,2016,7,6,6,1,0,1,0,0,0,1,3,7,7,0,3,3,0
787,7,10,711,2016,11,2,7,2,0,1,0,0,0,0,3,4,2,1,3,3,0
788,7,14,715,2016,6,4,18,0,0,0,0,1,0,0,1,8,1,0,3,3,0
789,4,2,405,2016,10,2,12,1,0,1,0,0,0,0,2,4,1,0,3,3,0
790,1,14,133,2016,10,7,14,0,1,1,0,0,0,0,2,5,2,0,3,3,0
791,7,2,703,2016,5,5,10,0,0,1,0,0,0,0,1,2,6,0,3,3,0
792,1,16,136,2016,5,5,22,0,0,1,0,0,0,0,1,5,3,2,3,2,1
793,1,7,120,2016,11,2,5,0,0,1,0,0,0,0,1,5,2,2,3,3,0
794,2,9,221,2016,7,4,20,0,0,1,0,0,0,0,1,5,3,0,3,3,0
795,1,4,110,2016,10,7,16,1,0,1,0,0,0,1,3,2,6,0,3,3,0
796,4,4,407,2016,10,2,18,1,0,1,0,0,0,0,2,4,6,1,3,3,0
797,1,6,115,2016,9,1,15,0,0,1,0,0,0,0,1,2,6,0,3,3,0
798,3,6,318,2016,9,7,21,0,0,0,0,1,0,0,1,0,1,2,3,2,1
799,3,8,320,2016,5,5,10,0,0,0,0,1,0,0,1,1,7,0,3,2,1
800,3,6,318,2016,8,4,17,0,0,1,0,0,0,0,1,1,6,0,3,3,0
801,1,7,119,2016,8,5,17,1,0,1,0,1,0,0,3,2,6,0,3,3,0
802,3,8,320,2016,12,2,12,0,0,1,0,0,0,0,1,5,2,0,3,3,0
803,3,1,304,2016,5,5,11,0,0,1,0,0,0,0,1,2,6,0,3,3,0
804,3,4,316,2016,6,4,7,0,1,0,0,0,0,0,1,4,6,0,3,3,0
805,3,9,321,2016,5,5,8,0,0,1,0,0,0,0,1,5,3,0,3,3,0
806,4,7,416,2016,6,7,8,0,0,1,0,1,0,0,2,5,2,0,3,3,0
807,7,8,709,2016,11,3,16,0,0,1,0,0,0,0,1,2,6,2,3,3,0
808,3,9,321,2016,7,5,13,0,1,1,0,0,0,0,2,4,3,0,3,3,0
809,1,4,111,2016,10,1,20,0,1,1,0,0,0,0,2,4,2,2,3,3,0
810,3,1,306,2016,10,3,13,1,0,1,1,0,0,0,3,6,4,0,3,3,0
811,3,9,321,2016,9,2,18,0,1,1,0,0,0,0,2,5,2,0,3,3,0
812,2,5,216,2016,9,2,8,1,1,1,0,0,0,0,3,5,2,0,3,3,0
813,7,10,711,2016,5,4,16,0,0,1,0,0,0,0,1,2,6,0,3,3,0
814,1,1,102,2016,9,5,7,0,0,0,1,0,1,0,2,6,5,0,3,3,0
815,1,12,130,2016,8,6,16,1,0,1,0,0,0,0,2,9,1,0,3,3,0
816,2,5,217,2016,12,4,11,0,0,1,0,0,0,0,1,0,6,0,3,3,0
817,1,6,117,2016,8,5,15,0,0,1,0,0,0,1,2,5,3,0,3,3,0
818,2,7,219,2016,8,6,5,0,0,1,0,0,0,0,1,9,6,0,3,3,0
819,2,14,227,2016,10,7,19,1,0,1,1,0,0,0,3,6,2,2,3,3,0
820,1,16,136,2016,9,2,6,1,0,1,0,0,0,0,2,8,1,1,3,3,0
821,3,5,317,2016,9,6,20,1,0,0,1,0,0,1,3,6,4,2,3,3,0
822,6,1,601,2016,5,4,17,0,0,1,0,0,0,0,1,2,6,0,3,3,0
823,1,12,130,2016,12,3,17,1,0,1,0,0,0,0,2,2,6,2,3,3,0
824,1,14,132,2016,11,7,1,1,0,1,0,0,0,0,2,5,3,2,3,3,0
825,4,2,403,2016,7,4,17,0,1,1,0,0,0,0,2,5,3,0,3,3,0
826,2,9,221,2016,11,4,18,1,1,1,0,0,0,0,3,5,2,2,3,2,1
827,2,5,215,2016,5,4,9,0,1,1,1,0,0,0,3,5,3,0,3,3,0
828,3,7,319,2016,6,3,10,0,0,1,0,0,1,0,2,2,6,0,3,3,0
829,2,5,215,2016,12,3,17,0,1,1,0,0,0,0,2,3,2,2,3,3,0
830,3,7,319,2016,7,5,14,0,0,1,0,0,0,0,1,2,6,0,3,3,0
831,3,4,316,2016,11,5,14,1,1,1,0,0,0,0,3,5,2,0,3,3,0
832,7,9,710,2016,6,3,13,0,0,1,0,0,0,0,1,2,6,0,3,3,0
833,1,7,120,2016,6,6,9,0,0,1,0,0,0,0,1,2,6,0,3,3,0
834,7,10,711,2016,10,6,5,0,0,1,0,0,0,0,1,9,1,2,3,3,0
835,6,11,612,2016,10,6,16,0,0,1,0,0,1,0,2,2,6,0,3,3,0
836,2,3,209,2016,6,3,8,0,1,1,0,0,0,0,2,5,3,0,3,3,0
837,3,7,319,2016,5,4,7,0,0,0,0,0,1,1,2,2,6,0,3,3,0
838,7,8,709,2016,5,3,13,1,0,1,0,0,0,0,2,2,6,0,3,3,0
839,2,7,219,2016,10,6,21,0,0,1,0,0,0,0,1,0,1,2,3,3,0
840,7,13,714,2016,10,7,11,0,0,1,0,0,0,0,1,3,6,0,3,3,0
841,7,11,712,2016,9,6,9,0,0,1,0,0,0,0,1,2,6,0,3,2,1
842,3,8,320,2016,9,6,11,0,0,1,0,0,1,1,3,3,6,0,3,3,0
843,3,9,321,2016,5,3,9,0,0,1,0,0,0,0,1,3,6,0,3,3,0
844,4,3,406,2016,8,3,7,0,1,0,1,0,0,0,2,6,7,0,3,3,0
845,3,8,320,2016,8,4,16,1,0,1,0,0,0,0,2,2,6,0,3,3,0
846,3,8,320,2016,12,5,13,1,0,1,0,0,1,0,3,3,6,0,3,3,0
847,7,10,711,2016,8,3,15,0,0,1,0,0,0,0,1,2,6,0,3,3,0
848,3,9,321,2016,8,1,1,0,0,1,0,0,0,0,1,4,2,2,3,3,0
849,3,7,319,2016,8,4,13,1,0,1,0,0,0,0,2,3,6,0,3,3,0
850,1,3,106,2016,9,6,23,0,1,0,0,0,0,0,1,4,6,2,3,2,1
851,1,8,125,2016,6,5,13,0,0,1,0,0,0,0,1,2,6,0,3,3,0
852,4,2,403,2016,9,4,22,0,0,0,1,1,0,0,2,6,4,2,3,2,1
853,2,5,216,2016,5,3,16,0,0,1,0,0,0,0,1,2,6,0,3,3,0
854,1,12,130,2016,12,1,4,1,0,1,0,0,0,0,2,2,6,2,3,3,0
855,1,16,136,2016,11,5,17,1,0,1,0,0,0,0,2,1,6,2,3,3,0
856,3,7,319,2016,7,3,18,1,0,1,0,0,0,0,2,3,6,0,3,3,0
857,1,6,115,2016,8,4,17,0,0,1,0,0,0,0,1,2,6,0,3,3,0
858,7,13,714,2016,8,4,14,1,0,1,0,0,0,0,2,2,6,0,3,3,0
859,1,8,125,2016,9,6,15,1,0,1,0,0,0,0,2,2,6,0,3,3,0
860,2,13,226,2016,9,5,10,0,0,1,0,0,0,0,1,1,6,0,3,3,0
861,7,10,711,2016,5,2,8,0,0,1,0,0,1,0,2,4,6,0,3,2,1
862,2,9,221,2016,12,3,14,1,1,1,0,0,0,0,3,5,3,0,3,3,0
863,4,5,410,2016,11,6,20,0,1,1,0,0,0,0,2,3,2,2,3,3,0
864,7,3,704,2016,7,2,18,0,0,1,0,0,0,0,1,2,6,0,3,3,0
865,6,2,603,2016,5,2,16,0,0,1,0,0,0,0,1,2,6,0,3,3,0
866,2,9,221,2016,6,1,3,1,0,1,0,0,0,0,2,9,7,1,3,3,0
867,4,2,405,2016,12,1,10,1,0,1,0,0,0,0,2,8,1,0,3,3,0
868,1,15,134,2016,7,3,19,0,0,1,0,0,1,0,2,3,6,0,3,3,0
869,2,5,216,2016,11,3,16,1,0,1,0,0,1,0,3,2,6,1,3,3,0
870,1,12,130,2016,6,2,23,0,0,1,0,0,1,0,2,8,6,2,3,3,0
871,3,8,320,2016,6,5,13,0,0,1,0,0,1,0,2,3,6,0,3,3,0
872,1,16,137,2016,10,5,11,0,0,1,0,0,1,0,2,0,6,0,3,1,1
873,1,8,125,2016,10,5,8,1,0,1,0,0,0,0,2,2,6,1,3,3,0
874,1,6,115,2016,6,2,18,0,0,1,0,1,0,0,2,3,6,0,3,2,1
875,1,3,107,2016,9,5,13,0,1,1,0,0,0,0,2,5,2,0,3,3,0
876,3,8,320,2016,5,2,17,0,0,1,0,0,0,0,1,2,6,0,3,3,0
877,2,5,216,2016,12,6,14,0,0,1,0,0,0,0,1,2,6,0,3,3,0
878,1,3,106,2016,5,2,14,0,1,1,0,0,0,0,2,5,3,0,3,3,0
879,3,7,319,2016,10,3,13,0,0,1,0,0,1,0,2,5,3,0,3,3,0
880,4,3,406,2016,11,2,9,0,1,1,0,0,0,0,2,5,2,0,3,3,0
881,1,12,130,2016,10,6,14,1,0,1,0,0,0,1,3,2,6,0,3,2,1
882,3,9,321,2016,9,5,20,0,1,0,0,0,0,0,1,5,3,2,3,3,0
883,2,3,208,2016,9,5,9,0,1,0,0,0,0,0,1,5,3,0,3,3,0
884,4,8,418,2016,4,7,23,0,0,1,0,1,0,0,2,3,2,2,3,2,1
885,7,14,715,2016,8,2,12,0,0,1,0,0,0,0,1,5,3,0,3,3,0
886,2,5,215,2016,8,3,10,0,0,1,0,0,1,0,2,5,3,0,3,3,0
887,1,12,130,2016,8,2,14,0,0,1,0,0,0,0,1,2,6,0,3,3,0
888,3,9,321,2016,8,2,7,0,0,1,0,0,1,0,2,2,6,0,3,2,1
889,3,9,321,2016,7,4,22,0,1,1,0,0,0,0,2,5,3,2,3,3,0
890,1,7,120,2016,6,5,17,0,0,1,0,0,0,0,1,5,3,0,3,3,0
891,1,15,134,2016,9,3,7,0,0,1,0,0,0,1,2,3,7,0,3,3,0
892,4,5,411,2016,4,6,18,1,1,1,0,0,0,0,3,5,2,0,3,3,0
893,1,6,117,2016,12,7,8,0,0,1,0,0,0,0,1,1,1,0,3,3,0
894,2,14,227,2016,11,4,19,1,0,1,0,0,0,0,2,2,6,2,3,3,0
895,4,6,415,2016,7,2,13,0,0,1,0,1,0,0,2,2,6,0,3,3,0
896,3,8,320,2016,4,6,18,0,0,1,0,0,1,0,2,3,6,0,3,3,0
897,3,1,304,2016,6,6,8,1,0,1,0,0,0,0,2,5,3,0,3,3,0
898,2,12,225,2016,4,6,16,1,0,1,0,0,0,0,2,2,6,0,3,3,0
899,2,9,221,2016,6,2,13,0,0,0,1,0,0,1,2,6,4,0,3,2,1
900,2,13,226,2016,12,5,9,1,0,1,0,0,0,0,2,5,3,0,3,3,0
901,3,6,318,2016,7,1,12,0,0,1,0,1,0,0,2,3,6,0,3,3,0
902,1,8,124,2016,5,3,12,0,0,1,0,0,0,1,2,5,3,0,3,3,0
903,4,2,405,2016,10,3,15,0,0,1,0,0,0,1,2,2,6,0,3,3,0
904,6,1,601,2016,10,4,7,1,0,1,0,0,0,0,2,2,6,0,3,3,0
905,4,5,411,2016,6,7,15,0,0,1,0,0,0,0,1,2,6,0,3,3,0
906,3,6,318,2016,9,3,15,0,0,1,0,0,0,0,1,2,6,0,3,3,0
907,3,8,320,2016,4,5,8,0,0,1,0,0,0,0,1,2,6,0,3,3,0
908,1,19,140,2016,9,1,4,1,0,1,0,0,0,0,2,3,6,2,3,3,0
909,2,1,206,2016,8,3,12,0,0,1,0,0,1,0,2,3,6,0,3,3,0
910,3,8,320,2016,12,6,22,0,0,1,0,0,0,0,1,4,2,2,3,3,0
911,3,6,318,2016,8,7,10,0,0,1,0,1,0,0,2,0,2,0,3,3,0
912,4,8,418,2016,7,2,17,0,0,1,0,0,0,0,1,1,6,0,3,3,0
913,5,14,522,2016,6,7,12,0,0,1,0,0,0,1,2,2,6,0,3,3,0
914,1,19,140,2016,4,5,12,0,0,1,0,0,0,0,1,2,6,0,3,3,0
915,7,1,701,2016,6,5,9,0,0,0,0,0,0,1,1,0,2,0,3,3,0
916,4,6,415,2016,6,3,17,0,1,0,0,0,0,0,1,3,6,0,3,3,0
917,7,11,712,2016,12,6,17,0,0,1,0,0,0,0,1,2,6,2,3,2,1
918,1,12,130,2016,7,2,21,0,0,1,0,0,0,0,1,2,6,1,3,3,0
919,7,13,714,2016,11,7,14,1,0,1,0,0,0,0,2,5,3,0,3,3,0
920,2,5,216,2016,5,3,17,0,0,1,0,1,0,0,2,3,6,0,3,3,0
921,6,1,601,2016,6,4,5,0,0,1,0,0,0,0,1,2,6,0,3,3,0
922,3,9,321,2016,10,4,14,0,0,1,1,0,0,0,2,2,4,0,3,3,0
923,3,5,317,2016,10,5,0,0,1,1,0,0,0,0,2,5,2,2,3,2,1
924,7,2,703,2016,6,1,23,0,0,1,0,0,0,1,2,2,6,2,3,3,0
925,6,10,611,2016,9,3,8,0,0,1,0,0,1,0,2,2,6,0,3,3,0
926,1,16,137,2016,4,4,9,1,0,1,0,0,0,0,2,2,6,0,3,3,0
927,7,10,711,2016,9,1,21,1,0,1,0,0,1,0,3,3,6,2,3,3,0
928,7,7,708,2016,12,2,12,0,0,1,0,0,0,0,1,3,7,0,3,3,0
929,1,12,130,2016,4,4,16,1,0,1,0,0,0,0,2,2,6,0,3,3,0
930,1,3,107,2016,10,2,12,0,1,1,0,0,0,0,2,5,2,0,3,3,0
931,3,7,319,2016,11,7,14,1,0,1,0,0,0,0,2,0,1,0,3,2,1
932,3,8,320,2016,10,4,5,0,0,0,0,1,0,1,2,2,6,2,3,2,1
933,7,10,711,2016,9,4,16,0,0,1,0,1,0,0,2,3,6,0,3,2,1
934,1,7,119,2016,9,2,17,0,0,1,0,0,1,0,2,3,6,0,3,3,0
935,1,8,121,2016,4,4,5,0,0,1,0,0,0,1,2,5,3,1,3,3,0
936,1,6,117,2016,8,7,14,0,0,1,0,1,0,0,2,3,6,0,3,3,0