SN,District,Imperial_Circle,Community,Year,Month,Weekday,Hour,Road,Cycle,Car,Pedestrians,Motorcycle,Goods Vehicle,Others,Total,Collision Type,Accident Type,Light Condition,Road Condition,Accident_Severity,Severity
1550,2,4,213,2016,1,1,1,1,0,1,0,1,0,0,3,3,7,2,3,3,0
1551,1,8,125,2016,1,2,16,1,0,1,1,0,0,0,3,6,4,0,3,3,0
1552,5,10,518,2016,2,5,7,1,1,1,0,0,0,0,3,5,2,2,3,3,0
1553,4,13,432,2016,1,4,6,1,0,1,0,1,0,0,3,3,7,2,3,3,0
1554,4,5,413,2016,2,4,18,1,0,1,0,0,0,0,2,3,2,2,3,3,0
1555,5,18,526,2016,1,5,14,0,0,1,0,0,1,0,2,3,6,0,3,3,0
1556,2,9,221,2016,2,4,14,1,1,1,0,0,0,0,3,2,6,0,3,3,0
1557,5,7,515,2016,2,6,7,1,0,1,1,0,0,0,3,6,4,1,3,2,1
1558,2,3,210,2016,2,2,12,1,1,1,0,0,0,0,3,2,6,0,3,3,0
1559,5,12,520,2016,2,1,18,0,0,1,0,0,0,0,1,5,3,2,3,3,0
1560,5,18,526,2016,2,7,13,0,0,1,0,0,0,0,1,2,6,0,3,3,0
1561,1,6,117,2016,1,2,14,1,1,0,0,0,0,1,3,1,7,0,3,3,0
1562,7,1,702,2016,2,1,12,0,1,0,1,0,0,0,2,6,7,0,3,2,1
1563,3,3,314,2016,1,6,7,0,0,1,1,0,0,0,2,0,7,0,3,3,0
1564,2,9,221,2016,2,6,7,1,1,0,0,0,0,1,3,5,3,0,3,3,0
1565,6,14,615,2016,1,7,4,1,0,1,0,0,0,0,2,8,1,2,3,3,0
1566,5,18,526,2016,1,2,6,1,0,1,0,0,1,1,4,3,7,2,3,2,1
1567,2,8,220,2016,2,4,8,0,0,1,0,0,0,0,1,2,6,0,3,3,0
1568,3,5,317,2016,2,4,12,0,1,0,0,1,0,0,2,4,2,0,3,3,0
1569,3,9,321,2016,2,3,15,0,1,1,0,0,0,0,2,5,3,0,3,3,0
1570,7,1,702,2016,2,7,2,1,0,1,0,0,0,0,2,0,1,2,3,3,0
1571,4,4,407,2016,2,7,13,0,0,1,0,0,0,0,1,0,7,0,3,3,0
1572,5,18,526,2016,1,2,16,1,1,1,0,0,0,0,3,5,3,0,3,3,0
1573,4,6,415,2016,2,5,14,1,0,1,0,0,0,1,3,2,6,0,3,3,0
1574,5,11,519,2016,2,3,19,1,0,1,0,0,0,0,2,9,7,2,3,2,1
1575,7,2,703,2016,2,5,14,1,0,1,0,0,0,0,2,2,6,0,3,3,0
1576,5,8,516,2016,1,7,23,0,0,1,0,0,0,0,1,2,6,2,3,3,0
1577,1,16,136,2016,1,7,10,2,0,1,0,0,0,0,3,8,1,0,3,3,0
1578,1,19,140,2016,2,4,10,0,0,1,0,0,0,1,2,3,2,0,3,3,0
1579,1,12,130,2016,2,3,17,1,0,1,1,0,0,0,3,6,2,2,3,3,0
1580,7,13,714,2016,2,2,22,1,0,0,1,0,0,1,3,6,2,2,3,3,0
1581,1,12,130,2016,2,6,11,0,0,1,0,0,0,0,1,1,5,0,3,3,0
1582,4,9,424,2016,1,2,15,1,0,1,0,0,0,0,2,2,6,0,3,3,0
1583,4,8,421,2016,2,6,10,0,0,0,1,1,0,0,2,6,4,0,3,3,0
1584,4,13,432,2016,1,4,9,1,0,1,0,0,0,0,2,5,3,0,3,3,0
1585,2,1,201,2016,2,5,19,0,0,1,1,0,0,0,2,6,2,2,3,3,0
1586,7,8,709,2016,2,4,8,1,0,1,0,0,0,0,2,4,2,0,3,3,0
1587,2,1,201,2016,2,7,23,0,0,1,0,0,0,0,1,5,3,2,3,3,0
1588,5,11,519,2016,2,3,10,0,0,0,1,0,0,1,2,5,4,0,3,3,0
1589,4,3,406,2016,1,5,15,0,0,0,0,1,0,0,1,0,1,0,3,3,0
1590,5,1,501,2016,2,3,12,0,0,1,0,1,0,0,2,5,3,0,3,3,0
1591,5,4,512,2016,1,6,15,0,0,0,0,1,1,0,2,5,3,0,3,3,0
1592,3,8,320,2016,2,2,23,1,0,1,0,0,0,0,2,9,1,2,3,3,0
1593,1,1,101,2016,1,7,12,1,0,1,1,0,0,0,3,6,2,0,3,3,0
1594,5,7,515,2016,2,2,17,1,0,1,0,0,0,0,2,1,6,0,3,3,0
1595,5,3,510,2016,1,2,18,1,1,1,0,0,0,0,3,4,2,2,3,3,0
1596,1,5,114,2016,2,6,22,1,0,1,0,0,0,0,2,2,6,2,3,3,0
1597,4,10,426,2016,1,4,14,1,0,1,0,0,0,0,2,0,6,0,3,3,0
1598,5,18,526,2016,2,4,17,1,1,1,0,0,0,0,3,5,3,1,3,3,0
1599,1,12,130,2016,2,6,21,1,0,1,0,0,0,0,2,2,6,2,3,3,0
1600,1,12,130,2016,2,2,21,1,0,1,0,0,0,0,2,5,3,2,3,3,0
1601,2,4,214,2016,1,5,22,0,0,1,0,1,0,0,2,5,3,2,3,3,0
1602,1,1,102,2016,2,2,12,0,0,1,1,0,0,0,2,6,4,0,3,3,0
1603,4,5,410,2016,1,6,20,1,1,1,0,0,0,0,3,4,2,2,3,3,0
1604,1,3,106,2016,1,1,12,0,0,1,0,0,0,0,1,2,6,0,3,3,0
1605,4,13,432,2016,1,2,6,0,1,1,0,0,0,0,2,0,3,0,3,3,0
1606,5,13,521,2016,2,5,6,1,0,1,0,0,0,1,3,4,6,2,3,3,0
1607,3,9,321,2016,2,4,7,0,0,1,1,0,0,0,2,6,4,0,3,3,0
1608,7,10,711,2016,2,2,15,1,0,0,0,1,0,0,2,0,1,0,3,3,0
1609,4,11,430,2016,1,2,9,1,0,1,0,0,0,0,2,5,2,0,3,3,0
1610,5,18,526,2016,2,5,9,1,1,1,0,0,0,0,3,1,5,0,3,3,0
1611,3,9,321,2016,1,4,13,1,0,1,0,0,0,1,3,2,6,0,3,3,0
1612,5,6,514,2016,2,4,7,0,0,1,1,0,0,0,2,6,4,2,3,3,0
1613,5,1,503,2016,2,4,10,0,0,1,0,0,0,0,1,5,3,0,3,3,0
1614,4,9,425,2016,2,6,19,1,0,1,0,0,0,0,2,4,2,2,3,3,0
1615,3,6,318,2016,2,2,14,1,1,1,0,0,0,0,3,5,3,0,3,2,1
1616,1,14,132,2016,2,1,16,0,0,1,0,0,1,0,2,8,5,0,3,3,0
1617,7,1,702,2016,2,7,19,0,0,0,1,0,0,1,2,6,4,2,3,3,0
1618,3,5,317,2016,2,6,12,1,0,1,1,0,0,0,3,6,2,0,3,3,0
1619,1,12,130,2016,1,7,2,0,0,1,0,0,0,0,1,4,6,2,3,3,0
1620,4,13,432,2016,1,2,21,1,0,1,0,0,0,0,2,1,6,2,3,3,0
1621,2,1,206,2016,2,4,18,1,0,1,0,0,0,0,2,4,2,2,3,3,0
1622,1,16,136,2016,2,3,13,0,0,0,1,0,0,1,2,0,4,0,3,3,0
1623,2,8,220,2016,2,3,18,1,0,1,1,0,0,0,3,6,2,2,3,3,0
1624,5,4,512,2016,2,7,11,0,0,1,0,0,0,0,1,2,6,0,3,2,1
1625,1,4,112,2016,2,7,13,0,0,1,0,0,0,1,2,3,6,0,3,3,0
1626,2,12,225,2016,2,4,18,1,1,1,0,0,0,0,3,5,3,2,3,3,0
1627,3,9,321,2016,2,6,14,1,0,1,0,0,0,0,2,5,3,0,3,3,0
1628,2,8,220,2016,2,1,14,0,0,1,0,0,0,0,1,2,6,0,3,3,0
1629,5,5,513,2016,2,7,1,1,0,1,0,0,0,0,2,1,6,2,3,3,0
1630,4,4,407,2016,1,2,12,1,0,1,0,0,0,0,2,4,3,0,3,3,0
1631,1,12,130,2016,2,5,1,1,0,1,0,0,0,0,2,9,1,2,3,3,0
1632,4,5,409,2016,1,7,12,1,1,1,0,0,0,0,3,1,5,0,3,3,0
1633,1,8,123,2016,1,7,18,0,0,1,0,0,0,0,1,2,6,1,3,3,0
1634,4,9,425,2016,2,3,21,1,0,1,0,0,0,0,2,4,2,2,3,3,0
1635,4,8,419,2016,1,7,13,1,0,1,0,0,0,1,3,5,3,0,3,3,0
1636,1,16,137,2016,2,2,15,0,0,1,1,0,0,0,2,6,7,0,3,3,0
1637,4,13,432,2016,2,6,6,1,0,1,0,1,0,0,3,4,1,2,3,3,0
1638,4,10,428,2016,1,2,12,0,0,1,1,0,0,0,2,6,4,0,3,3,0
1639,3,2,312,2016,2,6,8,1,0,1,0,0,0,0,2,5,3,0,3,3,0
1640,2,11,223,2016,1,4,14,1,0,1,0,0,0,0,2,2,6,0,3,3,0
1641,1,11,129,2016,2,4,11,0,0,1,0,0,0,0,1,1,5,0,3,3,0
1642,4,10,428,2016,1,2,13,0,1,1,0,0,0,0,2,3,6,0,3,3,0
1643,2,5,217,2016,2,5,19,0,0,1,1,0,0,0,2,6,4,2,3,2,1
1644,1,15,134,2016,2,3,14,0,0,1,0,0,1,0,2,3,6,0,3,3,0
1645,4,13,432,2016,2,3,17,1,0,1,1,0,0,0,3,6,4,2,3,3,0
1646,1,5,114,2016,1,7,17,1,0,1,0,0,0,0,2,2,6,2,3,3,0
1647,4,12,431,2016,2,2,14,0,0,1,0,0,0,0,1,2,2,0,3,3,0
1648,2,7,219,2016,1,2,9,1,0,1,1,0,0,0,3,6,4,0,3,3,0
1649,6,1,601,2016,2,5,18,0,0,1,1,0,0,0,2,6,3,2,3,3,0
1650,3,8,320,2016,1,4,20,1,1,1,0,0,0,0,3,3,2,2,3,3,0
1651,5,18,526,2016,2,4,19,1,0,1,1,0,0,0,3,6,3,2,3,3,0
1652,5,7,515,2016,2,4,14,0,0,1,0,0,0,0,1,2,6,0,3,3,0
1653,1,8,122,2016,2,6,7,1,0,1,0,0,0,1,3,3,6,1,3,3,0
1654,5,2,507,2016,2,2,9,1,0,1,0,0,0,0,2,2,6,0,3,2,1
1655,3,2,311,2016,1,5,11,0,1,1,0,0,0,0,2,2,6,0,3,3,0
1656,7,16,717,2016,2,1,15,0,0,1,0,0,0,0,1,1,6,0,3,3,0
1657,3,7,319,2016,1,6,17,1,0,0,1,0,0,1,3,6,2,1,3,3,0
1658,1,12,130,2016,2,4,7,0,0,1,1,0,0,0,2,6,3,0,3,3,0
1659,1,19,140,2016,2,6,14,0,0,1,0,0,1,0,2,3,6,0,3,3,0
1660,4,8,423,2016,2,3,15,1,0,1,0,0,0,0,2,2,6,0,3,3,0
1661,1,3,106,2016,1,5,17,0,1,1,0,0,0,0,2,5,3,2,3,3,0
1662,4,9,424,2016,1,6,16,1,0,1,0,0,0,1,3,4,6,1,3,3,0
1663,2,2,207,2016,2,2,16,0,0,1,1,0,0,0,2,0,7,0,3,3,0
1664,4,8,422,2016,1,1,20,1,0,1,0,0,0,0,2,5,3,2,3,3,0
1665,3,6,318,2016,1,2,5,1,0,1,0,0,0,0,2,5,3,2,3,3,0
1666,5,2,507,2016,2,5,21,1,0,1,0,0,0,0,2,5,3,2,3,3,0
1667,2,8,220,2016,1,4,16,1,0,1,0,0,0,1,3,0,7,2,3,3,0
1668,4,5,408,2016,2,4,21,0,0,1,0,0,0,1,2,2,6,2,3,2,1
1669,2,11,223,2016,2,4,16,1,0,1,1,0,0,0,3,6,4,1,3,2,1
1670,5,7,515,2016,2,6,13,0,1,1,0,0,0,0,2,1,5,0,3,3,0
1671,4,3,406,2016,2,2,17,1,0,1,1,0,0,0,3,6,2,2,3,3,0
1672,5,3,511,2016,2,1,19,0,0,1,0,0,0,0,1,3,6,1,3,3,0
1673,5,18,526,2016,2,7,16,0,1,1,0,0,0,0,2,5,3,0,3,3,0
1674,3,3,313,2016,1,2,8,0,0,1,0,0,0,0,1,4,7,0,3,3,0
1675,3,2,311,2016,2,6,10,1,1,0,0,0,0,0,2,3,7,0,3,3,0
1676,5,8,516,2016,1,7,6,1,0,1,1,0,0,0,3,6,3,1,3,3,0
1677,3,2,311,2016,1,2,20,1,0,1,0,1,0,0,3,3,6,2,3,3,0
1678,7,9,710,2016,1,7,14,1,0,1,1,0,0,0,3,6,4,0,3,3,0
1679,1,4,111,2016,1,2,16,1,0,1,0,0,0,0,2,2,6,0,3,3,0
1680,4,2,405,2016,2,5,11,1,1,1,0,0,0,0,3,5,3,0,3,3,0
1681,2,8,220,2016,1,4,13,1,0,1,1,0,0,0,3,6,4,0,3,3,0
1682,2,5,216,2016,2,4,21,0,1,1,0,0,0,0,2,5,3,2,3,3,0
1683,3,5,317,2016,2,4,15,1,1,1,0,0,0,0,3,4,2,0,3,3,0
1684,1,1,102,2016,2,1,17,0,0,0,0,0,0,1,1,0,7,2,3,3,0
1685,4,12,431,2016,2,7,5,0,0,1,1,0,0,0,2,6,7,2,3,3,0
1686,1,3,106,2016,1,2,7,1,0,1,0,1,0,0,3,5,7,2,3,3,0
1687,4,5,409,2016,2,5,7,1,1,0,0,0,0,0,2,3,7,0,3,3,0
1688,5,11,519,2016,2,3,13,0,0,1,0,0,0,0,1,2,6,0,3,3,0
1689,3,3,314,2016,1,7,15,0,1,1,0,0,0,0,2,5,3,0,3,3,0
1690,6,6,607,2016,2,2,19,0,0,1,0,0,1,0,2,1,5,2,3,3,0
1691,1,3,108,2016,2,4,21,1,0,1,0,0,0,0,2,9,1,2,3,3,0
1692,6,1,601,2016,2,3,18,1,1,1,0,0,0,0,3,5,3,2,3,3,0
1693,1,16,137,2016,2,3,6,1,0,1,0,0,0,0,2,5,3,2,3,3,0
1694,3,8,320,2016,2,7,0,1,0,0,0,0,0,1,2,0,7,2,3,3,0
1695,7,2,703,2016,2,6,14,0,0,1,0,0,0,0,1,1,6,0,3,3,0
1696,1,16,137,2016,1,1,18,1,0,1,0,0,0,0,2,2,6,2,3,3,0
1697,3,5,317,2016,2,5,15,0,1,1,0,0,0,0,2,4,2,0,3,3,0
1698,1,5,114,2016,2,5,16,1,0,1,1,0,0,0,3,6,4,0,3,2,1
1699,3,1,304,2016,2,7,13,0,1,1,0,0,0,0,2,2,6,0,3,3,0
1700,5,8,516,2016,2,3,15,0,0,0,1,0,0,1,2,6,4,0,3,2,1
1701,4,7,416,2016,2,3,19,1,0,1,0,0,0,0,2,2,6,2,3,2,1
1702,1,8,125,2016,1,6,14,0,0,1,0,0,0,1,2,2,6,0,3,3,0
1703,5,1,501,2016,2,2,14,0,0,1,0,1,0,0,2,5,3,0,3,3,0
1704,1,1,101,2016,2,2,13,1,1,0,1,0,0,0,3,6,4,0,3,3,0
1705,1,14,132,2016,1,1,11,0,0,1,0,0,0,0,1,1,3,0,3,3,0
1706,5,6,514,2016,2,5,16,1,0,1,0,0,0,0,2,5,3,0,3,3,0
1707,3,7,319,2016,1,4,21,1,1,1,0,0,0,0,3,5,3,2,3,3,0
1708,4,5,408,2016,2,6,19,0,0,1,0,0,0,0,1,1,2,2,3,3,0
1709,5,3,510,2016,1,1,20,1,0,1,0,0,1,0,3,3,6,2,3,3,0
1710,1,3,106,2016,2,6,9,0,1,1,0,0,0,0,2,5,2,0,3,3,0
1711,4,2,405,2016,1,4,14,1,1,1,0,0,0,0,3,5,3,0,3,3,0
1712,1,8,126,2016,2,4,8,1,0,1,0,0,0,0,2,5,3,0,3,3,0
1713,7,1,701,2016,2,6,11,1,1,1,0,0,0,0,3,1,7,0,3,3,0
1714,6,1,601,2016,2,2,7,1,0,1,1,0,0,0,3,6,7,2,3,2,1
1715,1,15,134,2016,1,4,18,1,1,0,0,1,0,0,3,3,7,2,3,3,0
1716,5,7,515,2016,1,6,21,1,0,0,0,1,0,0,2,0,1,2,3,3,0
1717,3,2,312,2016,1,1,12,1,0,1,0,0,0,0,2,1,6,0,3,3,0
1718,4,5,412,2016,1,1,17,1,1,1,0,0,0,0,3,1,5,2,3,3,0
1719,5,11,519,2016,2,5,16,1,0,1,0,0,0,0,2,0,7,0,3,3,0
1720,2,3,209,2016,1,4,13,1,1,1,0,0,0,0,3,5,3,0,3,3,0
1721,4,8,422,2016,2,4,15,0,0,1,0,0,0,0,1,2,2,0,3,3,0
1722,2,11,224,2016,2,4,12,1,1,1,0,0,0,0,3,3,5,0,3,3,0
1723,5,11,519,2016,2,6,23,1,0,1,0,0,0,0,2,2,6,2,3,3,0
1724,2,4,213,2016,2,2,20,1,0,1,0,0,0,0,2,0,7,2,3,3,0
1725,3,8,320,2016,2,1,16,0,1,1,0,0,0,0,2,5,3,1,3,2,1
1726,5,6,514,2016,2,7,11,0,0,1,0,0,0,0,1,3,2,0,3,3,0
1727,5,18,526,2016,2,4,17,1,1,1,0,0,0,0,3,4,2,2,3,2,1
1728,4,11,430,2016,2,4,14,1,0,1,0,0,0,0,2,1,6,0,3,3,0
1729,5,18,526,2016,2,6,12,1,0,1,0,0,1,0,3,2,6,0,3,2,1
1730,2,11,223,2016,2,2,7,0,0,1,0,0,0,0,1,0,7,1,3,3,0
1731,1,15,134,2016,2,1,17,0,0,1,0,0,0,1,2,8,1,2,3,3,0
1732,1,11,128,2016,1,5,12,0,0,1,0,0,0,0,1,2,6,0,3,3,0
1733,4,2,404,2016,2,6,20,1,0,1,0,0,0,0,2,2,6,2,3,3,0
1734,1,11,129,2016,1,7,21,1,0,1,0,0,0,0,2,1,2,2,3,3,0
1735,3,1,310,2016,1,1,19,1,0,1,1,0,0,0,3,6,2,2,3,2,1
1736,3,4,315,2016,2,4,11,0,0,1,0,0,0,0,1,1,6,0,3,3,0
1737,1,5,113,2016,2,4,7,1,0,1,1,0,0,0,3,6,3,0,3,3,0
1738,3,1,304,2016,2,3,10,0,0,1,0,0,0,0,1,2,6,0,3,3,0
1739,1,6,117,2016,2,7,23,0,0,1,0,0,0,0,1,5,7,2,3,2,1
1740,1,4,111,2016,2,7,5,0,1,1,0,0,0,0,2,2,6,2,3,3,0
1741,1,3,105,2016,1,1,14,0,0,0,0,1,0,0,1,9,1,0,3,3,0
1742,1,1,101,2016,1,1,14,0,0,1,0,0,0,0,1,1,6,0,3,3,0
1743,1,16,137,2016,2,5,8,1,1,1,0,0,0,0,3,5,3,0,3,3,0
1744,5,9,517,2016,1,7,14,1,0,1,0,0,0,0,2,4,2,0,3,2,1
1745,5,7,515,2016,1,7,23,1,0,0,1,0,0,1,3,6,7,2,3,3,0
1746,5,6,514,2016,2,3,6,1,0,1,1,0,0,0,3,6,2,2,3,3,0
1747,1,16,137,2016,2,2,17,0,1,1,0,0,0,0,2,3,3,0,3,2,1
1748,1,8,123,2016,2,6,8,1,0,1,0,0,0,1,3,2,6,0,3,3,0
1749,2,1,204,2016,2,6,9,0,0,1,0,0,1,1,3,2,6,0,3,3,0
1750,1,12,130,2016,1,3,17,0,0,1,0,1,0,0,2,4,2,2,3,2,1
1751,1,20,141,2016,2,4,14,0,1,1,0,0,0,0,2,4,6,0,3,3,0
1752,6,2,602,2016,2,4,8,0,1,0,0,0,0,1,2,5,3,0,3,3,0
1753,1,4,112,2016,2,7,1,1,0,1,1,0,0,0,3,6,2,2,3,3,0
1754,5,1,501,2016,2,3,14,0,0,1,0,0,0,0,1,5,3,0,3,3,0
1755,5,5,513,2016,1,4,7,1,1,0,0,0,0,1,3,4,2,1,3,3,0
1756,4,8,423,2016,2,3,18,1,0,1,0,0,0,0,2,5,2,2,3,3,0
1757,5,2,509,2016,1,6,8,0,0,1,0,0,0,0,1,4,2,0,3,3,0
1758,1,4,109,2016,2,2,18,0,0,0,0,0,0,1,1,3,6,2,3,3,0
1759,2,3,210,2016,2,2,18,0,0,1,0,0,0,1,2,3,6,1,3,3,0
1760,4,5,408,2016,3,1,5,1,0,1,0,0,0,0,2,2,6,2,3,3,0
1761,3,8,320,2016,3,7,12,1,0,1,0,0,0,0,2,1,6,0,3,3,0
1762,3,7,319,2016,2,3,11,0,1,0,1,0,0,0,2,6,6,0,3,3,0
1763,7,13,714,2016,2,6,7,1,0,1,0,0,0,0,2,4,6,0,3,3,0
1764,4,10,429,2016,2,1,19,1,1,0,1,0,0,0,3,6,4,2,3,3,0
1765,7,10,711,2016,3,3,7,1,0,1,0,0,0,0,2,2,6,0,3,3,0
1766,4,10,428,2016,2,4,10,0,0,1,0,0,0,1,2,5,3,0,3,3,0
1767,4,10,426,2016,3,3,15,0,0,1,1,0,0,0,2,6,4,0,3,3,0
1768,1,3,108,2016,2,3,8,0,0,1,0,0,0,1,2,5,7,0,3,3,0
1769,3,2,311,2016,2,1,16,0,1,1,0,0,0,0,2,3,6,0,3,3,0
1770,5,5,513,2016,3,6,11,1,0,0,0,1,0,0,2,0,1,0,3,3,0
1771,1,12,130,2016,2,6,8,1,0,1,1,0,0,0,3,6,4,0,3,3,0
1772,6,2,602,2016,2,4,12,0,0,1,1,0,0,0,2,6,5,0,3,3,0
1773,5,8,516,2016,2,1,11,1,0,1,0,0,0,0,2,1,6,0,3,3,0
1774,5,10,518,2016,3,6,12,0,1,1,0,0,0,0,2,5,2,0,3,2,1
1775,4,6,415,2016,2,6,8,1,0,1,0,0,1,0,3,2,6,0,3,3,0
1776,5,3,510,2016,3,3,11,0,1,0,0,0,0,0,1,3,2,0,3,2,1
1777,1,6,117,2016,3,3,9,1,1,0,1,0,0,0,3,6,4,0,3,3,0
1778,4,11,430,2016,3,4,6,1,0,1,0,0,0,1,3,1,6,1,3,3,0
1779,5,12,520,2016,2,4,18,0,0,1,0,0,0,0,1,4,2,2,3,3,0
1780,3,9,321,2016,3,3,8,0,0,1,0,0,0,0,1,1,6,0,3,3,0
1781,1,5,114,2016,2,3,12,1,1,1,0,0,0,0,3,5,3,0,3,3,0
1782,1,12,130,2016,2,7,22,1,0,1,0,0,0,0,2,5,3,2,3,3,0
1783,4,10,427,2016,2,6,18,1,1,0,1,0,0,0,3,6,4,2,3,3,0
1784,2,11,223,2016,2,4,15,0,0,1,0,1,0,0,2,2,2,0,3,2,1
1785,2,1,205,2016,3,6,22,1,0,1,0,0,0,0,2,2,6,2,3,3,0
1786,2,5,215,2016,2,6,17,0,1,1,0,0,0,0,2,5,3,1,3,3,0
1787,5,5,513,2016,2,2,11,0,0,1,0,0,0,0,1,2,6,0,3,3,0
1788,5,18,526,2016,3,2,15,0,1,0,1,0,0,0,2,6,7,0,3,3,0
1789,6,14,615,2016,3,3,12,0,0,0,0,0,1,1,2,4,6,0,3,2,1
1790,4,5,413,2016,2,4,12,0,0,1,0,0,0,0,1,2,6,0,3,3,0
1791,1,11,128,2016,2,3,6,1,0,1,1,0,0,0,3,6,4,2,3,3,0
1792,5,16,524,2016,2,1,13,1,0,1,0,0,0,0,2,5,3,0,3,3,0
1793,1,1,102,2016,3,4,11,0,0,1,0,0,0,0,1,1,6,0,3,3,0
1794,4,4,407,2016,2,4,9,0,1,0,1,0,0,0,2,6,4,0,3,2,1
1795,3,2,311,2016,3,3,8,0,1,1,0,0,0,0,2,5,3,0,3,3,0
1796,2,2,207,2016,2,3,8,0,1,0,1,0,0,0,2,6,4,0,3,3,0
1797,2,4,214,2016,2,7,10,0,1,1,0,0,0,0,2,1,5,0,3,3,0
1798,5,6,514,2016,3,5,5,2,0,1,0,0,0,0,3,9,1,2,3,2,1
1799,3,6,318,2016,2,6,8,1,1,1,0,0,0,0,3,5,3,0,3,3,0
1800,4,6,414,2016,2,4,18,0,1,1,0,0,0,0,2,4,2,2,3,3,0
1801,4,7,416,2016,2,2,19,0,1,1,0,0,0,0,2,1,5,2,3,3,0
1802,1,12,130,2016,3,1,14,0,0,1,1,0,0,0,2,6,4,0,3,2,1
1803,3,9,321,2016,3,7,5,1,0,1,0,0,0,0,2,5,2,2,3,3,0
1804,5,10,518,2016,2,3,12,0,0,1,1,0,0,0,2,6,3,0,3,3,0
1805,1,4,112,2016,2,7,18,1,0,1,0,0,0,0,2,1,6,2,3,3,0
1806,3,9,321,2016,2,1,19,1,0,1,1,0,0,0,3,6,4,2,3,1,1
1807,3,6,318,2016,2,6,15,0,0,1,0,0,0,0,1,2,2,0,3,3,0
1808,2,5,215,2016,3,4,7,0,0,1,0,0,0,1,2,5,2,0,3,3,0
1809,3,4,316,2016,3,5,19,1,0,1,0,0,0,0,2,1,7,2,3,3,0
1810,4,2,403,2016,2,6,18,0,0,1,1,0,0,0,2,6,3,2,3,3,0
1811,2,9,221,2016,2,4,7,0,1,1,0,0,0,0,2,5,3,0,3,3,0
1812,1,3,108,2016,2,2,10,0,0,1,0,1,0,0,2,2,6,0,3,3,0
1813,4,1,402,2016,3,1,14,0,0,1,0,0,0,1,2,5,3,0,3,3,0
1814,1,4,111,2016,3,7,23,0,0,0,1,0,0,1,2,6,7,2,3,3,0
1815,3,1,309,2016,2,7,20,0,0,1,1,0,0,0,2,6,2,2,3,3,0
1816,2,5,216,2016,2,5,8,0,1,1,0,0,0,0,2,0,3,0,3,3,0
1817,2,1,203,2016,2,3,12,1,0,1,0,0,0,0,2,5,3,0,3,3,0
1818,1,6,117,2016,2,6,21,0,0,1,0,0,0,0,1,3,6,2,3,3,0
1819,3,1,301,2016,2,1,11,0,0,1,0,0,0,0,1,5,3,0,3,3,0
1820,6,2,602,2016,3,3,7,0,1,0,1,0,0,0,2,6,3,0,3,3,0
1821,1,16,137,2016,3,5,9,0,0,1,0,0,1,0,2,4,6,0,3,3,0
1822,3,3,313,2016,2,4,15,0,1,0,0,0,0,1,2,0,3,0,3,3,0
1823,4,10,427,2016,3,3,9,1,0,1,0,0,0,0,2,2,6,0,3,3,0
1824,7,16,717,2016,2,2,6,1,1,1,0,0,0,0,3,5,3,2,3,3,0
1825,7,4,705,2016,2,7,18,0,0,1,0,1,0,0,2,4,1,2,3,2,1
1826,4,9,424,2016,3,6,14,0,0,1,0,0,0,1,2,2,6,0,3,3,0
1827,5,2,507,2016,2,6,18,1,0,1,0,0,1,0,3,1,6,2,3,3,0
1828,5,7,515,2016,2,4,7,2,0,1,0,0,0,0,3,8,1,0,3,3,0
1829,5,8,516,2016,2,1,14,1,0,1,0,0,0,0,2,0,5,0,3,3,0
1830,1,4,112,2016,2,4,8,0,1,1,0,0,0,0,2,5,3,0,3,3,0
1831,5,7,515,2016,3,3,12,0,1,1,0,0,0,0,2,5,2,0,3,3,0
1832,6,14,615,2016,2,2,13,1,1,1,0,0,0,0,3,5,3,0,3,2,1
1833,4,8,423,2016,3,7,14,1,0,1,0,0,0,0,2,2,6,0,3,3,0
1834,4,8,423,2016,2,1,16,0,1,1,0,0,0,0,2,4,2,0,3,3,0
1835,1,11,128,2016,3,6,23,0,0,1,1,0,0,1,3,9,4,2,3,3,0
1836,1,16,136,2016,2,6,16,1,0,1,0,0,1,0,3,5,2,0,3,3,0
1837,3,3,314,2016,2,5,15,1,0,1,0,0,1,0,3,3,7,0,3,3,0
1838,4,5,411,2016,2,1,12,1,0,1,0,0,0,0,2,5,3,0,3,3,0
1839,5,12,520,2016,2,6,19,1,0,1,0,0,0,0,2,8,1,2,3,2,1
1840,5,18,526,2016,3,3,12,0,0,1,0,0,0,0,1,9,6,0,3,3,0
1841,3,9,321,2016,3,4,16,1,0,1,0,0,0,0,2,2,6,0,3,3,0
1842,1,4,111,2016,2,4,8,0,0,1,0,0,0,0,1,5,3,0,3,3,0
1843,2,8,220,2016,3,3,9,0,0,1,0,0,0,0,1,5,2,0,3,3,0
1844,1,12,130,2016,2,2,6,1,0,1,0,0,0,1,3,1,7,1,3,3,0
1845,1,1,101,2016,2,3,15,1,0,1,1,0,0,0,3,6,4,0,3,2,1
1846,5,7,515,2016,2,7,15,0,0,1,0,0,0,0,1,5,3,0,3,3,0
1847,2,1,203,2016,2,6,11,1,0,1,0,0,0,1,3,0,6,0,3,3,0
1848,2,8,220,2016,2,4,11,0,0,1,0,1,0,0,2,5,3,0,3,3,0
1849,7,1,702,2016,3,5,9,0,1,0,0,0,1,0,2,5,2,0,3,1,1
1850,2,4,211,2016,2,6,6,1,0,1,0,0,0,0,2,2,6,2,3,3,0
1851,1,5,114,2016,2,4,19,0,0,1,0,0,0,0,1,2,6,2,3,3,0
1852,2,5,215,2016,3,6,14,0,1,1,0,0,0,0,2,5,3,0,3,3,0
1853,3,8,320,2016,3,3,18,1,0,1,0,0,0,0,2,1,2,2,3,3,0
1854,1,12,130,2016,2,2,15,0,0,1,0,0,0,0,1,2,6,0,3,3,0
1855,2,4,214,2016,3,3,20,1,0,1,1,0,0,0,3,6,2,2,3,2,1
1856,1,17,138,2016,3,4,7,1,0,1,0,0,0,0,2,1,6,0,3,3,0