SN,District,Imperial_Circle,Community,Year,Month,Weekday,Hour,Road,Cycle,Car,Pedestrians,Motorcycle,Goods Vehicle,Others,Total,Collision Type,Accident Type,Light Condition,Road Condition,Accident_Severity,Severity
3388,2,9,221,2016,6,6,10,0,1,1,0,0,0,0,2,1,5,0,3,3,0
3389,3,9,321,2016,5,7,14,0,0,1,0,1,0,0,2,2,6,0,3,2,1
3390,5,4,512,2016,6,2,13,0,0,1,0,0,1,0,2,2,6,0,3,3,0
3391,5,11,519,2016,5,6,16,0,0,1,0,0,0,0,1,5,3,0,3,3,0
3392,1,4,112,2016,5,3,20,0,0,1,0,1,0,0,2,3,2,1,3,3,0
3393,2,3,210,2016,6,6,23,0,0,1,0,0,0,0,1,2,6,2,3,3,0
3394,5,7,515,2016,6,3,10,0,0,1,0,0,0,0,1,2,6,0,3,3,0
3395,2,3,210,2016,6,3,12,0,0,1,0,0,0,0,1,2,2,0,3,3,0
3396,2,3,210,2016,5,6,19,0,1,1,0,0,0,0,2,5,3,0,3,3,0
3397,1,1,102,2016,5,3,12,0,1,0,0,0,0,1,2,6,7,0,3,3,0
3398,4,8,418,2016,6,7,19,0,0,1,1,0,0,0,2,6,4,0,3,3,0
3399,3,6,318,2016,5,5,19,1,0,1,0,0,0,0,2,5,3,0,3,3,0
3400,1,4,111,2016,6,5,9,0,0,1,0,1,0,0,2,3,7,0,3,2,1
3401,1,14,132,2016,6,1,9,0,1,0,0,0,0,0,1,5,3,0,3,3,0
3402,5,7,515,2016,5,2,7,0,1,0,0,0,0,1,2,5,2,0,3,3,0
3403,5,3,511,2016,5,3,11,0,1,0,0,0,0,0,1,5,3,0,3,3,0
3404,1,5,113,2016,6,5,15,0,0,1,0,1,0,0,2,1,6,0,3,3,0
3405,5,11,519,2016,5,6,5,1,0,1,0,1,0,0,3,0,6,0,3,3,0
3406,1,4,112,2016,6,5,5,0,0,1,0,0,0,1,2,5,3,0,3,3,0
3407,5,4,512,2016,6,1,12,0,0,1,0,0,0,1,2,2,6,0,3,3,0
3408,6,9,610,2016,5,2,14,0,0,0,0,0,1,0,1,0,7,0,3,3,0
3409,5,6,514,2016,5,3,15,0,0,0,0,1,0,1,2,2,6,0,3,3,0
3410,3,3,313,2016,6,5,18,0,0,1,1,0,0,0,2,6,7,0,3,3,0
3411,3,3,313,2016,5,1,20,0,0,1,0,0,0,1,2,3,6,0,3,3,0
3412,4,12,431,2016,5,6,17,0,1,1,1,0,0,0,3,6,7,0,3,3,0
3413,2,5,217,2016,6,6,10,0,0,1,0,0,0,0,1,5,3,0,3,3,0
3414,2,11,223,2016,5,7,20,0,0,1,0,0,0,0,1,3,6,0,3,3,0
3415,5,3,511,2016,6,2,8,0,0,1,0,0,0,0,1,4,2,0,3,3,0
3416,1,1,102,2016,5,3,17,0,0,1,0,0,0,1,2,0,6,0,3,3,0
3417,1,1,102,2016,6,6,15,0,0,1,0,0,0,1,2,5,6,0,3,3,0
3418,7,14,715,2016,6,2,15,0,1,0,0,0,0,1,2,5,2,0,3,2,1
3419,2,2,207,2016,5,6,13,1,1,1,0,0,0,0,3,5,3,0,3,2,1
3420,3,7,319,2016,5,5,16,1,0,1,0,1,0,0,3,1,3,0,3,3,0
3421,7,10,711,2016,6,4,15,0,1,1,0,0,0,0,2,5,3,0,3,3,0
3422,2,1,203,2016,5,2,23,0,0,1,0,1,0,0,2,3,2,2,3,3,0
3423,5,18,526,2016,5,3,11,0,1,1,0,0,0,0,2,5,3,0,3,3,0
3424,5,18,526,2016,6,4,20,0,0,1,0,0,0,0,1,2,6,0,3,3,0
3425,4,4,407,2016,5,6,7,1,1,1,0,0,0,0,3,5,2,0,3,3,0
3426,4,2,404,2016,6,6,18,0,1,0,1,0,0,0,2,0,7,0,3,2,1
3427,2,11,223,2016,5,7,18,0,0,1,0,0,0,0,1,9,7,0,3,3,0
3428,1,3,105,2016,5,3,8,0,1,1,0,0,0,0,2,3,2,0,3,3,0
3429,5,7,515,2016,6,5,7,0,0,1,0,0,0,1,2,5,3,0,3,3,0
3430,2,3,210,2016,6,6,11,0,1,0,1,0,0,1,3,0,6,0,3,3,0
3431,2,14,227,2016,5,7,13,0,1,0,0,0,0,0,1,0,7,0,3,3,0
3432,4,10,429,2016,6,2,14,0,1,0,0,0,0,0,1,0,7,0,3,3,0
3433,7,1,702,2016,5,2,16,1,0,1,1,0,0,0,3,6,4,0,3,3,0
3434,6,2,602,2016,6,5,7,0,1,1,0,0,0,0,2,4,6,0,3,3,0
3435,5,2,507,2016,5,3,7,0,1,1,0,0,0,0,2,5,3,0,3,3,0
3436,3,1,303,2016,5,5,16,1,1,1,0,0,0,0,3,5,3,0,3,3,0
3437,6,2,603,2016,6,4,20,1,1,0,0,0,0,1,3,0,7,1,3,3,0
3438,1,4,112,2016,5,1,2,0,0,1,1,0,0,0,2,6,7,2,3,3,0
3439,1,1,102,2016,6,6,16,0,1,0,1,0,0,0,2,6,6,0,3,3,0
3440,5,4,512,2016,6,4,18,0,0,0,0,1,0,0,1,0,7,0,3,3,0
3441,5,18,526,2016,6,6,15,0,1,1,0,0,0,0,2,5,3,0,3,2,1
3442,3,1,308,2016,6,4,0,0,1,0,0,0,0,0,1,0,7,2,3,3,0
3443,2,8,220,2016,5,7,18,0,0,1,0,1,0,0,2,3,2,0,3,2,1
3444,1,16,136,2016,5,2,9,0,0,0,0,0,0,1,1,0,1,0,3,3,0
3445,2,5,215,2016,6,7,23,0,1,1,0,0,0,0,2,5,3,2,3,3,0
3446,3,5,317,2016,5,5,11,1,0,1,0,0,0,0,2,2,6,0,3,3,0
3447,5,7,515,2016,6,1,18,0,1,1,0,0,0,0,2,1,5,0,3,3,0
3448,5,7,515,2016,5,3,9,0,0,1,0,0,0,0,1,5,7,0,3,3,0
3449,3,9,321,2016,6,5,11,0,1,1,0,0,0,0,2,5,3,0,3,3,0
3450,1,12,130,2016,6,4,19,0,0,1,0,0,0,0,1,5,3,0,3,3,0
3451,1,1,101,2016,5,1,17,0,0,1,0,1,0,0,2,4,2,0,3,3,0
3452,4,10,429,2016,5,3,9,0,0,1,1,0,0,0,2,6,2,0,3,3,0
3453,2,1,203,2016,5,5,12,0,0,1,0,0,0,0,1,3,6,0,3,3,0
3454,1,12,130,2016,6,4,15,0,0,1,0,0,0,1,2,4,2,0,3,3,0
3455,7,13,714,2016,5,7,11,0,1,1,0,0,0,0,2,5,3,0,3,2,1
3456,1,5,113,2016,6,6,11,0,0,1,1,0,0,0,2,6,4,0,3,2,1
3457,3,9,321,2016,6,4,9,0,1,1,0,0,0,0,2,1,5,0,3,2,1
3458,3,1,307,2016,5,7,16,0,0,1,0,0,0,0,1,3,6,0,3,2,1
3459,4,4,407,2016,5,6,6,1,0,1,0,0,0,0,2,4,2,0,3,3,0
3460,5,8,516,2016,6,6,15,0,0,1,0,0,0,0,1,4,2,0,3,3,0
3461,1,12,130,2016,6,3,13,0,1,1,0,0,0,0,2,3,6,0,3,2,1
3462,2,3,210,2016,5,7,10,0,1,0,0,0,0,0,1,5,3,0,3,3,0
3463,4,5,412,2016,6,3,7,0,1,0,0,0,0,0,1,1,6,0,3,3,0
3464,6,7,608,2016,5,2,13,0,0,1,0,0,0,0,1,8,1,0,3,3,0
3465,2,7,219,2016,6,7,15,0,0,1,0,0,0,0,1,3,6,0,3,3,0
3466,3,3,314,2016,5,5,18,0,1,0,1,0,0,0,2,6,7,0,3,3,0
3467,5,18,526,2016,6,4,18,0,0,1,1,0,0,0,2,6,4,0,3,3,0
3468,5,12,520,2016,6,1,12,0,0,1,0,1,0,0,2,1,6,0,3,3,0
3469,1,16,137,2016,5,2,14,0,0,1,0,0,0,0,1,5,3,0,3,3,0
3470,4,11,430,2016,5,3,9,0,0,1,0,0,0,0,1,2,6,0,3,3,0
3471,3,1,306,2016,6,5,16,0,1,1,0,0,0,0,2,5,2,0,3,3,0
3472,5,18,526,2016,6,4,13,0,0,0,0,1,0,1,2,1,7,0,3,3,0
3473,5,6,514,2016,5,7,8,0,0,1,0,0,0,0,1,4,2,0,3,3,0
3474,4,10,427,2016,5,6,14,0,0,1,0,0,0,0,1,5,3,0,3,2,1
3475,1,17,138,2016,6,6,9,0,1,1,0,0,0,0,2,1,2,0,3,2,1
3476,1,4,111,2016,5,7,0,0,1,1,0,0,0,0,2,5,2,2,3,3,0
3477,5,12,520,2016,6,2,12,0,0,1,0,0,0,0,1,3,6,0,3,3,0
3478,4,6,415,2016,5,6,14,0,1,1,0,0,0,0,2,4,2,0,3,3,0
3479,5,3,511,2016,5,2,15,0,0,1,0,0,0,0,1,5,2,0,3,3,0
3480,3,1,309,2016,6,6,12,0,0,1,0,0,0,1,2,0,2,0,3,3,0
3481,5,15,523,2016,6,3,17,1,1,1,0,0,0,0,3,5,3,0,3,2,1
3482,3,5,317,2016,6,4,16,0,1,1,0,0,0,0,2,4,2,0,3,3,0
3483,1,4,111,2016,5,7,4,0,0,1,1,0,0,0,2,6,4,1,3,2,1
3484,4,6,415,2016,5,6,14,0,0,1,0,1,0,0,2,3,5,0,3,3,0
3485,2,5,215,2016,6,6,12,0,1,1,0,0,0,0,2,5,3,0,3,3,0
3486,5,3,511,2016,6,3,13,0,0,1,0,0,0,0,1,5,3,0,3,2,1
3487,3,7,319,2016,6,3,18,0,1,0,0,0,0,0,1,0,7,0,3,3,0
3488,5,5,513,2016,5,2,18,0,0,1,0,0,0,0,1,5,3,0,3,3,0
3489,3,1,306,2016,6,7,14,0,1,1,0,0,0,0,2,3,2,0,3,3,0
3490,1,5,114,2016,5,5,18,0,0,1,1,0,0,0,2,6,6,0,3,3,0
3491,5,4,512,2016,6,4,16,0,1,1,0,0,0,0,2,5,3,0,3,3,0
3492,4,13,432,2016,6,1,17,0,0,1,0,0,0,0,1,5,3,0,3,3,0
3493,6,1,601,2016,5,2,9,0,0,1,1,0,0,0,2,6,2,0,3,3,0
3494,5,9,517,2016,5,3,16,0,1,1,0,0,0,0,2,5,3,0,3,2,1
3495,1,4,112,2016,6,5,19,0,0,1,0,0,0,0,1,5,3,1,3,3,0
3496,4,7,416,2016,5,6,18,0,1,0,0,0,0,0,1,4,6,0,3,3,0
3497,1,17,138,2016,6,6,14,0,0,0,0,1,0,0,1,0,1,0,3,2,1
3498,1,3,108,2016,5,7,20,0,0,1,1,0,0,0,2,6,7,0,3,3,0
3499,5,17,525,2016,6,2,14,0,1,1,0,0,0,0,2,0,7,0,3,3,0
3500,5,7,515,2016,5,2,19,1,1,1,0,0,0,0,3,5,3,0,3,3,0
3501,7,9,710,2016,6,5,5,0,0,1,1,0,0,0,2,6,7,0,3,3,0
3502,6,1,601,2016,6,2,7,0,1,0,0,0,0,1,2,5,3,0,3,3,0
3503,1,5,114,2016,5,6,12,0,1,1,0,0,0,0,2,4,2,0,3,3,0
3504,7,11,712,2016,5,5,5,1,1,0,0,0,0,0,2,4,6,0,3,3,0
3505,5,2,509,2016,6,4,23,0,1,1,0,0,0,0,2,1,7,2,3,3,0
3506,4,12,431,2016,5,3,20,0,1,0,1,0,0,0,2,0,6,0,3,3,0
3507,7,14,715,2016,6,5,19,1,0,0,0,1,0,0,2,0,1,0,3,2,1
3508,1,4,112,2016,6,3,21,0,1,1,0,0,0,0,2,5,2,0,3,3,0
3509,1,5,114,2016,5,6,9,0,0,1,0,1,0,0,2,1,7,0,3,3,0
3510,7,11,712,2016,5,4,16,0,1,0,0,0,0,1,2,0,7,0,3,3,0
3511,5,7,515,2016,6,4,16,0,0,1,0,0,0,0,1,5,3,0,3,3,0
3512,4,13,432,2016,6,1,10,0,1,1,0,0,0,0,2,5,3,0,3,3,0
3513,4,12,431,2016,5,2,7,0,0,1,0,1,0,0,2,5,2,0,3,2,1
3514,4,11,430,2016,5,3,16,0,1,1,0,0,0,0,2,3,6,0,3,3,0
3515,7,1,702,2016,6,4,11,0,1,0,1,0,0,0,2,6,6,0,3,3,0
3516,4,7,416,2016,5,6,10,0,0,1,0,0,1,0,2,5,3,0,3,3,0
3517,1,16,136,2016,6,5,12,1,1,1,0,0,0,0,3,0,3,0,3,3,0
3518,1,20,141,2016,5,6,7,0,1,1,0,0,0,0,2,4,2,0,3,3,0
3519,4,8,420,2016,6,2,8,0,1,0,0,0,0,1,2,5,2,0,3,3,0
3520,5,7,515,2016,5,2,16,1,0,1,1,0,0,0,3,6,7,0,3,3,0
3521,1,11,129,2016,6,5,8,0,0,1,0,0,0,1,2,5,3,0,3,3,0
3522,4,12,431,2016,5,3,16,0,1,1,0,0,0,0,2,2,6,0,3,3,0
3523,1,12,130,2016,5,4,1,0,0,1,0,0,0,0,1,8,5,2,3,3,0
3524,4,10,429,2016,6,4,17,0,1,1,0,0,0,0,2,5,3,0,3,3,0
3525,4,9,424,2016,5,7,2,0,0,1,0,0,0,0,1,5,3,2,3,3,0
3526,1,11,128,2016,6,5,8,0,0,1,0,0,0,0,1,3,6,0,3,3,0
3527,4,10,426,2016,6,4,14,0,1,0,0,0,0,1,2,1,5,0,3,3,0
3528,6,2,603,2016,5,6,12,0,1,1,0,0,0,0,2,5,3,0,3,3,0
3529,3,8,320,2016,5,6,10,0,0,1,0,1,0,0,2,0,7,0,3,3,0
3530,5,3,510,2016,6,6,9,0,0,1,0,0,1,0,2,5,3,0,3,3,0
3531,2,1,203,2016,6,4,17,0,1,0,1,0,0,0,2,6,7,0,3,3,0
3532,1,12,130,2016,5,6,14,0,0,1,0,0,0,0,1,8,7,0,3,2,1
3533,5,18,526,2016,6,4,7,0,1,1,0,0,0,0,2,5,3,0,3,3,0
3534,3,9,321,2016,5,6,7,1,0,0,0,1,0,1,3,0,7,0,3,3,0
3535,1,13,131,2016,6,5,9,1,0,1,1,0,0,0,3,6,4,0,3,3,0
3536,1,12,130,2016,5,6,17,0,0,1,0,0,0,0,1,2,6,0,3,3,0
3537,3,9,321,2016,6,2,18,0,1,1,0,0,0,0,2,1,5,0,3,3,0
3538,4,13,432,2016,5,2,17,0,1,0,0,0,0,0,1,3,6,0,3,3,0
3539,2,1,203,2016,6,7,18,0,1,1,0,0,0,0,2,5,2,0,3,3,0
3540,1,6,118,2016,5,4,19,0,0,1,0,0,0,0,1,3,6,0,3,3,0
3541,5,10,518,2016,6,5,8,0,0,1,0,0,0,0,1,5,7,0,3,3,0
3542,4,5,413,2016,5,3,12,0,0,1,0,0,0,0,1,2,6,0,3,3,0
3543,4,5,413,2016,6,5,8,0,1,1,0,0,0,0,2,4,2,0,3,3,0
3544,5,6,514,2016,5,4,11,0,0,1,0,0,0,1,2,4,2,0,3,3,0
3545,5,9,517,2016,6,4,16,0,0,1,0,0,0,0,1,2,6,0,3,3,0
3546,5,14,522,2016,5,7,8,0,1,1,0,0,0,0,2,4,2,0,3,3,0
3547,1,6,118,2016,6,5,17,0,0,1,0,0,0,0,1,4,3,0,3,3,0
3548,3,8,320,2016,6,4,8,0,1,0,0,0,0,0,1,0,7,0,3,3,0
3549,1,8,122,2016,5,6,9,0,0,1,0,1,0,0,2,5,7,0,3,3,0
3550,2,14,227,2016,5,6,17,0,0,1,0,0,0,0,1,5,3,0,3,3,0
3551,4,5,411,2016,6,6,12,0,0,1,0,0,0,1,2,2,6,0,3,3,0
3552,5,18,526,2016,6,3,14,0,0,1,0,0,0,0,1,3,2,0,3,3,0
3553,3,9,321,2016,6,3,13,0,0,0,0,1,0,0,1,1,2,0,3,3,0
3554,5,12,520,2016,5,2,16,1,1,1,0,0,0,0,3,1,5,0,3,3,0
3555,2,4,212,2016,6,7,14,0,1,1,0,0,0,0,2,5,2,0,3,3,0
3556,4,4,407,2016,5,4,7,0,1,1,0,0,0,0,2,0,3,0,3,3,0
3557,5,10,518,2016,6,4,13,0,0,1,0,0,0,0,1,5,3,0,3,3,0
3558,4,10,427,2016,6,1,22,0,0,1,0,0,0,0,1,9,1,2,3,2,1
3559,6,2,602,2016,5,2,16,1,1,1,0,0,0,0,3,3,2,0,3,3,0
3560,4,5,413,2016,5,3,8,0,1,1,0,0,0,0,2,5,3,0,3,3,0
3561,3,1,303,2016,6,5,12,0,0,1,0,1,0,0,2,2,6,0,3,3,0
3562,4,4,407,2016,5,2,8,1,0,1,0,0,0,0,2,5,3,0,3,3,0
3563,3,3,313,2016,6,7,12,0,0,1,0,0,0,0,1,5,3,0,3,3,0
3564,4,10,427,2016,5,4,16,0,0,1,0,0,1,0,2,2,6,0,3,3,0
3565,3,9,321,2016,6,1,12,0,1,1,0,0,0,0,2,4,2,0,3,3,0
3566,4,7,416,2016,5,3,15,0,1,0,0,1,0,0,2,5,2,0,3,3,0
3567,2,8,220,2016,6,5,0,0,0,1,0,0,0,0,1,4,2,2,3,3,0
3568,5,17,525,2016,6,4,12,0,1,1,0,0,0,0,2,4,6,0,3,3,0
3569,5,1,504,2016,5,7,23,0,0,1,0,0,0,1,2,1,5,2,3,3,0
3570,1,6,115,2016,5,6,14,0,0,1,1,0,0,0,2,6,4,0,3,3,0
3571,2,8,220,2016,5,6,18,0,0,0,1,0,0,1,2,6,7,0,3,3,0
3572,2,5,215,2016,5,2,10,0,0,1,0,0,1,0,2,5,3,0,3,3,0
3573,4,2,403,2016,6,6,15,0,0,1,1,0,0,0,2,6,6,0,3,3,0
3574,4,9,425,2016,6,3,14,0,0,0,0,0,1,1,2,5,2,0,3,3,0
3575,2,1,201,2016,6,3,15,1,1,1,0,0,0,0,3,4,2,0,3,3,0
3576,2,7,219,2016,5,2,8,0,0,1,0,0,0,0,1,2,6,0,3,3,0
3577,1,4,112,2016,6,7,18,0,0,1,0,0,0,0,1,5,7,0,3,3,0
3578,4,6,415,2016,5,4,20,0,0,1,0,0,0,0,1,1,6,0,3,2,1
3579,4,12,431,2016,6,4,17,0,1,1,0,0,0,0,2,4,3,0,3,3,0
3580,3,1,303,2016,6,1,20,1,0,1,0,1,0,0,3,0,1,0,3,3,0
3581,5,3,511,2016,5,2,7,0,1,1,0,0,0,0,2,4,2,0,3,3,0
3582,2,11,223,2016,5,3,15,0,1,1,0,0,0,0,2,5,2,0,3,3,0
3583,1,1,101,2016,6,5,11,0,1,0,1,0,0,0,2,0,4,0,3,3,0
3584,2,5,217,2016,5,6,17,0,1,1,0,0,0,0,2,5,3,0,3,3,0
3585,5,18,526,2016,6,5,14,0,0,1,1,0,0,0,2,6,4,0,3,2,1
3586,4,9,425,2016,5,6,14,0,1,1,0,0,0,0,2,3,2,0,3,3,0
3587,2,5,215,2016,6,2,12,0,0,1,0,0,1,1,3,0,7,0,3,3,0
3588,4,12,431,2016,6,4,16,0,1,1,0,0,0,0,2,4,2,0,3,3,0
3589,3,9,321,2016,5,7,19,0,0,1,0,0,0,1,2,1,7,0,3,3,0
3590,2,1,202,2016,5,6,22,1,1,0,0,1,0,0,3,5,2,2,3,3,0
3591,4,9,425,2016,6,5,23,1,0,1,0,0,0,0,2,1,7,2,3,3,0
3592,5,7,515,2016,5,6,9,0,0,1,0,0,0,0,1,5,3,0,3,3,0
3593,3,6,318,2016,6,2,15,0,0,1,0,0,0,1,2,2,6,0,3,3,0
3594,2,4,213,2016,5,6,17,0,1,1,0,0,0,0,2,1,5,0,3,3,0
3595,3,7,319,2016,5,2,9,0,0,1,0,0,0,0,1,2,2,0,3,3,0
3596,1,4,110,2016,6,6,21,0,1,1,0,0,0,0,2,5,3,2,3,3,0
3597,1,5,114,2016,6,3,15,0,0,1,0,0,0,1,2,3,7,0,3,3,0
3598,7,9,710,2016,5,5,22,0,1,1,0,0,0,0,2,5,3,2,3,2,1
3599,4,7,416,2016,5,4,19,0,0,1,0,0,0,0,1,1,6,1,3,3,0
3600,4,7,416,2016,6,4,16,0,0,1,0,0,0,0,1,2,6,0,3,3,0
3601,3,1,307,2016,5,2,16,1,1,1,0,0,0,0,3,3,2,0,3,3,0
3602,2,1,201,2016,5,3,23,0,0,1,0,1,0,0,2,4,2,2,3,3,0
3603,1,11,128,2016,6,4,17,0,1,1,0,0,0,0,2,5,3,0,3,3,0
3604,2,4,211,2016,5,6,16,0,0,1,0,0,0,1,2,4,6,0,3,3,0
3605,5,7,515,2016,6,5,19,0,1,1,0,0,0,0,2,3,2,0,3,3,0
3606,5,13,521,2016,5,6,16,0,1,1,0,0,0,0,2,5,2,0,3,3,0
3607,1,5,114,2016,6,2,16,0,1,1,0,0,0,0,2,5,3,0,3,2,1
3608,3,5,317,2016,5,2,17,0,0,1,0,0,0,0,1,2,6,0,3,3,0
3609,5,18,526,2016,6,5,14,0,1,0,1,0,0,0,2,6,6,0,3,3,0
3610,3,2,312,2016,5,3,9,0,0,1,0,0,0,0,1,2,6,0,3,3,0
3611,2,7,219,2016,5,4,16,0,0,1,0,0,0,0,1,2,6,0,3,3,0
3612,4,6,415,2016,6,4,22,0,0,1,0,0,0,0,1,8,1,2,3,3,0
3613,3,1,308,2016,5,2,9,0,0,1,0,0,1,0,2,3,6,0,3,3,0
3614,6,1,601,2016,6,5,13,0,1,1,0,0,0,0,2,0,3,0,3,3,0
3615,2,5,217,2016,5,4,15,0,0,1,0,0,0,0,1,4,2,0,3,3,0
3616,3,9,321,2016,5,7,19,0,1,1,0,0,0,0,2,4,6,0,3,3,0
3617,2,2,207,2016,5,3,18,0,0,1,0,0,0,0,1,3,6,0,3,3,0
3618,5,7,515,2016,6,5,16,0,1,1,0,0,0,0,2,5,3,0,3,3,0
3619,5,5,513,2016,6,4,11,0,0,1,1,0,0,0,2,6,4,0,3,3,0
3620,1,4,111,2016,5,6,19,0,0,1,0,0,0,0,1,2,6,0,3,3,0
3621,5,9,517,2016,6,5,10,1,1,1,0,0,0,0,3,5,2,0,3,3,0
3622,5,6,514,2016,6,6,17,0,0,1,0,1,0,0,2,5,3,0,3,3,0
3623,3,5,317,2016,6,4,15,0,0,1,0,1,0,0,2,3,6,0,3,3,0
3624,4,5,413,2016,5,6,13,0,1,0,0,0,0,1,2,0,7,0,3,3,0
3625,1,19,140,2016,5,1,13,0,0,1,0,1,0,0,2,5,3,0,3,2,1
3626,1,17,138,2016,6,7,19,0,0,1,0,0,0,0,1,2,2,0,3,3,0
3627,3,1,310,2016,5,4,18,0,1,1,0,0,0,0,2,5,2,0,3,3,0
3628,1,16,137,2016,6,7,16,0,1,0,0,0,0,0,1,0,7,0,3,2,1
3629,1,1,101,2016,5,3,16,0,0,1,0,0,0,0,1,1,6,0,3,3,0
3630,4,10,427,2016,6,5,18,0,1,0,0,0,0,1,2,3,6,0,3,3,0
3631,1,4,111,2016,5,4,9,0,0,1,1,0,0,0,2,6,2,0,3,3,0
3632,4,6,415,2016,6,4,16,0,1,1,0,0,0,0,2,5,2,0,3,3,0
3633,2,9,221,2016,5,7,14,0,1,1,0,0,0,0,2,5,2,0,3,3,0
3634,3,1,303,2016,6,4,19,0,1,1,0,0,0,0,2,0,7,0,3,3,0
3635,4,5,411,2016,5,6,12,0,1,0,0,0,0,0,1,3,6,0,3,3,0
3636,1,3,107,2016,5,6,7,1,1,1,0,0,0,0,3,4,2,0,3,3,0
3637,4,2,403,2016,5,7,17,0,0,1,0,1,0,0,2,1,5,0,3,3,0
3638,4,5,413,2016,6,5,17,0,1,1,0,0,0,0,2,5,3,0,3,3,0
3639,4,8,421,2016,6,4,20,0,1,0,0,0,0,0,1,5,3,0,3,3,0
3640,4,5,409,2016,5,6,18,0,1,1,0,0,0,0,2,5,3,0,3,3,0
3641,1,5,114,2016,5,6,11,0,0,1,0,0,0,0,1,3,6,0,3,3,0
3642,4,11,430,2016,6,6,6,0,1,1,0,0,0,0,2,5,3,0,3,3,0
3643,7,8,709,2016,6,3,16,0,0,1,0,0,0,0,1,2,6,0,3,3,0
3644,4,6,414,2016,5,6,13,0,1,0,0,0,0,1,2,4,6,0,3,3,0
3645,4,11,430,2016,6,3,21,0,0,1,0,0,0,0,1,4,2,0,3,3,0
3646,1,13,131,2016,5,1,15,0,0,0,0,1,0,0,1,0,7,0,3,3,0
3647,7,2,703,2016,6,6,15,0,0,1,0,0,0,0,1,2,2,0,3,3,0
3648,7,4,705,2016,5,3,13,0,0,1,0,1,0,0,2,4,2,0,3,3,0
3649,2,9,221,2016,6,4,13,0,1,1,0,0,0,0,2,4,2,0,3,3,0
3650,1,11,129,2016,6,7,18,0,1,1,0,0,0,0,2,0,2,0,3,3,0
3651,1,1,102,2016,5,3,9,0,1,0,0,0,0,1,2,1,5,0,3,2,1
3652,4,1,401,2016,6,5,8,0,1,0,0,0,0,0,1,5,3,0,3,2,1
3653,2,3,210,2016,6,4,12,0,1,0,0,0,0,0,1,0,6,0,3,3,0
3654,3,5,317,2016,5,7,13,0,0,1,0,1,0,0,2,5,3,0,3,3,0
3655,1,13,131,2016,5,5,13,1,0,1,0,1,0,1,4,3,7,0,3,3,0
3656,4,5,409,2016,6,5,15,1,0,1,0,0,0,0,2,2,5,0,3,3,0
3657,1,5,113,2016,6,2,17,0,0,1,0,0,0,0,1,2,6,0,3,3,0
3658,1,13,131,2016,5,5,14,1,0,0,1,0,0,1,3,6,7,0,3,3,0
3659,1,6,115,2016,5,1,2,0,0,1,0,0,0,0,1,3,2,2,3,3,0
3660,2,1,206,2016,6,6,3,0,1,1,0,0,0,0,2,5,3,2,3,3,0
3661,5,7,515,2016,6,3,8,0,1,1,0,0,0,0,2,3,2,0,3,3,0
3662,2,1,202,2016,6,3,8,0,1,0,0,1,0,0,2,3,6,0,3,3,0
3663,7,4,705,2016,5,5,21,0,0,1,0,0,0,0,1,5,2,1,3,3,0
3664,5,11,519,2016,5,2,15,0,0,1,0,0,0,0,1,2,6,0,3,3,0
3665,3,8,320,2016,6,7,13,0,0,1,0,0,0,0,1,5,3,0,3,3,0
3666,2,8,220,2016,7,6,8,0,0,1,0,0,0,0,1,5,3,0,3,3,0
3667,1,8,126,2016,6,5,12,0,0,1,0,0,0,0,1,2,6,0,3,3,0
3668,4,13,432,2016,6,4,9,1,1,0,1,0,0,0,3,6,4,0,3,3,0
3669,3,9,321,2016,6,3,12,0,0,1,0,0,0,0,1,5,3,0,3,3,0
3670,1,3,106,2016,6,6,16,0,1,1,0,0,0,0,2,4,6,0,3,3,0
3671,1,4,112,2016,6,3,16,0,0,1,0,1,0,0,2,5,2,0,3,3,0
3672,1,4,111,2016,6,4,15,0,1,1,0,0,0,0,2,2,6,0,3,3,0
3673,5,2,509,2016,6,4,21,0,1,1,0,0,0,0,2,0,7,0,3,2,1
3674,7,11,712,2016,6,6,5,1,0,0,0,1,0,1,3,4,6,0,3,3,0
3675,5,5,513,2016,7,7,13,0,0,1,0,0,0,0,1,5,7,0,3,3,0
3676,5,7,515,2016,6,7,10,0,1,1,0,0,0,0,2,5,3,0,3,3,0
3677,4,5,408,2016,6,2,15,0,1,1,0,0,0,0,2,5,3,0,3,3,0
3678,1,11,129,2016,7,1,19,0,1,0,1,0,0,0,2,6,7,0,3,3,0
3679,2,4,213,2016,6,3,7,1,1,0,0,0,0,0,2,4,2,0,3,3,0
3680,7,16,717,2016,6,4,14,0,0,1,0,0,1,0,2,2,6,0,3,3,0
3681,4,13,432,2016,6,4,8,0,1,1,0,0,0,0,2,5,2,0,3,3,0
3682,3,4,315,2016,6,7,11,1,1,1,0,0,0,0,3,1,5,0,3,3,0
3683,3,1,310,2016,6,5,10,0,1,0,1,0,0,0,2,6,4,0,3,3,0
3684,5,3,510,2016,6,7,16,0,0,1,0,0,0,0,1,3,7,0,3,3,0
3685,7,16,717,2016,6,5,15,0,0,1,1,0,0,0,2,6,4,0,3,3,0
3686,1,3,106,2016,6,3,9,1,1,0,0,0,0,1,3,0,7,0,3,3,0
3687,5,3,511,2016,6,4,8,0,0,1,0,0,0,0,1,2,6,0,3,3,0
3688,7,11,712,2016,6,5,14,0,0,0,0,1,0,1,2,5,3,0,3,2,1
3689,4,5,409,2016,6,2,15,0,0,1,0,1,0,0,2,3,7,0,3,3,0
3690,2,4,214,2016,7,7,1,0,1,1,0,0,0,0,2,5,3,2,3,3,0
3691,5,18,526,2016,6,7,10,0,1,1,0,0,0,0,2,5,3,0,3,3,0
3692,5,1,504,2016,6,2,9,0,0,1,0,0,0,0,1,5,3,0,3,3,0
3693,7,11,712,2016,6,5,13,0,0,1,0,0,0,0,1,5,3,0,3,3,0