SN,District,Imperial_Circle,Community,Year,Month,Weekday,Hour,Road,Cycle,Car,Pedestrians,Motorcycle,Goods Vehicle,Others,Total,Collision Type,Accident Type,Light Condition,Road Condition,Accident_Severity,Severity
3694,4,12,431,2016,7,7,20,1,0,1,0,0,0,1,3,5,3,1,3,3,0
3695,5,4,512,2016,6,7,8,0,0,1,0,0,0,0,1,3,6,0,3,3,0
3696,4,7,416,2016,6,2,7,0,0,1,0,1,0,0,2,5,7,0,3,2,1
3697,2,4,211,2016,6,3,10,0,0,1,0,1,0,0,2,1,5,0,3,3,0
3698,7,10,711,2016,6,4,17,0,0,1,0,0,0,0,1,5,3,0,3,3,0
3699,4,13,432,2016,6,4,7,1,1,1,0,0,0,0,3,5,3,0,3,3,0
3700,2,1,202,2016,6,7,15,1,0,1,0,0,0,0,2,5,7,0,3,3,0
3701,7,13,714,2016,6,5,9,0,1,1,0,0,0,0,2,5,2,0,3,2,1
3702,7,1,701,2016,6,5,21,0,0,1,0,0,0,0,1,2,6,1,3,2,1
3703,1,15,134,2016,6,2,11,0,1,0,0,0,0,0,1,0,7,0,3,3,0
3704,5,3,510,2016,6,4,7,0,1,1,0,0,0,0,2,5,3,0,3,3,0
3705,3,8,320,2016,6,2,15,0,0,0,1,0,0,1,2,6,7,0,3,3,0
3706,1,12,130,2016,7,6,22,1,0,1,0,0,0,0,2,2,6,2,3,3,0
3707,3,3,314,2016,6,7,11,1,0,1,0,0,0,1,3,2,2,0,3,3,0
3708,4,12,431,2016,7,6,16,1,0,1,0,0,0,0,2,0,7,0,3,3,0
3709,2,2,207,2016,6,3,7,1,1,0,1,0,0,0,3,6,6,0,3,3,0
3710,4,5,413,2016,6,4,18,1,1,0,0,0,0,0,2,3,2,0,3,3,0
3711,2,9,221,2016,6,3,16,0,1,1,0,0,0,0,2,0,3,0,3,2,1
3712,7,1,702,2016,6,5,7,0,0,1,0,0,0,1,2,0,3,0,3,3,0
3713,1,1,101,2016,6,4,17,0,1,0,0,0,0,0,1,0,7,0,3,2,1
3714,7,16,717,2016,6,5,13,0,1,1,0,0,1,0,3,5,3,0,3,3,0
3715,1,5,114,2016,6,3,23,1,0,1,0,0,0,0,2,5,3,1,3,3,0
3716,4,5,411,2016,6,4,7,0,1,1,0,0,0,0,2,1,7,0,3,3,0
3717,1,16,137,2016,6,5,2,1,1,1,0,0,0,0,3,4,2,2,3,3,0
3718,1,4,112,2016,6,7,14,0,1,0,1,0,0,0,2,6,6,0,3,3,0
3719,7,1,702,2016,6,5,16,0,0,1,0,1,0,0,2,5,2,0,3,2,1
3720,2,4,211,2016,6,5,14,0,1,0,0,0,0,0,1,4,6,0,3,3,0
3721,1,16,137,2016,6,5,16,0,1,0,0,0,0,1,2,3,2,0,3,3,0
3722,1,12,130,2016,6,2,16,0,1,1,0,0,0,0,2,5,2,0,3,3,0
3723,4,11,430,2016,6,4,18,0,1,1,0,0,0,0,2,5,3,0,3,3,0
3724,3,9,321,2016,6,2,19,1,0,1,0,0,0,0,2,2,6,0,3,3,0
3725,1,6,118,2016,7,6,15,0,1,1,0,0,0,0,2,5,3,0,3,3,0
3726,7,10,711,2016,6,2,9,1,0,1,0,0,0,0,2,5,3,0,3,2,1
3727,5,18,526,2016,6,7,11,0,1,0,0,0,0,0,1,5,2,0,3,3,0
3728,1,3,106,2016,6,7,23,1,1,1,0,0,0,0,3,3,3,2,3,3,0
3729,2,5,217,2016,7,6,20,0,0,1,0,0,1,0,2,1,7,0,3,3,0
3730,1,12,130,2016,6,5,16,0,0,1,1,0,0,0,2,6,2,0,3,3,0
3731,3,8,320,2016,6,4,8,0,1,1,0,0,0,0,2,5,2,0,3,3,0
3732,2,8,220,2016,6,3,16,0,0,1,1,0,0,0,2,6,4,0,3,3,0
3733,5,5,513,2016,6,5,16,0,1,1,0,0,0,0,2,5,3,0,3,3,0
3734,1,8,124,2016,6,2,14,0,0,1,0,0,0,0,1,5,3,0,3,3,0
3735,7,9,710,2016,6,3,9,0,0,1,0,0,0,0,1,5,3,0,3,3,0
3736,5,14,522,2016,6,4,15,0,1,0,0,1,0,0,2,5,3,0,3,3,0
3737,7,6,707,2016,6,5,11,0,0,1,0,0,0,0,1,1,7,0,3,3,0
3738,1,12,130,2016,7,7,18,1,0,1,0,0,0,0,2,4,2,0,3,3,0
3739,1,8,124,2016,6,2,11,0,1,1,0,0,0,0,2,5,2,0,3,2,1
3740,5,10,518,2016,6,4,7,0,1,0,1,0,0,0,2,6,4,0,3,3,0
3741,5,7,515,2016,6,7,13,0,0,1,0,0,0,0,1,2,6,0,3,3,0
3742,3,8,320,2016,6,2,18,1,0,1,1,0,0,0,3,6,4,0,3,3,0
3743,1,16,137,2016,7,1,15,1,0,1,0,0,0,0,2,1,5,0,3,3,0
3744,3,3,314,2016,7,1,23,0,1,1,0,0,0,0,2,1,5,2,3,3,0
3745,1,8,122,2016,6,2,8,0,0,1,0,0,0,0,1,5,3,0,3,3,0
3746,4,12,431,2016,6,4,15,0,0,1,0,1,0,0,2,1,6,0,3,3,0
3747,4,3,406,2016,7,2,13,0,0,1,0,0,0,0,1,5,3,0,3,3,0
3748,1,16,137,2016,6,2,16,0,0,1,1,0,0,0,2,6,4,0,3,2,1
3749,5,10,518,2016,6,7,19,0,0,1,0,0,0,0,1,2,6,0,3,3,0
3750,3,8,320,2016,6,4,7,0,0,1,0,0,0,0,1,2,6,0,3,3,0
3751,7,11,712,2016,6,6,18,0,0,1,0,0,0,0,1,5,2,0,3,3,0
3752,1,3,107,2016,7,6,13,0,1,1,0,0,0,0,2,1,5,0,3,3,0
3753,4,12,431,2016,6,5,15,0,1,1,0,0,0,0,2,0,2,0,3,3,0
3754,4,1,402,2016,6,4,13,0,1,1,0,0,0,0,2,3,2,0,3,3,0
3755,3,7,319,2016,6,3,12,0,0,1,0,0,0,0,1,1,5,0,3,3,0
3756,5,4,512,2016,6,5,23,1,0,1,0,0,0,0,2,1,6,2,3,3,0
3757,1,6,115,2016,6,2,20,1,1,1,0,0,0,0,3,5,3,1,3,3,0
3758,6,14,615,2016,6,3,15,0,1,0,0,0,0,0,1,3,2,0,3,2,1
3759,4,13,432,2016,6,4,20,0,0,1,0,1,0,0,2,2,6,0,3,3,0
3760,1,12,130,2016,6,5,18,0,1,1,0,0,0,0,2,5,3,0,3,3,0
3761,5,17,525,2016,7,7,2,0,1,0,0,0,0,0,1,8,1,2,3,3,0
3762,5,12,520,2016,6,7,9,0,0,1,0,0,0,0,1,5,3,0,3,3,0
3763,3,9,321,2016,6,2,16,0,0,1,0,0,0,0,1,5,3,0,3,3,0
3764,5,6,514,2016,7,1,12,0,0,1,1,0,0,0,2,6,4,0,3,3,0
3765,1,11,129,2016,6,2,14,0,0,1,0,1,0,0,2,2,6,0,3,3,0
3766,7,10,711,2016,6,4,16,0,0,1,0,0,0,0,1,5,3,0,3,3,0
3767,3,2,311,2016,6,4,17,0,0,0,0,0,0,1,1,0,7,0,3,3,0
3768,7,1,702,2016,6,6,14,0,1,1,0,0,0,0,2,0,3,0,3,3,0
3769,2,1,201,2016,6,5,18,0,0,1,0,0,0,0,1,2,6,0,3,3,0
3770,5,10,518,2016,6,7,13,0,0,1,0,1,0,0,2,5,3,0,3,3,0
3771,1,8,123,2016,6,2,17,0,1,1,0,0,0,0,2,5,3,0,3,3,0
3772,6,5,606,2016,6,4,17,0,1,1,0,0,0,0,2,5,3,0,3,3,0
3773,4,13,432,2016,6,7,20,1,0,1,0,0,0,0,2,5,3,0,3,3,0
3774,3,1,309,2016,6,4,12,1,1,1,0,0,0,0,3,3,2,0,3,3,0
3775,6,14,615,2016,6,6,21,1,0,0,0,1,0,0,2,0,2,0,3,3,0
3776,6,9,610,2016,6,5,16,0,0,1,0,1,0,0,2,5,3,0,3,3,0
3777,3,9,321,2016,6,5,14,0,0,1,0,0,0,0,1,2,6,0,3,3,0
3778,4,5,409,2016,6,7,3,0,0,0,0,1,0,0,1,9,1,1,3,3,0
3779,5,3,510,2016,6,5,13,0,0,1,0,0,0,0,1,2,6,0,3,3,0
3780,5,2,507,2016,6,2,16,0,0,1,0,0,0,1,2,2,6,0,3,3,0
3781,4,7,416,2016,6,4,8,0,1,1,0,0,0,0,2,3,2,0,3,3,0
3782,1,6,115,2016,6,5,16,0,0,1,0,1,0,0,2,3,6,0,3,3,0
3783,4,8,422,2016,7,7,19,1,0,1,0,0,0,0,2,1,6,0,3,3,0
3784,4,13,432,2016,6,7,14,0,1,1,0,0,0,0,2,5,3,0,3,3,0
3785,2,9,221,2016,6,2,16,0,1,1,0,0,0,0,2,3,2,0,3,3,0
3786,5,4,512,2016,6,2,18,0,0,1,0,0,0,0,1,3,7,0,3,2,1
3787,5,18,526,2016,6,4,9,0,1,1,0,0,0,0,2,5,3,0,3,3,0
3788,3,2,312,2016,6,4,14,0,1,1,0,0,0,0,2,3,7,0,3,3,0
3789,1,8,125,2016,6,6,20,1,0,1,0,0,0,0,2,8,7,0,3,3,0
3790,1,8,122,2016,6,5,13,0,0,1,0,0,0,0,1,2,6,0,3,2,1
3791,1,3,108,2016,6,5,17,1,0,1,0,1,0,0,3,2,6,0,3,2,1
3792,5,11,519,2016,6,5,21,0,1,1,0,0,0,0,2,5,3,0,3,3,0
3793,5,2,507,2016,6,2,13,0,0,1,0,0,0,0,1,1,5,0,3,3,0
3794,3,9,321,2016,6,4,10,0,1,1,0,0,0,0,2,1,7,0,3,3,0
3795,1,7,119,2016,6,5,5,0,0,1,0,0,0,0,1,3,6,0,3,3,0
3796,2,4,211,2016,6,2,12,0,0,1,0,0,0,0,1,4,6,0,3,3,0
3797,1,12,130,2016,7,6,17,1,0,1,0,1,0,0,3,3,6,0,3,3,0
3798,5,6,514,2016,6,2,16,0,1,1,0,0,0,0,2,5,3,0,3,3,0
3799,4,5,409,2016,6,5,15,0,1,1,0,0,0,0,2,5,3,0,3,3,0
3800,1,6,118,2016,6,5,11,0,0,1,0,1,0,0,2,4,2,0,3,3,0
3801,2,1,201,2016,6,2,17,0,1,0,0,0,0,1,2,3,2,0,3,3,0
3802,1,4,112,2016,7,7,1,0,0,1,1,0,0,0,2,0,4,2,3,3,0
3803,2,8,220,2016,6,7,0,0,0,1,0,0,0,0,1,5,2,2,3,3,0
3804,3,1,309,2016,6,2,5,0,1,1,0,0,0,0,2,5,2,0,3,3,0
3805,5,7,515,2016,7,6,19,1,0,1,0,1,0,0,3,5,3,0,3,3,0
3806,5,2,505,2016,6,2,8,1,1,1,0,0,0,0,3,5,3,0,3,3,0
3807,1,4,112,2016,6,4,18,0,1,0,0,1,0,0,2,4,6,0,3,3,0
3808,4,2,403,2016,6,3,8,0,0,1,0,1,0,0,2,5,3,0,3,3,0
3809,5,1,502,2016,6,5,18,0,1,1,0,0,0,0,2,3,2,0,3,3,0
3810,1,14,132,2016,6,6,14,0,0,1,0,0,0,0,1,3,6,0,3,3,0
3811,1,11,129,2016,6,3,15,0,0,1,1,0,1,0,3,8,1,0,3,3,0
3812,5,4,512,2016,6,5,17,0,0,1,0,1,0,0,2,4,2,0,3,3,0
3813,4,12,431,2016,7,1,19,0,0,1,0,0,0,1,2,3,6,0,3,3,0
3814,4,10,428,2016,6,5,7,0,1,1,0,0,0,0,2,0,6,0,3,3,0
3815,5,7,515,2016,6,2,16,0,1,0,0,0,0,1,2,5,2,0,3,3,0
3816,2,5,217,2016,6,4,18,0,1,0,0,0,0,0,1,5,3,0,3,3,0
3817,5,4,512,2016,7,6,20,1,0,1,0,0,0,0,2,2,2,1,3,3,0
3818,3,6,318,2016,7,2,18,0,1,0,0,0,0,0,1,0,1,0,3,3,0
3819,4,8,418,2016,6,2,20,0,1,1,0,0,0,0,2,1,5,0,3,3,0
3820,2,3,210,2016,6,7,12,0,1,1,0,0,0,0,2,5,3,0,3,3,0
3821,1,6,115,2016,6,6,21,0,0,1,0,0,0,0,1,2,2,0,3,3,0
3822,2,5,216,2016,7,6,16,1,1,1,0,0,0,0,3,5,2,0,3,2,1
3823,1,8,122,2016,6,5,3,0,0,1,0,0,0,0,1,8,1,2,3,3,0
3824,1,3,108,2016,6,4,11,0,0,1,1,0,0,0,2,6,3,0,3,3,0
3825,2,3,210,2016,6,3,8,0,1,0,0,0,0,0,1,5,3,0,3,3,0
3826,2,9,221,2016,6,5,14,0,1,0,0,0,0,0,1,5,3,0,3,3,0
3827,1,4,109,2016,6,7,22,0,0,1,1,0,0,0,2,6,2,1,3,3,0
3828,5,18,526,2016,6,6,5,0,1,1,0,0,0,0,2,5,3,0,3,3,0
3829,4,7,416,2016,7,6,19,0,0,1,0,0,0,0,1,2,6,0,3,3,0
3830,5,1,501,2016,6,2,9,1,0,1,0,0,0,0,2,0,7,0,3,3,0
3831,1,5,113,2016,6,4,15,0,0,1,0,0,0,0,1,2,6,0,3,3,0
3832,1,5,113,2016,6,3,10,0,0,0,1,0,0,1,2,6,4,0,3,3,0
3833,3,8,320,2016,6,5,18,0,0,1,0,0,0,0,1,1,6,0,3,3,0
3834,1,7,120,2016,6,3,15,0,0,1,0,0,0,1,2,1,5,0,3,3,0
3835,5,5,513,2016,6,5,16,0,0,1,0,0,0,0,1,2,2,0,3,3,0
3836,7,1,702,2016,7,7,13,0,0,0,1,0,0,1,2,6,4,0,3,2,1
3837,5,16,524,2016,6,2,13,0,1,1,0,0,0,0,2,3,3,0,3,3,0
3838,3,5,317,2016,6,4,20,0,1,1,0,0,0,0,2,4,2,0,3,3,0
3839,3,1,309,2016,6,2,18,0,1,1,0,0,0,0,2,5,2,0,3,3,0
3840,1,5,114,2016,7,2,7,0,0,1,1,0,0,0,2,6,4,0,3,2,1
3841,3,8,320,2016,6,2,11,0,1,1,0,0,0,0,2,3,6,0,3,3,0
3842,4,10,429,2016,6,4,8,1,0,0,0,1,0,1,3,2,6,0,3,3,0
3843,1,3,108,2016,6,7,11,0,0,1,0,0,0,0,1,5,3,0,3,3,0
3844,1,5,113,2016,6,4,9,0,1,0,1,0,0,0,2,6,7,0,3,3,0
3845,5,7,515,2016,6,6,11,1,0,1,0,0,0,0,2,2,6,0,3,3,0
3846,7,11,712,2016,6,5,17,0,0,1,0,0,0,0,1,4,6,0,3,3,0
3847,4,8,422,2016,6,5,22,0,0,0,0,1,0,0,1,0,1,1,3,3,0
3848,3,8,320,2016,6,7,0,0,0,0,0,1,0,0,1,0,7,2,3,3,0
3849,7,1,702,2016,6,3,8,0,0,1,0,0,0,0,1,5,2,0,3,3,0
3850,7,13,714,2016,6,2,6,0,0,1,0,1,0,0,2,2,6,0,3,3,0
3851,2,5,215,2016,6,5,8,0,1,1,0,0,0,0,2,5,3,0,3,3,0
3852,4,3,406,2016,6,2,12,0,0,1,0,0,0,1,2,5,3,0,3,3,0
3853,1,6,115,2016,6,3,8,0,0,1,0,0,1,0,2,3,6,0,3,3,0
3854,3,5,317,2016,6,4,11,0,0,1,0,0,0,0,1,1,6,0,3,3,0
3855,5,5,513,2016,6,5,12,0,0,1,0,0,0,0,1,2,6,0,3,3,0
3856,4,13,432,2016,7,7,8,1,0,1,0,0,0,0,2,2,6,0,3,3,0
3857,1,1,102,2016,6,7,11,0,1,1,0,0,0,0,2,5,3,0,3,3,0
3858,2,8,220,2016,6,2,16,0,0,1,0,0,0,0,1,5,3,0,3,3,0
3859,1,8,123,2016,6,3,15,0,1,1,0,0,0,0,2,4,2,0,3,3,0
3860,3,2,312,2016,6,4,19,0,0,1,0,0,0,0,1,2,6,0,3,3,0
3861,5,4,512,2016,6,5,12,0,0,1,0,0,0,0,1,5,3,0,3,3,0
3862,1,8,123,2016,7,7,23,1,0,0,1,1,0,0,3,6,4,2,3,2,1
3863,3,1,310,2016,6,4,15,0,0,1,0,1,0,0,2,2,2,0,3,3,0
3864,1,1,101,2016,6,7,15,0,1,1,0,0,0,0,2,0,6,0,3,3,0
3865,1,5,113,2016,6,2,11,0,0,1,0,1,0,0,2,5,3,0,3,3,0
3866,1,11,129,2016,7,1,14,1,0,1,0,0,0,0,2,2,6,0,3,3,0
3867,2,9,221,2016,6,2,11,1,1,0,0,0,0,0,2,0,7,0,3,3,0
3868,5,9,517,2016,6,4,13,0,0,1,0,0,0,0,1,3,6,0,3,3,0
3869,1,16,137,2016,6,3,16,0,0,1,0,0,0,0,1,4,6,0,3,3,0
3870,5,7,515,2016,6,6,14,0,0,1,0,0,0,0,1,4,6,0,3,3,0
3871,2,5,215,2016,6,5,8,0,1,1,0,0,0,0,2,3,6,0,3,3,0
3872,3,6,318,2016,6,7,12,0,0,1,0,0,0,0,1,2,6,0,3,3,0
3873,2,8,220,2016,6,5,7,0,1,1,0,0,0,0,2,5,3,0,3,2,1
3874,2,4,213,2016,6,2,19,1,1,1,0,0,0,0,3,5,3,1,3,3,0
3875,1,3,106,2016,6,4,20,0,0,1,0,1,0,0,2,1,5,0,3,3,0
3876,5,18,526,2016,6,5,20,0,0,1,0,0,0,0,1,2,2,0,3,3,0
3877,2,1,203,2016,7,7,18,1,0,1,0,0,0,1,3,0,5,0,3,3,0
3878,6,3,604,2016,6,6,13,1,0,1,0,0,1,0,3,2,6,0,3,3,0
3879,6,5,606,2016,6,1,19,0,1,1,0,0,0,0,2,1,5,0,3,3,0
3880,3,7,319,2016,6,2,20,0,0,1,0,0,0,0,1,1,6,0,3,3,0
3881,1,16,135,2016,6,3,8,0,0,1,0,1,0,0,2,4,6,0,3,3,0
3882,5,7,515,2016,6,6,15,0,0,1,0,0,0,0,1,1,6,0,3,3,0
3883,1,6,117,2016,6,1,12,0,0,1,0,0,0,0,1,5,7,0,3,3,0
3884,3,6,318,2016,6,2,16,0,0,1,0,0,0,1,2,5,3,0,3,3,0
3885,4,13,432,2016,6,4,16,0,0,1,0,0,0,0,1,1,5,0,3,3,0
3886,6,1,601,2016,6,3,16,1,0,1,0,0,0,0,2,2,6,0,3,3,0
3887,4,10,428,2016,6,6,17,0,1,1,0,0,0,0,2,5,2,0,3,3,0
3888,5,2,508,2016,6,5,13,0,1,1,0,0,0,0,2,2,6,0,3,3,0
3889,3,7,319,2016,6,5,8,0,0,1,0,0,0,0,1,5,3,0,3,3,0
3890,3,2,312,2016,6,2,12,0,0,1,0,0,0,0,1,5,3,0,3,3,0
3891,1,19,140,2016,6,3,6,1,0,1,0,0,0,0,2,8,1,0,3,3,0
3892,5,4,512,2016,6,1,17,0,0,1,1,0,0,0,2,6,2,0,3,3,0
3893,6,14,615,2016,7,6,7,0,1,1,0,0,0,0,2,5,3,0,3,3,0
3894,5,11,519,2016,6,6,17,0,1,1,0,0,0,0,2,5,3,0,3,3,0
3895,5,17,525,2016,7,6,9,0,0,1,0,0,0,0,1,5,3,0,3,3,0
3896,4,2,403,2016,6,2,16,0,0,1,1,0,0,0,2,6,4,0,3,3,0
3897,1,12,130,2016,6,3,15,0,1,1,0,0,0,0,2,2,6,0,3,3,0
3898,7,13,714,2016,6,2,12,0,1,0,0,0,0,0,1,4,7,0,3,3,0
3899,3,1,308,2016,6,5,20,1,1,1,0,0,0,0,3,1,7,1,3,3,0
3900,5,2,507,2016,6,3,20,0,0,1,0,0,0,0,1,2,2,1,3,2,1
3901,5,7,515,2016,6,5,20,0,1,0,1,0,0,0,2,6,7,0,3,3,0
3902,4,4,407,2016,7,1,17,0,0,1,0,0,0,0,1,2,6,0,3,3,0
3903,1,4,111,2016,6,2,19,0,0,1,0,0,0,0,1,5,2,0,3,3,0
3904,1,20,141,2016,6,3,6,0,0,1,0,0,0,0,1,5,2,0,3,2,1
3905,4,12,431,2016,6,5,15,0,0,1,0,0,0,0,1,2,6,0,3,3,0
3906,2,1,204,2016,6,5,11,0,1,0,0,0,1,0,2,3,6,0,3,3,0
3907,1,3,108,2016,6,2,17,0,1,0,0,0,0,0,1,5,3,0,3,3,0
3908,1,20,141,2016,6,3,16,0,1,0,0,0,0,0,1,0,7,0,3,3,0
3909,5,2,508,2016,6,1,20,0,1,0,1,0,0,0,2,6,6,0,3,3,0
3910,1,12,130,2016,7,6,16,0,0,0,0,0,1,1,2,2,6,0,3,3,0
3911,4,2,403,2016,6,2,10,1,1,1,0,0,0,0,3,5,3,0,3,3,0
3912,1,13,131,2016,6,6,9,0,0,1,0,0,1,0,2,3,7,0,3,3,0
3913,5,16,524,2016,6,6,16,0,0,1,0,0,0,0,1,8,1,0,3,3,0
3914,2,9,221,2016,7,6,11,0,0,1,0,0,0,1,2,1,7,0,3,3,0
3915,2,3,209,2016,6,2,13,0,1,0,0,0,0,0,1,4,6,0,3,3,0
3916,1,12,130,2016,6,5,20,0,0,1,0,0,0,1,2,5,3,0,3,3,0
3917,1,11,128,2016,6,3,17,1,0,0,0,1,0,0,2,0,7,0,3,3,0
3918,7,9,710,2016,6,2,20,1,1,1,0,0,0,0,3,4,2,1,3,3,0
3919,2,1,203,2016,6,5,16,0,0,1,0,0,0,1,2,1,6,0,3,3,0
3920,1,3,107,2016,6,2,20,1,1,1,0,0,0,0,3,5,3,1,3,3,0
3921,5,16,524,2016,6,3,19,0,0,1,0,0,0,1,2,0,3,0,3,2,1
3922,7,2,703,2016,6,3,8,0,0,1,0,0,0,1,2,0,7,0,3,3,0
3923,4,13,432,2016,6,5,13,0,0,1,0,0,0,0,1,2,6,0,3,3,0
3924,1,11,129,2016,7,7,23,1,0,1,0,0,0,0,2,8,7,2,3,3,0
3925,1,5,114,2016,6,2,21,1,1,1,0,0,0,0,3,5,2,1,3,2,1
3926,6,1,601,2016,6,3,17,0,0,1,0,0,0,0,1,5,3,0,3,3,0
3927,1,12,130,2016,6,6,21,0,0,1,1,0,0,0,2,5,3,1,3,3,0
3928,4,5,413,2016,6,1,14,0,1,1,0,0,0,0,2,3,6,0,3,3,0
3929,7,9,710,2016,7,1,14,0,0,1,1,0,0,0,2,5,3,0,3,3,0
3930,3,1,309,2016,6,2,9,1,1,1,0,0,0,0,3,1,2,0,3,3,0
3931,4,5,413,2016,6,4,9,1,0,1,0,1,0,0,3,0,2,0,3,3,0
3932,5,18,526,2016,6,6,16,0,0,1,0,0,0,0,1,1,5,0,3,3,0
3933,1,8,121,2016,6,3,19,1,0,1,1,0,0,0,3,6,3,0,3,3,0
3934,5,10,518,2016,6,6,18,0,0,1,0,1,0,0,2,2,6,0,3,3,0
3935,1,20,141,2016,6,5,17,1,0,1,0,0,0,0,2,2,6,0,3,3,0
3936,5,18,526,2016,7,6,15,0,0,1,0,0,0,1,2,2,6,0,3,3,0
3937,3,5,317,2016,7,2,12,0,1,0,0,0,0,0,1,5,3,0,3,3,0
3938,2,1,201,2016,6,2,7,1,0,1,0,0,0,0,2,8,1,0,3,3,0
3939,5,2,508,2016,6,6,13,1,1,1,0,0,0,0,3,4,2,0,3,3,0
3940,4,10,426,2016,6,6,20,1,1,1,0,0,0,0,3,4,3,0,3,3,0
3941,3,2,311,2016,7,6,13,0,1,0,0,0,0,1,2,5,3,0,3,3,0
3942,4,12,431,2016,6,5,23,1,0,1,0,0,0,0,2,0,7,2,3,3,0
3943,5,5,513,2016,6,3,16,0,1,1,0,0,0,0,2,5,3,0,3,3,0
3944,1,16,136,2016,6,2,9,0,0,1,0,0,0,1,2,0,3,0,3,3,0
3945,3,3,314,2016,6,5,18,0,1,1,0,0,0,0,2,3,2,0,3,3,0
3946,7,1,702,2016,6,1,12,0,1,1,0,0,0,0,2,3,2,0,3,2,1
3947,4,11,430,2016,6,3,16,0,0,1,0,0,0,1,2,2,6,0,3,3,0
3948,6,1,601,2016,6,3,9,1,0,1,0,0,0,1,3,5,2,0,3,3,0
3949,4,13,432,2016,6,5,11,0,0,1,0,1,0,0,2,4,2,0,3,2,1
3950,4,11,430,2016,7,7,18,0,0,1,1,0,0,0,2,6,4,0,3,3,0
3951,5,9,517,2016,6,6,13,1,1,1,0,0,0,0,3,5,3,0,3,3,0
3952,3,5,317,2016,6,1,19,0,1,0,0,0,0,1,2,0,7,0,3,3,0
3953,1,6,117,2016,7,1,14,1,0,1,0,0,1,0,3,1,2,0,3,3,0
3954,1,1,102,2016,6,2,10,1,1,0,0,0,0,1,3,5,3,0,3,3,0
3955,5,1,504,2016,6,4,23,0,0,1,0,0,0,0,1,5,3,2,3,3,0
3956,5,18,526,2016,6,3,18,0,1,0,0,0,0,0,1,2,7,0,3,3,0
3957,5,1,501,2016,6,6,14,0,0,1,0,0,0,0,1,2,6,0,3,3,0
3958,2,4,213,2016,6,5,18,0,1,0,1,0,0,0,2,6,6,0,3,3,0
3959,3,9,321,2016,6,7,23,1,0,1,0,0,0,0,2,4,2,2,3,3,0
3960,1,1,101,2016,6,5,11,0,1,0,0,1,0,0,2,5,3,0,3,2,1
3961,7,1,702,2016,6,1,20,0,0,1,0,1,0,0,2,0,7,0,3,3,0
3962,3,9,321,2016,6,5,17,0,1,1,0,0,0,0,2,5,2,0,3,3,0
3963,4,2,403,2016,6,1,13,0,1,0,0,0,0,0,1,4,6,0,3,3,0
3964,3,9,321,2016,6,5,17,1,0,1,0,0,0,0,2,5,3,0,3,3,0
3965,2,1,205,2016,6,7,12,0,0,1,0,0,0,0,1,3,6,0,3,3,0
3966,7,14,715,2016,6,4,14,0,1,1,0,0,0,0,2,5,3,0,3,3,0
3967,1,15,134,2016,6,1,14,0,0,1,0,0,0,1,2,2,6,0,3,3,0
3968,5,17,525,2016,6,3,16,0,0,1,0,0,0,0,1,2,6,0,3,3,0
3969,1,8,126,2016,6,3,16,0,0,1,0,0,0,0,1,2,6,0,3,3,0
3970,2,8,220,2016,6,5,20,0,1,1,0,0,0,0,2,5,2,0,3,3,0
3971,4,8,421,2016,7,7,21,1,0,1,0,0,0,0,2,2,6,1,3,3,0
3972,4,13,432,2016,6,6,13,1,1,1,0,0,0,0,3,5,3,0,3,3,0
3973,2,1,206,2016,6,1,22,0,0,1,0,1,0,0,2,4,3,2,3,3,0
3974,1,15,134,2016,6,1,0,1,1,0,0,0,0,0,2,0,7,2,3,3,0
3975,4,8,422,2016,6,4,20,0,0,1,1,0,0,0,2,6,3,0,3,3,0
3976,5,3,510,2016,6,3,9,0,0,1,0,0,0,0,1,2,6,0,3,3,0
3977,2,5,216,2016,6,6,23,0,1,1,0,0,0,0,2,3,6,2,3,3,0
3978,2,5,217,2016,6,5,4,0,0,1,0,0,0,0,1,7,1,1,3,3,0
3979,1,15,134,2016,6,4,17,1,0,1,1,0,0,0,3,6,4,0,3,2,1
3980,6,5,606,2016,6,1,2,0,0,1,0,0,0,0,1,9,1,2,3,2,1
3981,5,18,526,2016,6,3,7,0,1,1,0,0,0,0,2,0,3,0,3,3,0
3982,1,5,114,2016,6,1,20,0,1,1,0,0,0,0,2,5,3,0,3,3,0
3983,1,11,129,2016,7,6,17,1,1,1,0,0,0,0,3,1,5,0,3,3,0
3984,1,12,130,2016,6,1,11,1,0,1,0,0,0,0,2,5,3,0,3,3,0
3985,4,5,408,2016,6,6,8,0,0,1,0,0,0,0,1,5,3,0,3,3,0
3986,2,5,217,2016,6,6,10,1,0,1,1,0,0,0,3,6,4,0,3,3,0
3987,4,5,413,2016,7,6,8,0,1,1,0,0,0,0,2,0,7,0,3,3,0
3988,1,12,130,2016,6,1,14,1,0,1,0,1,0,0,3,0,7,0,3,3,0
3989,1,4,111,2016,7,7,23,1,0,0,1,1,0,0,3,6,4,2,3,3,0
3990,5,1,501,2016,6,6,17,1,0,1,1,0,0,0,3,6,4,0,3,2,1
3991,1,17,138,2016,6,1,22,0,1,0,0,0,0,0,1,0,7,2,3,3,0
3992,1,6,117,2016,6,1,16,1,0,1,0,0,0,0,2,9,1,0,3,3,0
3993,4,10,428,2016,6,4,15,0,0,1,0,0,0,1,2,5,3,0,3,3,0
3994,5,7,515,2016,6,3,8,1,1,1,0,0,0,0,3,3,2,0,3,3,0
3995,6,6,607,2016,6,2,8,0,0,1,1,0,0,0,2,6,4,0,3,3,0
3996,1,16,137,2016,6,4,10,0,0,1,0,0,0,0,1,2,6,0,3,2,1
3997,3,7,319,2016,6,6,21,1,1,1,0,0,0,0,3,1,5,0,3,3,0
3998,3,1,307,2016,6,5,19,0,0,1,0,0,0,0,1,2,6,0,3,3,0
3999,5,11,519,2016,7,1,15,1,0,1,0,1,0,0,3,5,3,0,3,3,0
4000,1,11,128,2016,6,4,8,0,0,1,0,0,0,1,2,4,2,0,3,3,0