SN,District,Imperial_Circle,Community,Year,Month,Weekday,Hour,Road,Cycle,Car,Pedestrians,Motorcycle,Goods Vehicle,Others,Total,Collision Type,Accident Type,Light Condition,Road Condition,Accident_Severity,Severity
4613,1,3,106,2016,7,7,18,1,0,1,0,0,0,0,2,5,2,0,3,3,0
4614,4,5,409,2016,7,5,15,0,0,1,0,1,0,0,2,3,6,0,3,3,0
4615,4,3,406,2016,7,2,11,0,0,1,1,0,0,0,2,6,4,0,3,3,0
4616,5,1,501,2016,7,5,15,0,0,1,0,1,0,0,2,5,3,0,3,3,0
4617,2,1,203,2016,7,2,17,0,0,1,0,0,0,0,1,4,2,0,3,3,0
4618,3,3,314,2016,7,5,16,0,0,1,0,1,0,0,2,2,6,0,3,3,0
4619,5,18,526,2016,7,4,10,0,1,1,0,0,0,0,2,3,2,0,3,3,0
4620,3,8,320,2016,7,7,15,0,1,0,0,0,0,1,2,1,5,0,3,3,0
4621,5,9,517,2016,7,1,8,1,1,0,0,0,0,0,2,5,3,0,3,3,0
4622,3,3,314,2016,7,2,10,0,0,1,0,1,0,0,2,3,6,0,3,3,0
4623,1,1,101,2016,7,7,13,0,1,1,0,0,0,0,2,0,6,0,3,3,0
4624,4,9,424,2016,7,4,9,0,1,1,0,0,0,0,2,0,6,0,3,3,0
4625,4,12,431,2016,7,2,14,0,0,1,0,1,0,0,2,2,6,0,3,3,0
4626,1,5,114,2016,7,4,17,0,1,0,1,0,0,0,2,6,3,0,3,3,0
4627,4,9,424,2016,8,2,13,0,0,1,0,0,0,0,1,4,2,0,3,3,0
4628,3,3,314,2016,7,5,17,0,1,1,0,0,0,0,2,0,6,0,3,3,0
4629,4,6,415,2016,7,5,16,0,1,1,0,0,0,0,2,3,2,0,3,3,0
4630,2,8,220,2016,7,6,14,0,0,1,0,0,0,0,1,2,6,0,3,3,0
4631,4,10,428,2016,7,5,15,0,0,1,0,0,0,0,1,3,6,0,3,3,0
4632,2,7,219,2016,7,6,22,0,0,0,0,0,0,1,1,0,7,2,3,3,0
4633,2,6,218,2016,7,5,15,0,1,0,1,0,0,0,2,6,6,0,3,2,1
4634,1,6,118,2016,7,3,16,1,0,1,0,0,0,0,2,1,6,0,3,3,0
4635,4,13,432,2016,7,2,8,0,1,1,0,0,0,0,2,5,3,0,3,2,1
4636,1,14,133,2016,7,4,14,0,0,1,0,0,0,1,2,1,6,0,3,3,0
4637,1,11,128,2016,7,3,21,0,0,1,0,0,0,0,1,5,3,0,3,3,0
4638,4,5,410,2016,7,2,18,0,1,1,0,0,0,0,2,5,3,0,3,3,0
4639,2,8,220,2016,7,7,16,0,0,1,0,0,0,0,1,2,6,0,3,3,0
4640,1,18,139,2016,8,4,6,1,0,1,0,0,1,0,3,2,6,1,3,3,0
4641,5,17,525,2016,7,7,11,0,0,1,0,0,0,0,1,2,6,0,3,2,1
4642,4,10,429,2016,7,2,18,0,1,0,0,0,0,0,1,4,6,0,3,3,0
4643,1,4,111,2016,7,2,12,0,1,1,0,0,0,0,2,5,3,0,3,3,0
4644,1,12,130,2016,7,4,15,0,0,1,0,0,0,0,1,1,6,0,3,3,0
4645,4,6,415,2016,7,2,15,0,1,1,0,0,0,0,2,4,2,0,3,3,0
4646,3,4,316,2016,7,7,18,0,0,1,0,0,0,1,2,5,3,0,3,3,0
4647,1,4,111,2016,7,1,14,0,1,1,0,0,0,0,2,4,3,0,3,3,0
4648,1,19,140,2016,7,6,9,1,0,1,0,0,1,0,3,2,6,0,3,3,0
4649,2,5,215,2016,7,4,13,0,1,1,0,0,0,0,2,5,3,0,3,3,0
4650,4,6,415,2016,7,2,15,0,1,0,1,0,0,0,2,6,4,0,3,3,0
4651,4,8,420,2016,7,3,23,0,0,1,0,0,0,0,1,4,3,2,3,3,0
4652,1,13,131,2016,7,3,17,1,0,1,0,0,0,1,3,1,2,0,3,3,0
4653,4,5,413,2016,8,2,12,0,0,1,0,0,0,0,1,5,3,0,3,2,1
4654,2,3,208,2016,7,5,18,0,1,1,0,0,0,0,2,1,5,0,3,3,0
4655,2,7,219,2016,7,5,15,0,0,1,0,0,0,0,1,2,2,0,3,3,0
4656,1,14,132,2016,7,3,16,0,0,1,0,0,0,0,1,3,6,0,3,3,0
4657,2,8,220,2016,7,6,12,0,0,1,0,0,0,1,2,3,6,0,3,3,0
4658,3,9,321,2016,7,5,8,0,0,1,0,0,0,0,1,5,3,0,3,3,0
4659,1,18,139,2016,7,6,15,0,0,1,0,0,0,0,1,2,6,0,3,3,0
4660,1,6,115,2016,7,3,13,0,0,1,0,0,1,0,2,3,6,0,3,3,0
4661,4,2,404,2016,7,2,15,0,1,0,0,0,0,0,1,5,3,0,3,3,0
4662,4,2,404,2016,7,7,16,0,0,1,0,0,0,0,1,4,2,0,3,3,0
4663,2,3,208,2016,7,2,19,0,0,1,0,1,0,0,2,0,6,0,3,3,0
4664,1,12,130,2016,7,3,4,0,1,1,0,0,0,0,2,5,3,1,3,3,0
4665,5,7,515,2016,7,7,12,0,1,1,0,0,0,0,2,5,3,0,3,3,0
4666,3,5,317,2016,7,7,11,0,0,1,0,0,0,0,1,2,6,0,3,3,0
4667,1,12,130,2016,7,3,14,0,0,1,0,0,0,0,1,1,6,0,3,3,0
4668,1,7,120,2016,8,3,15,0,0,0,0,1,0,0,1,0,1,0,3,3,0
4669,1,20,141,2016,7,6,13,0,0,0,1,0,0,1,2,6,4,0,3,3,0
4670,1,16,137,2016,7,6,6,1,0,0,0,0,0,1,2,5,3,0,3,3,0
4671,5,3,510,2016,7,3,15,0,0,1,0,1,0,0,2,3,7,0,3,3,0
4672,1,16,135,2016,7,2,8,0,0,0,0,1,0,1,2,4,2,0,3,2,1
4673,1,14,132,2016,8,4,20,0,0,1,0,0,0,0,1,8,1,1,3,1,1
4674,3,2,312,2016,8,6,9,0,0,1,0,0,0,0,1,2,6,0,3,3,0
4675,1,1,102,2016,8,6,10,0,1,1,0,0,0,0,2,5,2,0,3,3,0
4676,5,5,513,2016,9,7,13,1,0,1,1,0,0,0,3,5,3,0,3,2,1
4677,5,18,526,2016,8,3,21,0,0,1,1,0,0,0,2,6,4,2,3,3,0
4678,5,6,514,2016,8,3,18,0,0,1,0,0,0,0,1,5,3,0,3,3,0
4679,7,13,714,2016,8,5,17,1,0,1,0,0,0,1,3,4,2,0,3,3,0
4680,6,2,603,2016,8,5,16,0,1,1,0,0,0,0,2,5,3,0,3,3,0
4681,2,3,210,2016,8,3,13,1,1,1,0,0,0,0,3,0,7,0,3,3,0
4682,5,7,515,2016,8,7,21,0,0,1,0,0,0,0,1,5,2,0,3,3,0
4683,3,1,309,2016,8,3,19,0,1,1,0,0,0,0,2,5,2,0,3,3,0
4684,7,4,705,2016,9,6,13,0,0,1,0,1,0,0,2,2,6,0,3,2,1
4685,1,6,115,2016,8,6,17,0,1,1,0,0,0,0,2,5,3,0,3,3,0
4686,5,8,516,2016,8,1,14,1,0,1,0,1,0,0,3,0,1,0,3,3,0
4687,1,4,111,2016,8,2,7,0,0,1,0,0,0,0,1,3,6,0,3,3,0
4688,1,8,124,2016,8,6,18,0,0,1,0,0,0,0,1,1,6,0,3,3,0
4689,1,3,108,2016,8,1,19,0,0,1,0,1,0,0,2,3,7,0,3,3,0
4690,1,2,103,2016,8,4,8,0,0,1,0,1,0,0,2,3,6,0,3,3,0
4691,5,4,512,2016,8,3,9,0,0,1,0,0,0,0,1,5,2,0,3,3,0
4692,7,12,713,2016,8,3,10,0,0,1,0,0,1,0,2,2,6,0,3,3,0
4693,5,5,513,2016,8,4,12,0,1,1,0,0,0,0,2,1,5,0,3,3,0
4694,1,6,116,2016,8,4,22,0,0,1,0,0,0,0,1,5,2,2,3,3,0
4695,1,3,108,2016,8,6,10,0,0,1,0,0,0,1,2,2,6,0,3,3,0
4696,4,6,415,2016,8,4,17,0,1,1,0,0,0,0,2,5,3,0,3,3,0
4697,7,4,705,2016,8,5,23,1,1,1,0,0,0,0,3,2,6,2,3,3,0
4698,6,9,610,2016,8,5,13,0,0,0,0,0,1,1,2,5,3,0,3,2,1
4699,5,11,519,2016,8,7,16,0,0,1,1,0,0,0,2,0,7,0,3,3,0
4700,1,5,114,2016,8,3,13,0,1,0,0,0,1,0,2,5,2,0,3,2,1
4701,7,4,705,2016,8,1,15,0,1,1,0,0,0,0,2,5,3,0,3,3,0
4702,4,13,432,2016,9,6,13,0,0,1,0,0,0,0,1,3,6,0,3,3,0
4703,5,18,526,2016,8,6,9,0,1,0,0,0,0,1,2,5,3,0,3,3,0
4704,5,15,523,2016,8,1,7,0,0,1,0,0,0,0,1,8,1,0,3,3,0
4705,5,2,507,2016,9,5,16,0,1,1,0,0,0,0,2,5,3,0,3,3,0
4706,1,16,137,2016,8,1,12,0,1,0,0,0,0,0,1,0,7,0,3,2,1
4707,1,1,101,2016,8,3,9,0,1,0,0,0,0,0,1,3,6,0,3,3,0
4708,5,4,512,2016,9,6,19,0,0,1,0,0,0,0,1,5,3,0,3,3,0
4709,5,6,514,2016,8,6,9,0,0,1,0,0,0,0,1,0,7,0,3,3,0
4710,5,9,517,2016,8,1,7,0,0,1,0,0,0,1,2,1,5,0,3,3,0
4711,1,16,136,2016,9,5,19,0,0,1,0,1,0,0,2,3,6,1,3,3,0
4712,6,9,610,2016,8,1,10,0,1,1,0,0,0,0,2,1,5,0,3,3,0
4713,7,7,708,2016,8,7,21,0,0,1,0,0,0,0,1,5,3,1,3,3,0
4714,1,5,114,2016,8,4,19,0,1,0,0,0,0,0,1,1,3,0,3,2,1
4715,5,3,510,2016,8,3,20,0,1,1,0,0,0,0,2,5,3,1,3,3,0
4716,7,16,717,2016,8,3,4,0,1,1,0,0,0,0,2,1,5,2,3,3,0
4717,5,10,518,2016,8,4,12,0,0,1,0,0,0,0,1,2,6,0,3,3,0
4718,4,9,425,2016,8,4,19,0,0,1,0,0,0,0,1,4,2,0,3,3,0
4719,1,18,139,2016,8,3,14,0,0,1,0,0,0,1,2,5,3,0,3,3,0
4720,6,2,602,2016,8,5,20,1,0,1,1,0,0,0,3,6,4,2,3,2,1
4721,1,7,119,2016,8,5,17,0,0,1,0,0,0,0,1,2,6,0,3,3,0
4722,4,11,430,2016,8,7,16,0,0,0,0,1,0,1,2,3,6,0,3,3,0
4723,1,11,129,2016,8,1,14,0,0,1,0,0,0,1,2,5,3,0,3,2,1
4724,3,7,319,2016,9,6,10,0,1,1,0,0,0,0,2,5,3,0,3,3,0
4725,5,2,509,2016,8,6,12,0,0,1,0,0,0,0,1,2,6,0,3,3,0
4726,4,8,423,2016,9,5,13,0,1,1,0,0,0,1,3,2,3,0,3,3,0
4727,5,2,508,2016,8,4,8,0,0,1,0,0,0,0,1,2,6,0,3,3,0
4728,1,5,113,2016,8,6,16,0,1,0,1,0,0,0,2,6,4,0,3,3,0
4729,7,7,708,2016,8,7,17,0,0,1,0,0,0,0,1,4,2,0,3,3,0
4730,5,7,515,2016,8,3,22,1,0,1,0,1,0,0,3,0,2,2,3,3,0
4731,1,8,123,2016,8,3,10,0,0,1,0,0,0,0,1,1,6,0,3,3,0
4732,5,2,505,2016,8,3,16,0,0,1,0,0,0,0,1,5,3,0,3,3,0
4733,1,8,123,2016,8,5,11,0,1,1,0,0,0,0,2,5,2,0,3,3,0
4734,1,4,110,2016,8,3,16,0,1,1,0,0,0,0,2,1,5,0,3,3,0
4735,7,12,713,2016,8,2,15,0,0,1,0,1,0,0,2,5,3,0,3,2,1
4736,1,16,136,2016,8,7,22,0,0,1,0,0,0,1,2,1,2,2,3,3,0
4737,5,2,509,2016,8,3,12,1,0,1,0,0,0,0,2,0,5,0,3,3,0
4738,5,18,526,2016,8,3,16,0,0,1,0,1,0,0,2,1,7,0,3,3,0
4739,5,2,505,2016,8,5,12,0,0,1,0,0,0,0,1,2,6,0,3,3,0
4740,4,11,430,2016,8,4,16,0,0,1,0,0,0,0,1,5,3,0,3,3,0
4741,1,20,141,2016,8,2,14,0,1,1,0,0,0,0,2,5,3,0,3,3,0
4742,4,13,432,2016,8,4,4,0,0,1,0,0,0,0,1,5,3,2,3,3,0
4743,5,3,510,2016,8,5,11,0,0,1,0,0,0,0,1,3,7,0,3,3,0
4744,5,11,519,2016,8,5,13,0,0,1,0,0,0,0,1,4,2,0,3,3,0
4745,2,8,220,2016,8,7,11,0,0,1,1,0,0,0,2,6,4,0,3,3,0
4746,5,4,512,2016,8,1,20,1,0,1,0,0,0,0,2,4,1,0,3,3,0
4747,3,2,311,2016,9,6,16,0,1,0,0,0,0,1,2,5,7,0,3,3,0
4748,1,16,137,2016,8,7,9,1,1,0,0,0,0,0,2,0,7,0,3,2,1
4749,4,5,413,2016,8,1,12,1,0,1,0,0,0,0,2,5,3,0,3,3,0
4750,3,1,303,2016,9,5,11,0,1,0,1,0,0,0,2,6,7,0,3,3,0
4751,5,8,516,2016,8,4,14,0,0,1,0,0,0,0,1,2,1,0,3,3,0
4752,1,18,139,2016,8,6,20,0,1,1,0,0,0,0,2,5,2,0,3,2,1
4753,6,2,603,2016,8,5,15,0,1,1,0,0,0,0,2,5,3,0,3,3,0
4754,1,11,128,2016,9,7,12,1,0,1,0,1,0,0,3,4,7,0,3,2,1
4755,5,7,515,2016,8,3,14,0,0,1,0,0,0,0,1,1,5,0,3,3,0
4756,5,2,508,2016,8,3,16,0,0,1,0,0,0,0,1,5,3,0,3,3,0
4757,4,13,432,2016,8,3,7,0,1,0,0,0,0,0,1,5,3,0,3,3,0
4758,5,12,520,2016,8,5,14,1,0,1,0,0,0,0,2,1,6,0,3,3,0
4759,4,3,406,2016,8,5,6,0,1,0,0,0,0,0,1,3,6,0,3,3,0
4760,7,13,714,2016,8,2,11,0,0,1,0,0,1,0,2,2,6,0,3,3,0
4761,4,3,406,2016,8,7,16,0,0,1,1,0,0,0,2,5,3,0,3,3,0
4762,7,1,702,2016,8,2,13,0,0,1,0,0,0,0,1,2,6,0,3,3,0
4763,2,2,207,2016,9,7,18,0,0,1,0,0,0,1,2,1,5,0,3,3,0
4764,4,13,432,2016,8,5,16,0,0,1,0,0,0,0,1,2,6,0,3,3,0
4765,3,4,316,2016,8,7,11,0,0,1,0,0,0,1,2,0,7,0,3,3,0
4766,4,8,421,2016,8,1,19,0,0,1,0,1,0,0,2,5,3,0,3,3,0
4767,4,12,431,2016,8,1,13,0,0,1,0,0,0,0,1,2,6,0,3,3,0
4768,4,11,430,2016,8,6,15,0,0,1,0,0,1,0,2,2,2,0,3,3,0
4769,4,5,409,2016,9,7,22,1,1,1,0,0,0,0,3,1,5,2,3,3,0
4770,4,8,420,2016,8,5,18,0,1,0,1,0,0,0,2,6,3,0,3,3,0
4771,3,3,313,2016,8,7,12,1,1,1,0,0,0,0,3,1,5,0,3,3,0
4772,5,17,525,2016,8,6,18,0,0,1,0,0,0,0,1,1,5,0,3,3,0
4773,6,9,610,2016,8,7,10,0,0,1,0,0,0,0,1,9,1,0,3,3,0
4774,3,1,307,2016,8,1,11,0,0,1,0,0,0,0,1,2,2,0,3,3,0
4775,5,8,516,2016,8,3,7,0,1,0,0,0,0,1,2,5,3,0,3,3,0
4776,5,2,509,2016,8,3,18,0,1,1,0,0,0,0,2,1,5,0,3,3,0
4777,1,5,113,2016,9,5,8,0,1,0,1,0,0,0,2,6,3,0,3,3,0
4778,4,5,408,2016,8,4,17,0,0,1,0,0,0,0,1,8,6,0,3,3,0
4779,1,12,130,2016,8,5,15,0,0,1,0,0,0,0,1,5,2,0,3,3,0
4780,1,14,133,2016,8,5,15,0,0,1,0,0,0,0,1,2,6,0,3,3,0
4781,5,7,515,2016,9,7,15,0,0,1,0,0,0,0,1,1,6,0,3,3,0
4782,5,14,522,2016,8,3,15,0,1,0,0,0,0,0,1,4,6,0,3,3,0
4783,4,13,432,2016,8,3,18,0,0,1,1,0,0,0,2,6,2,0,3,2,1
4784,5,10,518,2016,8,5,19,1,1,0,0,0,0,1,3,0,7,1,3,3,0
4785,4,6,415,2016,8,5,18,0,1,1,0,0,0,0,2,3,2,0,3,3,0
4786,1,16,136,2016,8,2,18,0,0,1,0,0,1,0,2,0,3,0,3,3,0
4787,1,5,114,2016,8,7,22,0,0,1,1,0,0,0,2,6,4,2,3,2,1
4788,6,2,602,2016,8,2,12,0,0,1,1,0,0,0,2,6,2,0,3,3,0
4789,6,6,607,2016,9,6,8,0,0,1,0,0,0,1,2,1,6,0,3,3,0
4790,4,10,427,2016,8,6,11,0,1,1,0,0,0,0,2,3,2,0,3,3,0
4791,2,3,210,2016,8,1,7,0,1,1,0,0,0,0,2,5,3,0,3,3,0
4792,4,5,408,2016,8,1,18,1,0,1,0,0,0,0,2,1,6,0,3,3,0
4793,4,4,407,2016,8,6,21,0,0,1,0,0,0,0,1,2,6,2,3,3,0
4794,1,12,130,2016,8,7,12,0,0,1,0,0,0,0,1,5,3,0,3,3,0
4795,1,5,114,2016,8,4,8,0,1,0,0,0,0,0,1,3,6,0,3,3,0
4796,5,11,519,2016,8,3,12,1,0,0,0,0,1,0,2,0,7,0,3,3,0
4797,5,7,515,2016,8,3,8,0,1,1,0,0,0,0,2,4,2,0,3,2,1
4798,4,11,430,2016,8,4,15,0,0,1,0,1,0,0,2,5,2,0,3,3,0
4799,4,5,410,2016,8,4,8,0,1,1,0,0,0,0,2,5,2,0,3,3,0
4800,1,8,123,2016,8,5,18,1,1,0,0,0,0,1,3,0,7,0,3,3,0
4801,3,9,321,2016,8,4,18,0,1,1,0,0,0,0,2,4,2,0,3,3,0
4802,1,8,125,2016,8,7,17,0,1,1,0,0,0,0,2,4,2,0,3,3,0
4803,1,19,140,2016,8,4,8,0,0,1,0,0,1,0,2,3,6,0,3,3,0
4804,1,4,111,2016,8,1,1,1,0,1,1,0,0,0,3,0,4,2,3,3,0
4805,4,13,432,2016,8,3,23,0,0,1,0,0,0,0,1,5,3,2,3,2,1
4806,4,5,411,2016,8,3,21,0,1,1,0,0,0,0,2,4,2,1,3,3,0
4807,1,14,132,2016,8,4,18,0,1,0,0,0,0,0,1,2,6,0,3,3,0
4808,3,9,321,2016,8,4,14,0,0,0,0,1,1,0,2,5,3,0,3,3,0
4809,5,10,518,2016,8,5,15,0,0,1,0,0,0,0,1,1,5,0,3,2,1
4810,4,13,432,2016,8,5,14,0,1,1,0,0,0,0,2,5,3,0,3,3,0
4811,3,9,321,2016,8,4,8,0,0,1,0,1,0,0,2,5,2,0,3,3,0
4812,5,11,519,2016,8,5,14,1,1,1,0,0,0,0,3,0,5,0,3,3,0
4813,3,9,321,2016,8,5,20,0,0,1,0,1,0,0,2,2,7,1,3,3,0
4814,1,5,113,2016,8,7,20,0,0,1,1,0,0,0,2,6,7,2,3,3,0
4815,1,12,130,2016,8,2,6,0,1,0,1,0,0,0,2,0,4,0,3,3,0
4816,4,9,425,2016,9,6,8,0,1,1,0,0,0,0,2,3,2,0,3,3,0
4817,2,1,203,2016,8,6,8,0,1,1,0,0,0,0,2,5,3,0,3,3,0
4818,1,13,131,2016,8,7,6,0,0,1,0,0,0,1,2,5,3,0,3,3,0
4819,6,1,601,2016,9,5,18,0,0,1,0,0,0,0,1,2,6,0,3,3,0
4820,3,9,321,2016,8,1,16,1,0,1,0,0,0,0,2,5,3,0,3,3,0
4821,5,4,512,2016,8,7,8,0,0,1,0,0,0,0,1,5,3,0,3,3,0
4822,7,14,715,2016,8,3,14,0,0,0,1,0,0,1,2,5,7,0,3,3,0
4823,4,5,410,2016,8,3,15,0,0,1,1,0,0,0,2,6,4,0,3,3,0
4824,4,5,408,2016,8,3,9,0,0,1,0,0,0,1,2,2,6,0,3,3,0
4825,3,8,320,2016,8,4,8,0,1,1,0,0,0,0,2,5,2,0,3,3,0
4826,5,3,510,2016,8,2,17,1,0,0,0,1,0,0,2,0,1,0,3,3,0
4827,4,6,415,2016,8,4,12,0,1,0,0,0,1,0,2,0,7,0,3,2,1
4828,4,12,431,2016,8,5,14,1,0,1,0,1,0,0,3,5,3,0,3,3,0
4829,3,9,321,2016,8,5,16,0,0,1,0,0,0,0,1,2,6,0,3,3,0
4830,1,5,114,2016,8,7,2,1,0,1,1,0,0,0,3,6,4,2,3,3,0
4831,1,11,128,2016,8,2,7,0,0,1,0,0,0,0,1,1,7,0,3,3,0
4832,7,16,717,2016,8,7,18,0,1,1,0,0,0,0,2,0,7,0,3,3,0
4833,4,2,405,2016,9,6,12,0,0,1,0,0,0,0,1,1,6,0,3,3,0
4834,5,2,509,2016,8,7,13,0,1,1,0,0,0,0,2,5,3,0,3,2,1
4835,5,1,503,2016,8,5,4,1,0,1,1,0,0,0,3,6,2,1,3,3,0
4836,1,14,132,2016,8,2,23,1,0,0,1,1,0,0,3,6,6,2,3,3,0
4837,1,16,136,2016,8,7,11,0,1,1,0,0,0,0,2,5,3,0,3,3,0
4838,4,4,407,2016,9,6,9,0,1,1,0,0,0,0,2,5,3,0,3,2,1
4839,1,4,111,2016,8,6,16,0,0,0,0,1,0,1,2,1,7,0,3,3,0
4840,5,6,514,2016,8,7,5,1,0,1,0,0,0,0,2,8,1,0,3,3,0
4841,4,5,410,2016,9,5,20,0,1,0,0,0,0,0,1,2,6,0,3,3,0
4842,6,1,601,2016,8,7,18,0,1,1,0,0,0,0,2,5,3,0,3,3,0
4843,4,12,431,2016,8,5,18,0,0,1,0,0,0,0,1,2,6,0,3,3,0
4844,5,7,515,2016,8,7,13,0,0,1,1,0,0,0,2,6,7,0,3,3,0
4845,4,8,419,2016,8,3,0,1,0,1,0,1,0,0,3,8,1,2,3,3,0
4846,4,10,427,2016,8,3,15,0,1,1,0,0,0,0,2,3,2,0,3,3,0
4847,4,5,411,2016,8,3,15,0,0,1,0,0,0,0,1,4,2,0,3,3,0
4848,4,8,419,2016,8,5,8,0,1,1,0,0,0,0,2,0,3,0,3,2,1
4849,2,7,219,2016,8,4,10,0,0,1,0,1,0,0,2,5,3,0,3,3,0
4850,1,16,137,2016,8,2,16,0,1,0,0,0,0,1,2,5,3,0,3,3,0
4851,1,8,126,2016,8,2,13,0,1,1,0,0,0,0,2,5,2,0,3,3,0
4852,5,7,515,2016,9,7,12,1,0,1,0,0,0,0,2,2,6,0,3,3,0
4853,4,10,427,2016,8,5,13,1,0,1,0,0,0,1,3,3,2,0,3,3,0
4854,2,1,204,2016,8,5,13,0,0,1,1,0,0,0,2,6,2,0,3,3,0
4855,7,16,717,2016,8,6,12,0,0,1,0,0,0,0,1,8,7,0,3,3,0
4856,1,3,105,2016,9,6,17,0,1,1,0,0,0,0,2,0,7,0,3,3,0
4857,1,3,108,2016,8,6,19,0,1,1,0,0,0,0,2,4,2,0,3,3,0
4858,4,5,412,2016,8,7,14,0,1,1,0,0,0,0,2,0,5,0,3,3,0
4859,5,7,515,2016,8,7,13,0,1,1,0,0,0,0,2,5,3,0,3,3,0
4860,2,8,220,2016,8,3,9,0,1,1,0,0,0,0,2,5,3,0,3,3,0
4861,2,1,203,2016,9,5,13,0,0,1,1,0,0,0,2,0,7,0,3,3,0
4862,3,5,317,2016,8,4,12,0,1,1,0,0,0,0,2,5,3,0,3,3,0
4863,4,5,410,2016,8,5,6,0,1,0,1,0,0,0,2,6,7,0,3,3,0
4864,4,7,416,2016,8,5,19,0,0,1,0,1,0,0,2,2,6,1,3,3,0
4865,1,12,130,2016,9,7,15,0,0,1,0,0,0,0,1,2,6,0,3,3,0
4866,2,5,215,2016,8,3,11,0,0,1,0,0,0,0,1,5,3,0,3,3,0
4867,4,4,407,2016,8,3,11,0,1,1,0,0,0,0,2,5,3,0,3,3,0
4868,2,8,220,2016,8,5,9,0,0,1,0,0,0,0,1,2,6,0,3,3,0
4869,5,1,502,2016,8,7,4,1,0,1,0,0,0,0,2,4,7,2,3,3,0
4870,5,1,501,2016,9,5,4,0,0,1,1,0,0,0,2,6,6,2,3,2,1
4871,4,2,403,2016,8,4,8,0,1,1,0,0,0,0,2,5,3,0,3,2,1
4872,4,8,423,2016,8,5,19,0,0,1,0,0,0,0,1,0,7,0,3,2,1
4873,4,10,426,2016,8,7,23,0,0,1,0,0,0,0,1,2,6,2,3,3,0
4874,1,4,110,2016,8,3,18,0,1,0,0,0,0,0,1,5,3,0,3,3,0
4875,3,6,318,2016,8,3,9,0,0,1,1,0,0,0,2,6,7,0,3,3,0
4876,4,5,409,2016,8,3,10,0,0,0,0,0,0,1,1,0,3,0,3,2,1
4877,4,2,403,2016,8,5,12,1,1,1,0,0,0,0,3,1,5,0,3,3,0
4878,1,13,131,2016,8,2,21,0,0,1,0,0,0,0,1,8,1,2,3,3,0
4879,5,5,513,2016,8,2,13,0,0,1,0,0,0,0,1,5,3,0,3,3,0
4880,3,7,319,2016,9,7,8,0,1,0,0,0,0,0,1,5,3,0,3,3,0
4881,2,1,204,2016,8,5,11,0,0,1,0,1,0,0,2,0,5,0,3,3,0
4882,7,4,705,2016,8,6,18,0,0,1,0,0,0,0,1,5,3,0,3,3,0
4883,1,14,132,2016,8,7,23,0,0,1,0,0,0,0,1,4,2,2,3,3,0
4884,1,5,114,2016,8,6,18,0,0,1,0,0,0,0,1,2,2,0,3,3,0
4885,3,9,321,2016,8,7,1,1,0,1,0,0,0,1,3,5,3,2,3,3,0
4886,7,14,715,2016,8,3,11,0,1,1,0,0,0,0,2,5,3,0,3,3,0
4887,2,5,215,2016,8,7,14,0,1,1,0,0,0,0,2,5,3,0,3,3,0
4888,1,3,108,2016,8,3,8,0,1,0,0,0,0,1,2,4,2,0,3,3,0
4889,3,1,304,2016,8,3,18,0,0,1,1,0,0,0,2,6,7,0,3,3,0
4890,6,2,602,2016,8,4,15,0,1,1,0,0,0,0,2,5,3,0,3,2,1
4891,2,4,212,2016,8,4,16,0,0,1,0,1,0,0,2,2,2,0,3,3,0
4892,5,1,504,2016,8,5,15,0,1,1,0,0,0,1,3,1,6,0,3,3,0
4893,3,9,321,2016,8,5,21,0,0,0,1,1,0,0,2,6,4,2,3,3,0
4894,2,13,226,2016,8,4,18,0,1,1,0,0,0,0,2,1,3,0,3,3,0
4895,1,5,114,2016,8,3,18,0,1,0,0,0,0,1,2,5,3,0,3,2,1
4896,4,7,416,2016,8,3,14,0,0,1,0,0,0,0,1,2,6,0,3,3,0
4897,2,2,207,2016,8,5,18,1,0,1,0,0,0,0,2,2,6,0,3,3,0
4898,3,2,312,2016,8,5,8,0,0,1,0,1,0,0,2,3,2,0,3,3,0
4899,1,12,130,2016,8,2,17,0,1,0,0,0,0,1,2,5,3,0,3,3,0
4900,1,16,137,2016,8,6,18,0,0,1,0,1,0,0,2,3,6,0,3,2,1
4901,5,2,507,2016,8,2,12,0,0,0,0,0,0,1,1,2,6,0,3,3,0
4902,1,7,119,2016,9,6,14,0,0,1,0,0,0,1,2,2,7,0,3,3,0
4903,1,5,114,2016,8,6,20,0,0,1,1,0,0,0,2,6,7,2,3,3,0
4904,2,1,205,2016,8,7,12,0,1,1,0,0,0,0,2,3,2,0,3,3,0
4905,3,2,312,2016,8,5,16,0,0,1,1,0,0,0,2,6,4,0,3,3,0
4906,1,11,128,2016,8,2,10,1,1,1,0,0,0,0,3,3,6,0,3,3,0
4907,6,1,601,2016,8,6,20,0,0,1,0,1,0,0,2,5,3,2,3,3,0
4908,4,9,424,2016,8,2,7,0,1,0,1,0,0,0,2,6,7,0,3,3,0
4909,1,4,112,2016,9,7,3,0,0,1,0,0,0,0,1,2,6,2,3,3,0
4910,1,12,130,2016,8,6,17,0,0,1,0,1,0,0,2,3,6,0,3,2,1
4911,3,2,312,2016,8,7,1,1,0,1,1,0,0,0,3,6,2,2,3,3,0
4912,1,12,130,2016,8,7,16,0,0,1,0,1,0,0,2,3,6,0,3,3,0
4913,1,5,114,2016,8,6,10,0,1,1,0,0,0,0,2,5,2,0,3,3,0
4914,2,1,203,2016,8,7,14,0,0,1,0,1,0,0,2,3,6,0,3,3,0
4915,7,9,710,2016,8,3,9,0,0,1,0,1,0,0,2,5,2,0,3,2,1
4916,7,12,713,2016,8,2,17,0,0,0,0,1,0,0,1,8,7,0,3,3,0
4917,2,3,210,2016,8,3,14,0,1,1,0,0,0,0,2,5,2,0,3,2,1
4918,5,18,526,2016,8,4,10,0,1,0,0,0,0,1,2,0,6,0,3,3,0