SN,District,Imperial_Circle,Community,Year,Month,Weekday,Hour,Road,Cycle,Car,Pedestrians,Motorcycle,Goods Vehicle,Others,Total,Collision Type,Accident Type,Light Condition,Road Condition,Accident_Severity,Severity
4919,2,4,211,2016,8,4,16,0,1,1,0,0,0,0,2,3,6,0,3,3,0
4920,2,9,221,2016,8,5,12,0,1,1,0,0,0,0,2,5,3,0,3,3,0
4921,2,4,214,2016,8,4,8,0,1,1,0,0,0,0,2,2,6,0,3,3,0
4922,1,1,102,2016,8,5,11,1,0,0,1,0,0,1,3,6,2,0,3,3,0
4923,1,4,112,2016,8,5,17,0,1,1,0,0,0,0,2,1,5,0,3,3,0
4924,5,18,526,2016,8,6,12,0,0,1,0,0,1,0,2,1,5,0,3,3,0
4925,5,2,507,2016,8,2,5,0,0,1,0,0,0,0,1,1,6,1,3,3,0
4926,5,16,524,2016,9,6,8,0,0,1,0,0,0,0,1,1,7,0,3,3,0
4927,1,6,115,2016,8,6,12,0,1,1,0,0,0,0,2,5,3,0,3,3,0
4928,1,5,114,2016,8,7,16,0,1,0,1,0,0,0,2,6,3,0,3,2,1
4929,5,5,513,2016,9,5,16,1,0,1,0,0,0,0,2,2,6,0,3,3,0
4930,1,13,131,2016,8,7,5,0,0,1,0,0,0,0,1,5,3,0,3,3,0
4931,1,4,111,2016,8,7,21,0,1,1,0,0,0,0,2,3,6,1,3,3,0
4932,1,8,122,2016,8,2,9,0,0,0,0,1,0,0,1,0,1,0,3,3,0
4933,3,2,311,2016,8,3,10,0,1,1,0,0,0,0,2,1,7,0,3,3,0
4934,3,2,311,2016,8,4,16,0,1,1,0,0,0,0,2,3,6,0,3,3,0
4935,1,19,140,2016,9,5,12,0,0,1,0,0,0,0,1,5,3,0,3,3,0
4936,1,15,134,2016,8,7,14,0,0,1,0,0,0,0,1,2,6,0,3,3,0
4937,1,4,109,2016,8,7,15,0,1,1,0,0,0,0,2,5,3,0,3,3,0
4938,7,1,702,2016,8,3,16,0,1,0,0,0,0,0,1,0,7,0,3,3,0
4939,4,12,431,2016,8,2,19,0,0,1,0,0,0,0,1,2,6,0,3,3,0
4940,1,5,114,2016,8,3,20,0,0,1,0,1,0,0,2,5,7,0,3,2,1
4941,5,10,518,2016,8,4,15,0,1,0,1,0,0,0,2,6,7,0,3,3,0
4942,3,2,312,2016,8,4,7,0,1,1,0,0,0,0,2,3,3,0,3,3,0
4943,5,7,515,2016,8,2,12,0,0,1,0,1,0,0,2,4,2,0,3,3,0
4944,1,5,114,2016,8,5,6,0,1,1,0,0,0,0,2,1,5,0,3,3,0
4945,7,14,715,2016,8,4,9,0,1,1,0,0,0,0,2,4,2,0,3,3,0
4946,5,2,505,2016,8,6,19,0,0,1,0,0,0,0,1,3,6,0,3,3,0
4947,5,2,508,2016,8,7,14,0,1,1,0,0,0,0,2,4,3,0,3,3,0
4948,3,8,320,2016,9,6,7,0,1,1,0,0,0,0,2,5,3,0,3,3,0
4949,7,12,713,2016,8,6,22,0,0,1,0,0,0,1,2,0,2,2,3,3,0
4950,4,7,417,2016,9,5,16,1,0,1,0,0,0,0,2,2,6,0,3,3,0
4951,1,3,108,2016,8,4,8,0,1,1,0,0,0,0,2,5,3,0,3,3,0
4952,3,6,318,2016,8,5,10,0,0,1,1,0,0,0,2,6,7,0,3,3,0
4953,7,16,717,2016,8,6,14,1,0,1,0,0,0,0,2,4,6,0,3,3,0
4954,3,8,320,2016,8,2,13,0,0,1,1,0,0,0,2,6,4,0,3,2,1
4955,1,5,114,2016,8,3,7,0,0,0,1,1,0,0,2,6,2,0,3,3,0
4956,4,10,428,2016,8,3,9,0,0,1,0,1,0,0,2,5,3,0,3,2,1
4957,1,20,141,2016,8,4,10,0,1,0,0,0,0,1,2,1,7,0,3,3,0
4958,1,6,115,2016,8,2,17,0,0,1,1,0,0,0,2,6,4,1,3,3,0
4959,5,7,515,2016,8,2,9,0,1,0,0,0,0,0,1,0,7,0,3,3,0
4960,4,13,432,2016,9,7,11,1,0,0,0,1,0,0,2,0,7,0,3,3,0
4961,7,5,706,2016,8,4,9,0,1,1,0,0,0,0,2,5,3,0,3,3,0
4962,5,10,518,2016,8,6,18,0,0,1,1,0,0,0,2,6,7,0,3,2,1
4963,5,10,518,2016,8,2,15,0,1,0,0,0,0,1,2,0,7,0,3,2,1
4964,1,16,136,2016,8,4,17,0,0,1,0,0,0,0,1,4,2,0,3,3,0
4965,7,1,702,2016,8,4,5,0,1,1,0,0,0,0,2,5,2,1,3,2,1
4966,4,13,432,2016,8,6,17,0,0,1,0,1,0,0,2,5,2,0,3,2,1
4967,5,2,505,2016,8,7,12,0,1,1,0,0,0,0,2,4,2,0,3,3,0
4968,3,3,314,2016,9,6,12,0,1,1,0,0,0,0,2,0,5,0,3,3,0
4969,7,4,705,2016,8,6,15,0,1,0,0,0,0,0,1,0,7,0,3,3,0
4970,7,12,713,2016,8,6,13,1,0,1,0,0,0,0,2,9,1,0,3,2,1
4971,3,8,320,2016,9,5,16,0,1,1,0,0,0,0,2,5,3,0,3,3,0
4972,7,1,701,2016,8,3,13,0,0,1,0,0,0,0,1,2,3,0,3,3,0
4973,1,4,111,2016,8,5,2,0,0,1,1,0,0,0,2,6,4,2,3,3,0
4974,1,16,137,2016,8,6,16,0,1,0,0,0,0,0,1,5,3,0,3,3,0
4975,7,1,702,2016,8,4,21,0,1,0,0,0,1,0,2,3,2,1,3,3,0
4976,1,15,134,2016,9,7,12,0,0,1,0,0,0,0,1,2,6,0,3,3,0
4977,3,6,318,2016,8,2,16,0,0,1,0,0,0,0,1,2,6,0,3,3,0
4978,1,20,141,2016,8,2,15,0,1,1,0,0,0,0,2,5,3,0,3,3,0
4979,4,6,415,2016,8,3,8,0,0,0,0,1,0,0,1,0,7,0,3,2,1
4980,5,18,526,2016,8,4,8,1,1,1,0,0,0,0,3,5,3,0,3,2,1
4981,6,6,607,2016,8,4,15,0,0,0,0,1,0,0,1,4,2,0,3,2,1
4982,1,8,123,2016,8,2,19,0,1,1,0,0,0,0,2,1,5,0,3,3,0
4983,4,13,432,2016,8,6,14,0,1,0,0,0,1,0,2,0,3,0,3,3,0
4984,4,10,426,2016,8,2,10,0,0,1,0,0,0,0,1,2,6,0,3,3,0
4985,3,1,309,2016,9,7,11,1,0,1,0,0,0,1,3,5,7,0,3,3,0
4986,6,1,601,2016,8,4,7,0,0,0,0,0,0,1,1,5,3,0,3,3,0
4987,4,13,432,2016,8,6,13,0,0,1,0,0,0,0,1,4,2,0,3,3,0
4988,1,19,140,2016,8,6,13,1,0,1,0,0,1,1,4,5,3,0,3,2,1
4989,5,7,515,2016,8,7,16,0,0,1,0,1,0,0,2,5,3,0,3,3,0
4990,1,13,131,2016,8,5,12,0,1,0,0,0,1,0,2,5,2,0,3,3,0
4991,6,14,615,2016,8,6,14,0,1,1,0,0,0,0,2,5,3,0,3,3,0
4992,1,16,137,2016,8,3,14,0,1,0,0,0,0,0,1,4,6,0,3,3,0
4993,1,12,130,2016,8,6,19,1,0,1,0,1,0,0,3,4,2,1,3,3,0
4994,3,1,303,2016,8,2,13,0,0,1,0,0,0,0,1,4,2,0,3,3,0
4995,7,1,702,2016,8,2,10,0,0,0,1,0,0,1,2,6,7,0,3,3,0
4996,1,6,118,2016,8,4,15,0,0,1,0,1,0,0,2,1,6,0,3,3,0
4997,7,8,709,2016,8,3,8,0,0,1,0,0,0,0,1,2,6,0,3,3,0
4998,1,16,137,2016,8,4,19,0,1,1,0,0,0,0,2,5,3,0,3,3,0
4999,1,17,138,2016,9,6,10,0,1,1,0,0,0,0,2,5,3,0,3,3,0
5000,1,12,130,2016,8,5,16,0,0,1,0,0,0,1,2,2,6,0,3,3,0
5001,6,14,615,2016,8,6,14,1,0,0,0,1,0,0,2,0,1,0,3,3,0
5002,1,14,132,2016,8,6,17,1,0,1,0,0,0,0,2,1,6,0,3,3,0
5003,6,5,606,2016,8,2,15,0,0,0,0,1,0,1,2,5,2,0,3,1,1
5004,1,3,108,2016,9,5,13,0,1,1,0,0,0,0,2,1,7,0,3,3,0
5005,1,12,130,2016,8,3,23,0,0,1,0,0,0,0,1,9,1,2,3,3,0
5006,1,12,130,2016,8,4,19,0,0,1,0,0,0,0,1,2,6,0,3,3,0
5007,1,11,129,2016,8,4,9,1,0,1,0,0,0,0,2,2,6,0,3,3,0
5008,4,9,425,2016,9,7,14,0,1,1,0,0,0,0,2,1,5,0,3,3,0
5009,3,4,316,2016,8,2,12,1,1,1,0,0,0,0,3,1,5,0,3,3,0
5010,2,11,224,2016,8,3,20,0,1,1,0,0,0,0,2,5,3,2,3,3,0
5011,5,4,512,2016,8,4,8,0,0,0,1,0,1,0,2,6,7,0,3,2,1
5012,1,14,132,2016,8,4,12,0,0,1,0,0,1,0,2,5,3,0,3,3,0
5013,5,7,515,2016,8,2,10,1,0,1,0,0,0,1,3,5,3,0,3,3,0
5014,4,13,432,2016,8,6,18,0,1,0,0,0,0,0,1,0,7,0,3,3,0
5015,3,9,321,2016,8,2,19,1,0,1,0,1,0,0,3,5,3,1,3,3,0
5016,6,5,606,2016,9,6,9,0,1,1,0,0,0,0,2,3,6,0,3,3,0
5017,1,6,115,2016,8,5,8,0,1,1,0,0,0,0,2,5,3,0,3,3,0
5018,5,18,526,2016,8,6,19,1,0,1,0,0,0,0,2,0,7,0,3,3,0
5019,5,16,524,2016,8,7,10,0,1,0,0,0,0,0,1,0,7,0,3,3,0
5020,4,4,407,2016,8,5,17,0,1,1,0,0,0,0,2,3,2,0,3,3,0
5021,1,6,117,2016,8,6,6,0,0,1,0,1,0,0,2,4,7,0,3,2,1
5022,1,16,137,2016,8,3,12,0,0,1,0,0,0,0,1,2,6,0,3,3,0
5023,2,4,213,2016,8,2,13,0,1,1,0,0,0,0,2,5,3,0,3,3,0
5024,1,11,128,2016,8,2,12,0,1,1,0,0,0,0,2,5,3,0,3,3,0
5025,5,3,510,2016,8,4,18,0,0,1,0,1,0,0,2,4,2,0,3,3,0
5026,1,12,130,2016,8,3,19,0,0,1,0,1,0,0,2,5,3,0,3,3,0
5027,1,14,132,2016,8,4,16,0,1,1,0,0,0,0,2,5,3,0,3,3,0
5028,1,4,112,2016,8,4,18,0,1,0,0,1,0,0,2,3,7,0,3,3,0
5029,4,9,425,2016,8,4,17,0,0,1,0,0,0,1,2,5,3,0,3,3,0
5030,5,5,513,2016,8,4,14,0,1,1,0,0,0,0,2,5,2,0,3,3,0
5031,4,3,406,2016,8,2,17,1,1,1,0,0,0,0,3,4,2,0,3,3,0
5032,4,4,407,2016,8,7,17,0,0,0,0,1,0,0,1,8,1,0,3,3,0
5033,5,5,513,2016,8,4,12,1,0,1,0,0,0,0,2,5,3,0,3,3,0
5034,1,1,102,2016,8,4,17,0,0,0,0,1,0,1,2,3,7,0,3,3,0
5035,4,10,429,2016,8,4,16,0,0,1,0,0,0,0,1,5,2,0,3,3,0
5036,5,6,514,2016,8,4,7,0,0,1,0,1,0,0,2,5,2,0,3,2,1
5037,4,13,432,2016,8,2,20,0,1,1,0,0,0,0,2,5,3,1,3,3,0
5038,4,4,407,2016,8,6,13,0,0,1,0,0,0,0,1,1,6,0,3,3,0
5039,3,5,317,2016,8,2,5,0,1,1,0,0,0,0,2,5,3,1,3,3,0
5040,5,18,526,2016,9,6,7,0,0,1,1,0,0,0,2,6,4,0,3,3,0
5041,4,4,407,2016,8,5,20,0,0,1,0,1,0,0,2,4,2,0,3,3,0
5042,5,5,513,2016,8,6,13,1,0,1,0,0,0,0,2,5,3,0,3,3,0
5043,1,16,137,2016,9,5,19,0,0,0,0,1,0,0,1,0,7,0,3,3,0
5044,4,6,415,2016,8,7,9,0,0,1,0,0,0,1,2,5,3,0,3,2,1
5045,5,18,526,2016,8,6,14,1,0,1,0,0,0,0,2,3,6,0,3,3,0
5046,6,1,601,2016,8,3,21,0,1,1,0,0,0,0,2,5,2,2,3,2,1
5047,3,2,312,2016,8,2,12,0,0,1,0,0,0,0,1,1,6,0,3,3,0
5048,5,7,515,2016,8,2,15,0,1,1,0,0,0,0,2,1,5,0,3,3,0
5049,4,13,432,2016,8,4,8,0,1,1,0,0,0,0,2,5,2,0,3,3,0
5050,1,8,124,2016,8,3,16,0,1,1,0,0,0,0,2,0,7,0,3,3,0
5051,3,2,312,2016,8,2,18,1,0,1,0,0,0,0,2,2,6,0,3,3,0
5052,4,11,430,2016,8,4,20,1,0,0,0,1,0,0,2,0,1,0,3,3,0
5053,5,5,513,2016,8,4,13,0,1,1,0,0,0,0,2,5,2,0,3,3,0
5054,2,14,227,2016,8,6,11,0,0,1,1,0,0,0,2,6,4,0,3,3,0
5055,2,8,220,2016,8,7,17,0,0,1,0,1,0,0,2,4,7,0,3,3,0
5056,3,1,305,2016,9,6,13,0,1,0,0,0,0,1,2,5,3,0,3,3,0
5057,5,2,507,2016,8,6,23,0,0,1,1,0,0,0,2,0,7,2,3,3,0
5058,5,2,508,2016,8,6,15,1,0,1,0,0,0,0,2,5,3,0,3,3,0
5059,4,6,415,2016,9,5,15,0,0,1,0,0,0,0,1,1,6,0,3,3,0
5060,5,18,526,2016,8,3,18,0,0,1,0,0,0,0,1,5,2,0,3,3,0
5061,5,4,512,2016,8,4,9,1,1,1,0,0,0,0,3,5,3,0,3,3,0
5062,4,11,430,2016,8,6,15,0,0,1,0,0,0,0,1,4,7,0,3,3,0
5063,4,5,410,2016,9,6,15,0,0,1,0,0,0,0,1,1,6,0,3,3,0
5064,4,8,418,2016,8,5,5,0,1,1,0,0,0,0,2,5,3,0,3,3,0
5065,5,7,515,2016,8,6,14,1,0,1,0,0,0,1,3,2,6,0,3,3,0
5066,5,2,506,2016,9,5,16,0,1,1,0,0,0,0,2,1,5,0,3,3,0
5067,3,4,315,2016,8,7,14,0,0,1,0,0,0,1,2,5,7,0,3,2,1
5068,5,11,519,2016,8,6,17,0,0,1,0,0,0,1,2,2,6,0,3,3,0
5069,6,2,602,2016,8,3,14,0,0,1,1,0,0,0,2,6,7,0,3,3,0
5070,2,2,207,2016,8,2,22,1,1,0,0,0,0,0,2,0,6,2,3,3,0
5071,5,7,515,2016,8,2,22,0,0,1,0,1,0,0,2,1,7,2,3,3,0
5072,2,5,215,2016,8,3,17,0,1,1,0,0,0,0,2,5,3,0,3,3,0
5073,5,11,519,2016,8,4,14,0,0,1,0,0,0,0,1,1,6,0,3,3,0
5074,4,5,409,2016,8,3,14,0,0,1,0,0,0,1,2,2,6,0,3,3,0
5075,3,1,309,2016,8,2,11,0,1,1,0,0,0,0,2,5,3,0,3,3,0
5076,5,7,515,2016,9,7,8,0,0,1,0,0,0,0,1,2,2,0,3,3,0
5077,4,13,432,2016,8,4,8,1,1,0,0,0,0,1,3,5,3,0,3,3,0
5078,5,17,525,2016,8,4,19,0,1,0,0,0,0,0,1,0,7,1,3,3,0
5079,2,8,220,2016,8,6,10,0,0,1,0,0,0,1,2,3,6,0,3,3,0
5080,3,5,317,2016,8,7,13,0,0,1,0,0,0,0,1,1,6,0,3,3,0
5081,1,4,110,2016,9,6,23,0,0,1,1,0,0,0,2,6,7,2,3,3,0
5082,5,1,501,2016,8,5,15,0,0,1,0,1,0,0,2,5,2,0,3,3,0
5083,5,10,518,2016,8,6,12,0,1,1,0,0,0,0,2,5,3,0,3,3,0
5084,4,13,432,2016,8,6,15,1,0,1,0,1,0,0,3,0,7,0,3,3,0
5085,4,12,431,2016,8,2,16,0,0,1,0,0,0,0,1,0,6,0,3,2,1
5086,3,1,301,2016,9,5,8,0,0,1,0,0,0,1,2,0,7,0,3,3,0
5087,5,1,504,2016,8,3,16,0,0,1,0,0,0,0,1,5,3,0,3,3,0
5088,5,18,526,2016,8,4,8,1,0,1,1,0,0,0,3,6,4,0,3,2,1
5089,5,18,526,2016,8,4,19,1,0,0,0,1,0,0,2,0,1,0,3,3,0
5090,1,12,130,2016,9,7,9,1,0,1,0,0,0,0,2,9,7,0,3,2,1
5091,1,3,108,2016,8,2,8,0,1,0,0,0,0,1,2,5,2,0,3,2,1
5092,4,13,432,2016,8,2,4,1,0,1,0,1,0,0,3,0,3,2,3,3,0
5093,2,5,215,2016,8,3,13,0,1,1,0,0,0,0,2,5,3,0,3,3,0
5094,4,12,431,2016,8,4,14,1,0,1,0,0,0,0,2,5,3,0,3,3,0
5095,4,12,431,2016,8,4,17,0,0,1,0,0,0,0,1,2,6,0,3,3,0
5096,4,8,422,2016,8,2,17,0,1,0,0,0,0,0,1,5,3,0,3,3,0
5097,3,7,319,2016,8,6,15,0,0,1,0,0,0,0,1,2,7,0,3,3,0
5098,6,12,613,2016,8,1,6,0,0,1,0,0,0,0,1,8,1,0,3,3,0
5099,1,4,110,2016,9,7,12,1,0,1,0,0,0,0,2,2,6,0,3,3,0
5100,1,5,114,2016,8,2,23,1,0,1,0,0,0,0,2,5,3,2,3,3,0
5101,2,14,227,2016,8,2,9,0,0,1,0,0,0,1,2,4,6,0,3,3,0
5102,3,1,308,2016,8,3,15,0,1,0,0,0,0,0,1,5,3,0,3,3,0
5103,4,10,426,2016,8,4,18,0,0,1,0,0,0,0,1,2,6,1,3,3,0
5104,5,1,501,2016,8,2,10,1,0,1,0,0,0,1,3,5,3,0,3,3,0
5105,5,5,513,2016,8,1,13,0,0,1,0,1,0,0,2,5,3,0,3,3,0
5106,4,10,427,2016,9,7,10,0,1,1,0,0,0,0,2,3,5,0,3,3,0
5107,4,10,426,2016,8,4,15,0,0,1,0,0,0,0,1,2,6,0,3,3,0
5108,3,1,307,2016,8,6,14,0,0,1,0,0,0,0,1,2,6,0,3,3,0
5109,3,8,320,2016,8,5,23,0,1,0,1,0,0,0,2,0,7,2,3,3,0
5110,4,8,421,2016,8,6,14,1,0,1,0,0,0,0,2,4,2,0,3,3,0
5111,4,12,431,2016,8,6,8,1,1,1,0,0,0,0,3,5,3,0,3,2,1
5112,7,13,714,2016,8,1,18,0,0,1,0,0,0,0,1,0,7,0,3,3,0
5113,2,1,203,2016,8,2,11,0,1,0,1,0,0,0,2,6,3,0,3,3,0
5114,1,20,141,2016,8,4,11,0,0,1,0,0,0,0,1,2,6,0,3,3,0
5115,4,10,428,2016,8,3,15,0,0,1,0,1,0,0,2,3,2,0,3,3,0
5116,5,2,505,2016,8,4,8,1,0,1,0,0,0,0,2,2,6,0,3,3,0
5117,5,3,510,2016,8,4,12,1,0,1,0,0,0,0,2,5,2,0,3,3,0
5118,6,1,601,2016,8,1,23,0,0,1,0,0,0,1,2,3,6,2,3,3,0
5119,4,1,402,2016,8,3,16,0,1,1,0,0,0,0,2,5,3,0,3,3,0
5120,4,10,426,2016,8,4,16,1,0,1,0,0,0,1,3,5,3,0,3,2,1
5121,4,7,416,2016,8,4,15,0,0,1,0,1,0,0,2,2,7,0,3,3,0
5122,2,5,215,2016,8,2,17,0,0,1,0,1,0,0,2,2,6,0,3,3,0
5123,2,1,201,2016,8,6,15,0,1,1,0,0,0,0,2,3,2,0,3,2,1
5124,5,6,514,2016,8,1,11,0,0,1,0,1,0,0,2,4,2,0,3,3,0
5125,1,12,130,2016,9,6,15,0,0,1,0,0,0,0,1,1,7,0,3,3,0
5126,2,11,224,2016,8,5,8,0,1,1,0,0,0,0,2,4,2,0,3,3,0
5127,3,8,320,2016,8,6,16,1,0,1,0,0,0,0,2,2,6,0,3,3,0
5128,7,12,713,2016,9,6,22,0,0,1,0,0,1,0,2,0,6,2,3,3,0
5129,1,4,112,2016,8,7,22,0,1,1,1,0,0,0,3,6,6,2,3,3,0
5130,2,9,221,2016,8,5,15,0,0,1,0,1,0,0,2,1,5,0,3,3,0
5131,3,9,321,2016,8,6,22,0,0,1,0,1,0,0,2,5,7,2,3,3,0
5132,1,13,131,2016,8,3,14,0,1,1,0,0,0,0,2,3,2,0,3,3,0
5133,2,5,216,2016,8,4,14,0,0,1,0,0,0,0,1,2,6,0,3,3,0
5134,2,1,201,2016,8,6,11,0,0,0,1,0,0,1,2,6,4,0,3,3,0
5135,3,5,317,2016,8,6,15,1,1,0,0,0,0,0,2,4,6,0,3,3,0
5136,1,2,103,2016,8,7,8,0,0,1,0,0,0,0,1,5,3,0,3,3,0
5137,2,5,215,2016,8,5,16,0,1,0,0,0,0,1,2,3,2,0,3,3,0
5138,3,9,321,2016,8,6,15,0,0,1,0,1,0,0,2,2,2,0,3,3,0
5139,1,7,119,2016,8,3,19,0,0,1,0,0,0,0,1,9,7,0,3,3,0
5140,4,3,406,2016,8,6,14,1,0,1,0,0,0,0,2,2,6,0,3,3,0
5141,5,18,526,2016,8,1,20,0,0,1,0,0,0,0,1,5,3,0,3,3,0
5142,2,1,205,2016,8,2,19,0,1,1,0,0,0,0,2,1,7,0,3,3,0
5143,5,18,526,2016,8,4,22,0,0,1,0,0,0,0,1,5,3,2,3,3,0
5144,2,7,219,2016,8,3,8,1,0,1,0,1,0,0,3,0,2,0,3,3,0
5145,5,8,516,2016,8,4,13,1,0,1,0,1,0,0,3,1,7,0,3,3,0
5146,1,3,108,2016,8,4,12,0,1,0,0,0,0,0,1,7,7,0,3,2,1
5147,4,8,421,2016,8,4,17,1,0,1,0,0,0,0,2,1,6,0,3,3,0
5148,2,7,219,2016,8,4,17,0,1,0,0,0,0,0,1,4,6,0,3,3,0
5149,3,1,309,2016,8,6,20,0,0,1,0,0,0,0,1,2,6,2,3,3,0
5150,5,4,512,2016,8,1,12,0,0,1,1,0,0,0,2,6,4,0,3,3,0
5151,5,10,518,2016,9,6,7,0,0,1,0,0,0,0,1,5,3,0,3,3,0
5152,2,5,216,2016,8,5,10,0,1,1,0,0,0,0,2,3,2,0,3,3,0
5153,3,5,317,2016,8,6,6,1,1,1,0,0,0,0,3,5,3,0,3,3,0
5154,6,14,615,2016,9,5,14,0,0,1,0,0,0,0,1,1,6,0,3,3,0
5155,7,9,710,2016,8,6,12,0,1,1,0,0,0,0,2,5,3,0,3,3,0
5156,3,8,320,2016,8,6,19,0,0,1,1,0,0,0,2,6,4,0,3,3,0
5157,5,5,513,2016,8,3,6,0,1,1,0,0,0,0,2,5,3,1,3,3,0
5158,5,3,510,2016,8,1,14,0,0,1,0,0,0,0,1,2,6,0,3,2,1
5159,3,2,312,2016,8,2,16,0,0,1,0,0,1,0,2,3,6,0,3,3,0
5160,2,8,220,2016,8,3,8,1,0,0,0,1,0,0,2,0,1,0,3,3,0
5161,4,10,429,2016,8,1,16,0,1,0,0,0,0,1,2,1,5,0,3,3,0
5162,2,7,219,2016,8,4,16,0,0,1,0,0,0,0,1,5,3,0,3,3,0
5163,3,1,310,2016,8,4,8,0,1,0,0,0,0,1,2,3,2,0,3,3,0
5164,4,9,424,2016,8,1,10,0,0,1,1,0,0,0,2,6,2,0,3,3,0
5165,6,12,613,2016,8,1,13,1,1,1,0,0,0,0,3,0,6,0,3,3,0
5166,5,7,515,2016,8,4,19,0,1,0,1,0,0,0,2,6,4,0,3,3,0
5167,2,3,209,2016,8,3,8,1,1,1,0,0,0,0,3,3,2,0,3,3,0
5168,2,8,220,2016,8,4,12,0,0,1,0,0,0,1,2,5,2,0,3,3,0
5169,1,1,101,2016,8,6,16,0,0,1,0,1,0,0,2,1,5,0,3,3,0
5170,4,13,432,2016,8,1,9,0,0,1,0,0,0,0,1,5,3,0,3,3,0
5171,1,16,136,2016,8,6,17,0,0,1,0,0,0,0,1,5,3,0,3,3,0
5172,4,7,416,2016,9,6,21,0,1,1,0,0,0,0,2,5,3,2,3,3,0
5173,1,2,104,2016,8,5,6,0,0,1,0,0,0,0,1,5,3,0,3,3,0
5174,1,1,102,2016,8,6,20,1,0,1,0,1,0,0,3,4,2,2,3,3,0
5175,4,4,407,2016,9,5,19,0,1,1,0,0,0,0,2,5,2,0,3,3,0
5176,6,1,601,2016,8,6,20,0,0,1,0,0,0,0,1,5,3,0,3,3,0
5177,3,2,312,2016,8,3,14,0,1,0,0,0,0,0,1,4,2,0,3,3,0
5178,5,11,519,2016,8,4,14,1,0,1,0,0,0,0,2,3,6,0,3,3,0
5179,2,8,220,2016,8,6,13,0,0,1,0,0,0,1,2,1,6,0,3,3,0
5180,4,6,415,2016,8,1,9,0,0,1,0,0,0,0,1,3,2,0,3,3,0
5181,1,8,121,2016,8,1,14,0,0,1,0,0,0,0,1,4,2,0,3,3,0
5182,3,1,306,2016,8,3,16,0,1,1,0,0,0,0,2,2,2,0,3,3,0
5183,6,2,602,2016,8,3,11,0,0,0,0,0,0,1,1,0,7,0,3,3,0
5184,3,1,303,2016,8,2,21,0,1,1,0,0,0,0,2,3,6,2,3,3,0
5185,3,6,318,2016,8,1,13,0,1,1,0,0,0,0,2,5,3,0,3,3,0
5186,4,13,432,2016,9,7,11,1,0,1,0,0,0,0,2,5,6,0,3,3,0
5187,5,6,514,2016,8,3,12,1,0,1,0,0,0,0,2,5,2,0,3,2,1
5188,3,5,317,2016,8,4,7,0,0,1,0,1,0,0,2,2,7,0,3,3,0
5189,1,3,108,2016,8,6,11,0,1,1,0,0,0,0,2,5,2,0,3,3,0
5190,1,3,108,2016,9,6,11,0,0,0,0,1,1,0,2,0,6,0,3,2,1
5191,7,14,715,2016,8,4,19,0,0,1,0,1,0,0,2,5,3,0,3,3,0
5192,3,7,319,2016,8,6,1,0,0,1,0,0,0,0,1,5,3,2,3,3,0
5193,1,3,108,2016,8,6,1,1,0,1,0,0,0,0,2,2,6,2,3,3,0
5194,5,2,508,2016,8,1,13,0,1,0,1,0,0,0,2,6,7,0,3,2,1
5195,3,2,312,2016,9,5,9,0,1,1,0,0,0,0,2,5,3,0,3,3,0
5196,1,6,116,2016,8,6,13,0,1,0,0,0,0,1,2,5,6,0,3,3,0
5197,6,14,615,2016,8,6,17,0,1,1,0,0,0,0,2,5,3,0,3,3,0
5198,2,3,210,2016,9,6,14,0,1,0,1,0,0,0,2,6,6,0,3,2,1
5199,2,1,204,2016,8,6,16,0,0,1,1,0,0,0,2,6,2,0,3,3,0
5200,1,1,101,2016,8,6,13,1,1,0,1,0,0,0,3,6,4,0,3,3,0
5201,1,16,137,2016,8,4,17,0,0,1,0,0,0,0,1,2,6,0,3,3,0
5202,3,9,321,2016,9,5,16,0,0,1,0,0,1,0,2,1,7,0,3,3,0
5203,3,3,313,2016,8,3,8,0,1,1,0,0,0,0,2,4,6,0,3,3,0
5204,4,6,415,2016,8,4,12,1,0,1,0,0,1,0,3,2,6,0,3,3,0
5205,3,2,312,2016,8,6,23,0,0,1,0,0,0,1,2,3,7,2,3,3,0
5206,4,3,406,2016,8,4,15,1,0,1,1,0,0,0,3,6,4,0,3,3,0
5207,4,10,428,2016,8,1,17,0,1,1,0,0,0,0,2,3,6,0,3,3,0
5208,5,7,515,2016,8,1,19,0,1,1,0,0,0,0,2,4,6,0,3,3,0
5209,3,5,317,2016,8,3,18,0,1,0,0,0,0,0,1,0,7,0,3,3,0
5210,5,6,514,2016,8,3,19,1,0,0,0,1,0,0,2,0,7,0,3,3,0
5211,3,2,312,2016,8,4,13,0,1,0,0,0,0,0,1,3,6,0,3,3,0
5212,1,4,111,2016,8,2,16,0,1,1,0,0,0,0,2,5,2,0,3,3,0
5213,1,14,132,2016,8,7,1,1,0,1,0,0,0,0,2,9,1,2,3,2,1
5214,3,3,313,2016,9,7,16,0,1,1,0,0,0,0,2,1,5,0,3,3,0
5215,3,2,312,2016,8,4,12,0,1,1,0,0,0,0,2,4,2,0,3,3,0
5216,1,16,137,2016,8,6,20,1,0,0,0,1,0,1,3,0,7,0,3,3,0
5217,1,19,140,2016,8,6,13,1,0,1,0,0,1,0,3,3,6,0,3,3,0
5218,6,3,604,2016,8,6,18,0,1,0,0,0,0,0,1,0,7,0,3,3,0
5219,6,9,610,2016,8,4,10,0,0,0,0,0,1,1,2,5,2,0,3,3,0
5220,5,6,514,2016,8,3,16,0,1,0,1,0,0,0,2,6,7,0,3,2,1
5221,7,16,717,2016,8,5,17,1,0,0,0,0,0,1,2,9,1,0,3,2,1
5222,2,7,219,2016,8,1,18,0,0,1,1,0,0,0,2,6,4,0,3,2,1
5223,5,7,515,2016,8,1,1,1,0,1,0,0,0,0,2,0,7,2,3,2,1
5224,6,1,601,2016,8,4,10,0,1,1,0,0,0,0,2,3,6,0,3,3,0
5225,3,3,313,2016,8,3,14,0,1,0,1,0,0,0,2,6,7,0,3,3,0