SN,District,Imperial_Circle,Community,Year,Month,Weekday,Hour,Road,Cycle,Car,Pedestrians,Motorcycle,Goods Vehicle,Others,Total,Collision Type,Accident Type,Light Condition,Road Condition,Accident_Severity,Severity
5226,3,4,316,2016,8,4,13,1,0,1,0,0,0,1,3,2,6,0,3,3,0
5227,1,12,130,2016,9,2,16,0,0,1,0,0,0,0,1,2,6,0,3,3,0
5228,1,12,130,2016,9,2,7,1,0,1,0,0,0,0,2,2,2,0,3,3,0
5229,5,7,515,2016,9,3,18,1,0,1,0,0,0,0,2,2,6,0,3,3,0
5230,5,3,510,2016,9,1,0,0,0,1,0,0,0,0,1,3,5,2,3,3,0
5231,5,1,501,2016,9,4,10,0,0,1,0,0,0,0,1,3,2,0,3,3,0
5232,7,3,704,2016,9,2,13,0,0,1,0,0,0,1,2,5,2,0,3,3,0
5233,1,12,130,2016,9,5,16,0,1,1,0,0,0,0,2,5,2,0,3,3,0
5234,2,3,209,2016,9,2,10,0,1,1,0,0,0,0,2,3,6,0,3,3,0
5235,4,8,419,2016,9,3,9,0,1,1,0,0,0,0,2,3,6,0,3,3,0
5236,7,13,714,2016,9,6,20,0,1,1,0,0,0,0,2,0,5,2,3,3,0
5237,3,1,301,2016,9,4,13,0,1,1,0,0,0,0,2,5,3,0,3,3,0
5238,4,10,428,2016,9,5,14,0,1,0,0,0,1,0,2,3,6,0,3,3,0
5239,1,11,128,2016,9,2,7,1,0,1,1,0,0,0,3,6,4,0,3,3,0
5240,4,13,432,2016,9,7,20,0,0,1,0,0,0,0,1,2,2,2,3,3,0
5241,5,4,512,2016,9,3,15,0,0,1,0,1,0,0,2,5,3,0,3,3,0
5242,2,5,215,2016,9,3,18,0,1,1,0,0,0,0,2,5,3,0,3,3,0
5243,1,17,138,2016,9,1,11,0,1,0,0,0,0,0,1,0,7,0,3,3,0
5244,5,16,524,2016,9,2,8,0,1,0,0,0,0,0,1,4,6,0,3,3,0
5245,1,12,130,2016,9,2,14,0,0,1,0,0,0,0,1,5,3,0,3,3,0
5246,4,6,415,2016,9,3,8,0,1,1,0,0,0,0,2,5,3,0,3,3,0
5247,6,1,601,2016,9,6,11,0,1,1,0,0,0,0,2,3,6,0,3,3,0
5248,1,5,113,2016,9,4,14,0,1,0,0,0,0,0,1,5,3,0,3,3,0
5249,2,7,219,2016,9,5,7,0,1,1,0,0,0,0,2,1,5,0,3,3,0
5250,3,1,310,2016,9,7,16,0,1,1,0,0,0,0,2,5,3,0,3,3,0
5251,2,4,213,2016,9,4,11,0,1,0,0,0,0,1,2,0,7,0,3,3,0
5252,1,8,126,2016,9,2,11,1,1,1,0,0,0,0,3,5,3,0,3,2,1
5253,4,4,407,2016,9,6,19,0,0,1,1,0,0,0,2,6,7,0,3,3,0
5254,5,18,526,2016,9,4,9,0,0,1,0,1,0,0,2,5,3,0,3,3,0
5255,5,18,526,2016,9,6,13,0,1,1,0,0,0,0,2,5,3,0,3,3,0
5256,1,16,135,2016,9,4,8,0,1,1,0,0,0,0,2,1,5,0,3,3,0
5257,5,4,512,2016,9,3,18,0,0,1,0,1,0,0,2,3,6,0,3,3,0
5258,3,3,314,2016,9,5,22,0,1,1,0,0,0,0,2,5,3,2,3,3,0
5259,1,5,114,2016,9,4,13,0,0,1,0,0,0,0,1,2,6,0,3,3,0
5260,5,1,503,2016,9,6,15,0,0,1,0,0,0,1,2,3,6,0,3,3,0
5261,5,10,518,2016,9,2,14,0,0,1,0,0,0,0,1,5,3,0,3,3,0
5262,5,18,526,2016,9,2,9,0,1,0,0,0,0,0,1,4,6,0,3,3,0
5263,5,6,514,2016,9,2,21,0,0,1,0,0,0,0,1,5,3,2,3,3,0
5264,5,2,508,2016,9,3,8,0,1,1,0,0,0,0,2,0,2,0,3,3,0
5265,1,5,114,2016,9,2,10,0,1,0,0,0,0,1,2,4,2,0,3,3,0
5266,4,5,413,2016,9,4,17,0,1,1,0,0,0,0,2,0,7,0,3,3,0
5267,3,2,312,2016,9,3,13,0,0,1,0,0,0,0,1,0,7,0,3,3,0
5268,5,18,526,2016,9,3,13,0,0,1,0,1,0,0,2,5,3,0,3,3,0
5269,7,13,714,2016,9,5,7,0,0,0,1,0,0,1,2,6,4,1,3,3,0
5270,3,1,307,2016,9,2,10,0,1,1,0,0,0,0,2,5,2,0,3,3,0
5271,6,14,615,2016,9,3,16,0,1,1,0,0,0,0,2,5,3,0,3,3,0
5272,3,6,318,2016,9,6,13,0,1,1,0,0,0,0,2,3,6,0,3,2,1
5273,2,14,227,2016,9,2,18,0,1,1,0,0,0,0,2,1,5,0,3,3,0
5274,5,6,514,2016,9,2,17,0,1,0,0,0,1,0,2,5,7,0,3,2,1
5275,4,6,415,2016,9,4,9,0,1,1,0,0,0,0,2,3,6,0,3,3,0
5276,5,5,513,2016,9,2,7,1,0,0,0,1,0,0,2,0,7,0,3,3,0
5277,1,11,129,2016,9,7,14,0,0,1,0,0,0,0,1,2,2,0,3,3,0
5278,5,7,515,2016,9,3,10,0,0,1,0,0,0,0,1,4,2,0,3,3,0
5279,2,14,227,2016,9,1,13,0,1,1,0,0,0,0,2,5,2,0,3,3,0
5280,6,11,612,2016,9,2,14,0,0,1,0,0,0,0,1,9,7,0,3,3,0
5281,1,2,103,2016,9,2,16,0,1,0,0,0,1,0,2,3,2,0,3,3,0
5282,3,9,321,2016,9,3,9,0,0,1,1,0,0,0,2,6,4,0,3,3,0
5283,6,1,601,2016,9,6,16,0,1,1,0,0,0,0,2,5,3,0,3,3,0
5284,3,1,308,2016,9,4,16,0,1,0,0,0,0,1,2,0,7,0,3,3,0
5285,2,11,223,2016,9,5,19,0,1,0,0,0,0,1,2,0,7,0,3,3,0
5286,5,13,521,2016,9,2,8,1,0,0,0,1,0,0,2,0,7,0,3,3,0
5287,2,8,220,2016,9,7,21,0,0,1,0,0,0,0,1,5,2,2,3,3,0
5288,5,4,512,2016,9,3,5,0,0,1,0,0,0,0,1,1,5,2,3,3,0
5289,2,9,221,2016,9,3,17,0,1,1,0,0,0,0,2,5,3,0,3,3,0
5290,4,13,432,2016,9,2,13,0,0,1,0,0,0,0,1,2,6,0,3,3,0
5291,2,11,223,2016,9,4,12,0,0,1,0,0,0,0,1,2,6,0,3,3,0
5292,2,8,220,2016,9,4,7,0,1,1,0,0,0,0,2,5,3,0,3,3,0
5293,4,12,431,2016,9,5,7,0,1,1,0,0,0,0,2,4,2,0,3,3,0
5294,4,3,406,2016,9,2,11,0,0,1,0,0,0,0,1,5,3,0,3,3,0
5295,5,3,511,2016,9,7,15,0,1,1,0,0,0,0,2,0,3,0,3,3,0
5296,5,7,515,2016,9,3,18,0,0,1,0,0,0,0,1,3,7,0,3,3,0
5297,3,8,320,2016,9,3,4,0,0,1,1,0,0,0,2,6,4,2,3,1,1
5298,1,3,105,2016,9,1,14,0,1,0,1,0,0,0,2,0,7,0,3,3,0
5299,1,7,120,2016,9,2,18,0,1,1,0,0,0,0,2,5,3,0,3,3,0
5300,2,10,222,2016,9,3,12,0,0,1,0,1,0,0,2,1,6,0,3,3,0
5301,5,6,514,2016,9,6,7,0,0,1,0,0,0,0,1,5,3,0,3,2,1
5302,1,4,109,2016,9,5,14,0,1,1,0,0,0,0,2,5,2,0,3,3,0
5303,7,1,701,2016,9,3,9,0,1,1,0,0,0,0,2,5,3,0,3,3,0
5304,5,18,526,2016,9,3,9,0,0,1,0,0,0,0,1,5,2,0,3,3,0
5305,4,2,405,2016,9,5,5,0,0,1,0,0,0,1,2,5,3,1,3,3,0
5306,1,2,103,2016,9,7,10,0,1,1,0,0,0,0,2,5,3,0,3,2,1
5307,3,2,312,2016,9,4,19,0,1,0,0,0,0,1,2,1,5,1,3,3,0
5308,4,7,416,2016,9,6,17,0,0,1,0,0,0,0,1,2,6,0,3,2,1
5309,3,5,317,2016,9,3,18,0,1,0,0,0,0,1,2,5,3,0,3,3,0
5310,1,16,136,2016,9,7,12,0,0,1,0,0,0,1,2,1,5,0,3,3,0
5311,4,11,430,2016,9,2,8,1,0,1,0,0,0,0,2,3,6,0,3,3,0
5312,4,9,425,2016,9,6,15,0,1,1,0,0,0,0,2,0,5,0,3,3,0
5313,6,2,603,2016,9,4,14,0,1,1,0,0,0,0,2,5,3,0,3,3,0
5314,7,13,714,2016,9,3,15,0,1,1,0,0,0,0,2,5,3,0,3,3,0
5315,3,8,320,2016,9,6,15,0,1,1,0,0,0,0,2,5,2,0,3,3,0
5316,4,5,413,2016,9,2,9,0,1,1,0,0,0,0,2,3,6,0,3,3,0
5317,4,7,417,2016,9,2,17,0,0,1,0,0,0,0,1,3,7,0,3,3,0
5318,4,8,422,2016,9,2,8,1,1,1,0,0,0,0,3,3,2,0,3,3,0
5319,4,10,426,2016,9,2,10,1,0,1,0,0,0,1,3,3,6,0,3,3,0
5320,4,5,413,2016,9,6,8,0,0,1,0,1,0,0,2,5,3,0,3,3,0
5321,5,9,517,2016,9,4,17,0,0,1,0,0,0,0,1,2,6,0,3,3,0
5322,2,1,201,2016,9,3,18,0,0,1,0,1,0,0,2,5,3,0,3,3,0
5323,1,11,128,2016,9,3,5,0,0,1,0,0,0,1,2,4,2,2,3,3,0
5324,1,3,108,2016,9,6,11,0,1,1,0,0,0,0,2,1,6,0,3,3,0
5325,2,7,219,2016,9,2,17,0,1,1,0,0,0,0,2,5,3,0,3,3,0
5326,2,14,227,2016,9,3,10,0,0,1,0,0,0,1,2,1,5,0,3,3,0
5327,3,8,320,2016,9,2,11,0,1,0,1,0,0,0,2,6,3,0,3,3,0
5328,3,8,320,2016,9,4,16,0,1,1,0,0,0,0,2,5,2,0,3,3,0
5329,1,6,116,2016,9,5,19,0,0,1,1,0,0,0,2,6,2,1,3,3,0
5330,3,8,320,2016,9,2,12,0,1,1,0,0,0,0,2,5,3,0,3,3,0
5331,1,8,126,2016,9,7,3,0,0,1,0,0,0,0,1,5,5,2,3,3,0
5332,4,11,430,2016,9,3,15,0,0,1,0,0,0,0,1,1,1,0,3,3,0
5333,5,17,525,2016,9,3,8,0,1,0,0,0,1,0,2,5,3,0,3,3,0
5334,2,1,203,2016,9,1,17,0,1,1,0,0,0,0,2,3,2,0,3,3,0
5335,1,11,129,2016,9,2,19,0,1,1,0,0,0,0,2,5,3,1,3,3,0
5336,4,10,429,2016,9,3,19,0,0,1,0,1,0,0,2,5,3,2,3,2,1
5337,7,4,705,2016,9,1,11,0,0,1,1,0,0,0,2,6,2,0,3,2,1
5338,5,1,501,2016,9,4,20,0,0,1,0,0,0,0,1,2,2,2,3,3,0
5339,1,19,140,2016,9,3,15,0,0,0,1,0,1,0,2,6,7,0,3,3,0
5340,5,4,512,2016,9,3,8,0,1,1,0,0,0,0,2,1,7,0,3,3,0
5341,6,14,615,2016,9,5,17,0,0,1,1,0,0,0,2,6,7,0,3,2,1
5342,3,5,317,2016,9,2,16,0,0,1,1,0,0,0,2,6,4,0,3,3,0
5343,2,8,220,2016,9,3,7,0,0,1,1,0,0,0,2,6,4,0,3,2,1
5344,3,1,301,2016,9,4,16,0,1,1,0,0,0,0,2,1,5,0,3,2,1
5345,2,4,214,2016,9,4,19,0,1,0,0,0,0,0,1,5,3,1,3,3,0
5346,4,5,413,2016,9,5,8,0,1,0,1,0,0,0,2,6,3,0,3,3,0
5347,2,4,212,2016,9,2,13,0,1,1,0,0,0,0,2,5,3,0,3,2,1
5348,4,13,432,2016,9,7,21,0,0,1,0,0,0,1,2,4,2,2,3,3,0
5349,5,12,520,2016,9,3,5,0,1,1,0,0,0,0,2,5,3,1,3,3,0
5350,2,5,217,2016,9,3,22,0,1,1,0,0,0,0,2,4,2,2,3,2,1
5351,1,5,114,2016,9,1,13,0,0,1,1,0,0,0,2,6,7,0,3,2,1
5352,5,7,515,2016,9,2,16,0,0,1,0,0,0,1,2,1,5,0,3,3,0
5353,5,5,513,2016,9,6,18,0,0,1,0,0,0,0,1,5,3,0,3,3,0
5354,3,7,319,2016,9,3,8,0,1,1,0,0,0,0,2,5,3,0,3,2,1
5355,6,2,602,2016,9,6,13,0,1,1,0,0,0,0,2,3,2,0,3,3,0
5356,3,1,310,2016,9,4,8,0,0,1,0,0,0,0,1,8,7,0,3,3,0
5357,2,5,217,2016,9,5,16,0,0,1,0,0,0,0,1,1,6,0,3,3,0
5358,2,1,205,2016,9,7,12,0,0,1,1,0,0,0,2,6,4,0,3,3,0
5359,3,7,319,2016,9,2,15,0,0,1,0,0,0,0,1,3,6,0,3,3,0
5360,5,11,519,2016,9,6,12,0,0,0,1,0,0,1,2,6,2,0,3,3,0
5361,1,6,118,2016,9,4,9,0,0,1,0,1,0,0,2,1,5,0,3,3,0
5362,1,16,137,2016,9,3,15,0,0,1,0,0,0,0,1,2,6,0,3,3,0
5363,3,6,318,2016,9,6,21,0,1,0,0,0,0,0,1,4,6,2,3,2,1
5364,7,11,712,2016,9,4,9,0,0,1,0,0,0,0,1,2,2,0,3,3,0
5365,3,1,309,2016,9,5,16,0,0,1,1,0,0,0,2,6,7,0,3,3,0
5366,1,3,108,2016,9,4,15,0,0,1,0,0,0,0,1,5,3,0,3,3,0
5367,5,1,504,2016,9,6,15,0,0,1,0,1,0,0,2,2,2,0,3,3,0
5368,5,11,519,2016,9,2,11,0,1,1,0,0,0,0,2,5,2,0,3,3,0
5369,4,2,403,2016,9,2,13,0,1,0,1,0,0,0,2,6,3,0,3,3,0
5370,2,1,202,2016,9,2,21,0,0,1,0,1,0,0,2,5,3,2,3,3,0
5371,5,6,514,2016,9,3,12,0,1,1,0,0,0,0,2,5,3,0,3,2,1
5372,1,1,102,2016,9,2,6,0,0,1,0,0,0,1,2,1,7,0,3,3,0
5373,4,4,407,2016,9,4,13,0,0,1,0,0,0,0,1,5,2,0,3,3,0
5374,3,2,312,2016,9,3,15,0,1,1,0,0,0,0,2,5,3,0,3,3,0
5375,1,6,115,2016,9,3,15,0,0,1,0,1,0,0,2,3,6,0,3,3,0
5376,1,19,140,2016,9,5,9,0,0,1,0,0,0,0,1,4,2,0,3,3,0
5377,3,5,317,2016,9,2,18,0,1,1,0,0,0,0,2,5,3,0,3,3,0
5378,2,1,203,2016,9,3,19,0,1,1,0,0,0,0,2,1,7,1,3,3,0
5379,2,1,204,2016,9,2,11,0,1,0,0,0,0,0,1,0,7,0,3,3,0
5380,3,9,321,2016,9,4,18,0,0,1,0,0,0,0,1,2,6,0,3,3,0
5381,4,10,426,2016,9,2,17,0,0,1,0,0,0,0,1,2,6,0,3,3,0
5382,1,3,106,2016,9,2,10,0,0,1,0,0,0,0,1,3,7,0,3,3,0
5383,4,7,416,2016,9,4,11,0,1,1,0,0,0,0,2,0,3,0,3,3,0
5384,1,4,112,2016,9,2,8,1,0,1,0,1,0,0,3,0,6,0,3,3,0
5385,1,11,129,2016,9,7,14,0,0,1,0,0,0,1,2,2,6,0,3,3,0
5386,5,7,515,2016,9,3,9,0,0,1,0,0,0,0,1,2,6,0,3,3,0
5387,3,9,321,2016,9,1,1,0,0,1,1,0,0,0,2,6,7,2,3,3,0
5388,6,1,601,2016,9,2,15,0,1,1,0,0,0,0,2,4,6,0,3,3,0
5389,1,14,132,2016,9,5,14,0,1,0,0,0,1,0,2,5,3,0,3,3,0
5390,3,2,311,2016,9,2,7,0,1,0,0,0,0,1,2,6,4,0,3,3,0
5391,1,4,110,2016,9,3,20,0,1,1,0,0,0,0,2,4,2,1,3,3,0
5392,7,9,710,2016,9,6,17,0,1,1,0,0,0,0,2,1,1,0,3,3,0
5393,2,1,203,2016,9,4,5,0,1,1,0,0,0,0,2,5,3,2,3,3,0
5394,3,9,321,2016,9,5,12,0,1,0,0,0,1,0,2,3,2,0,3,2,1
5395,1,2,103,2016,9,2,7,1,1,1,0,0,0,0,3,3,2,0,3,3,0
5396,2,11,223,2016,9,7,14,0,1,0,1,0,0,0,2,0,6,0,3,3,0
5397,5,12,520,2016,9,3,14,0,0,1,0,0,0,1,2,2,6,0,3,3,0
5398,3,1,308,2016,9,3,19,0,1,1,0,0,0,0,2,5,2,0,3,3,0
5399,7,2,703,2016,9,7,23,0,0,1,1,0,0,0,2,6,4,2,3,3,0
5400,5,10,518,2016,9,2,14,0,1,0,0,0,0,1,2,5,3,0,3,3,0
5401,2,7,219,2016,9,4,17,0,0,1,1,0,0,0,2,6,2,0,3,3,0
5402,4,13,432,2016,9,5,18,0,0,1,0,0,0,0,1,2,6,0,3,3,0
5403,1,17,138,2016,9,2,18,0,0,1,0,0,1,0,2,5,3,0,3,3,0
5404,5,3,510,2016,9,7,22,0,1,0,0,1,0,0,2,5,3,2,3,2,1
5405,4,5,410,2016,9,3,9,0,1,0,0,0,1,0,2,3,5,0,3,3,0
5406,4,8,423,2016,9,3,10,0,1,0,0,0,0,0,1,0,7,0,3,2,1
5407,3,3,314,2016,9,1,11,0,1,1,0,0,0,0,2,5,3,0,3,3,0
5408,1,12,130,2016,9,2,10,0,0,1,0,0,0,0,1,0,7,0,3,3,0
5409,1,4,109,2016,9,3,10,0,0,1,0,0,0,0,1,2,6,0,3,3,0
5410,5,5,513,2016,9,6,10,0,1,1,0,0,0,0,2,1,5,0,3,2,1
5411,1,5,114,2016,9,5,12,0,0,1,0,0,0,1,2,0,6,0,3,3,0
5412,1,5,114,2016,9,4,7,0,1,1,0,0,0,0,2,4,2,0,3,3,0
5413,3,5,317,2016,9,5,10,0,1,1,0,0,0,0,2,1,6,0,3,3,0
5414,1,1,101,2016,9,7,19,0,1,0,1,0,0,0,2,0,4,1,3,3,0
5415,2,1,203,2016,9,4,16,0,0,1,0,0,0,0,1,5,3,0,3,3,0
5416,1,16,137,2016,9,1,21,1,0,1,0,0,0,0,2,8,7,2,3,3,0
5417,1,3,108,2016,9,3,14,0,1,0,0,0,0,1,2,0,3,0,3,3,0
5418,5,18,526,2016,9,6,16,0,0,0,0,1,0,0,1,0,7,0,3,3,0
5419,6,7,608,2016,9,4,20,0,1,1,0,0,0,0,2,1,6,1,3,3,0
5420,7,1,702,2016,9,4,13,0,0,1,0,0,1,0,2,1,7,0,3,3,0
5421,5,1,504,2016,9,6,16,0,1,1,0,0,0,0,2,5,3,0,3,3,0
5422,4,4,407,2016,9,2,7,0,1,0,0,0,0,0,1,4,6,0,3,3,0
5423,1,16,136,2016,9,1,14,1,0,1,1,0,0,0,3,6,2,0,3,3,0
5424,1,13,131,2016,9,1,23,1,0,1,0,0,0,1,3,5,3,2,3,3,0
5425,5,2,508,2016,9,3,18,0,0,1,0,0,0,0,1,2,6,0,3,3,0
5426,1,5,114,2016,9,2,7,0,0,1,0,0,0,0,1,1,6,0,3,3,0
5427,4,8,423,2016,9,4,18,0,0,1,0,0,0,0,1,3,6,0,3,3,0
5428,1,1,101,2016,9,2,21,0,0,1,1,0,0,0,2,6,2,2,3,3,0
5429,4,12,431,2016,9,6,7,0,1,1,0,0,0,0,2,4,3,0,3,3,0
5430,5,4,512,2016,9,4,19,0,0,1,0,1,0,0,2,2,6,0,3,3,0
5431,1,13,131,2016,9,3,16,0,0,1,0,1,0,0,2,5,3,0,3,3,0
5432,2,1,202,2016,9,6,16,0,1,0,0,0,0,0,1,7,7,0,3,3,0
5433,2,9,221,2016,9,2,8,0,0,1,0,0,0,1,2,5,3,0,3,3,0
5434,5,7,515,2016,9,1,19,1,0,1,0,0,0,0,2,8,1,0,3,3,0
5435,4,8,423,2016,9,4,10,0,1,1,0,0,0,0,2,5,3,0,3,3,0
5436,1,8,123,2016,9,5,7,0,1,1,0,0,0,0,2,5,3,0,3,3,0
5437,4,3,406,2016,9,1,14,1,0,0,0,1,0,0,2,0,6,0,3,3,0
5438,1,6,116,2016,9,7,2,0,0,1,0,0,0,0,1,1,5,2,3,3,0
5439,5,7,515,2016,9,3,12,0,0,1,0,0,0,0,1,4,2,0,3,2,1
5440,3,7,319,2016,9,1,17,0,1,1,0,0,0,0,2,5,3,0,3,3,0
5441,6,1,601,2016,9,2,8,0,0,1,0,0,0,1,2,3,6,0,3,3,0
5442,1,4,109,2016,9,2,9,0,1,1,0,0,0,0,2,5,3,0,3,2,1
5443,7,7,708,2016,9,2,19,0,0,1,0,0,0,0,1,1,2,1,3,3,0
5444,5,18,526,2016,9,3,9,0,1,1,0,0,0,0,2,5,3,0,3,3,0
5445,1,15,134,2016,9,5,6,0,0,1,0,1,0,0,2,3,7,1,3,3,0
5446,4,3,406,2016,9,2,18,0,0,1,0,0,0,1,2,1,7,0,3,3,0
5447,7,9,710,2016,9,2,15,0,0,1,1,0,0,0,2,6,7,0,3,3,0
5448,2,7,219,2016,9,4,8,0,0,1,0,0,0,1,2,0,3,0,3,3,0
5449,4,2,405,2016,9,4,18,0,0,1,0,1,0,0,2,1,5,0,3,3,0
5450,4,5,408,2016,9,5,8,0,0,1,0,0,1,0,2,3,6,0,3,3,0
5451,3,2,312,2016,9,1,0,0,0,1,1,0,0,0,2,6,4,2,3,3,0
5452,5,14,522,2016,9,7,18,0,0,1,1,0,0,0,2,6,6,0,3,3,0
5453,5,1,502,2016,9,3,20,0,1,1,0,0,0,0,2,0,7,1,3,3,0
5454,2,11,223,2016,9,3,11,0,1,1,0,0,0,0,2,0,7,0,3,3,0
5455,1,1,101,2016,9,1,12,0,0,1,0,1,0,0,2,0,6,0,3,3,0
5456,5,2,508,2016,9,2,15,0,1,0,0,0,0,0,1,4,3,0,3,3,0
5457,6,9,610,2016,9,2,17,0,0,1,0,0,0,0,1,5,3,0,3,3,0
5458,5,2,508,2016,9,6,15,0,0,1,1,0,0,0,2,5,7,0,3,3,0
5459,7,10,711,2016,9,5,16,1,0,0,0,1,1,0,3,0,7,0,3,3,0
5460,1,2,104,2016,9,3,17,0,1,1,0,0,0,0,2,5,3,0,3,3,0
5461,2,3,209,2016,9,5,18,0,1,1,0,0,0,0,2,1,5,0,3,3,0
5462,1,1,102,2016,9,7,15,0,1,0,1,0,0,0,2,6,4,0,3,3,0
5463,6,2,602,2016,9,6,13,0,0,1,0,0,0,0,1,2,6,0,3,3,0
5464,3,1,309,2016,9,4,9,0,1,1,0,0,0,0,2,5,5,0,3,3,0
5465,2,7,219,2016,9,5,19,0,1,1,0,0,0,0,2,5,3,0,3,3,0
5466,3,4,315,2016,9,7,7,0,1,1,0,0,0,0,2,5,3,0,3,3,0
5467,3,1,303,2016,9,3,18,0,0,1,0,1,0,0,2,5,3,0,3,3,0
5468,1,12,130,2016,9,7,21,0,0,1,0,1,0,0,2,0,3,2,3,3,0
5469,1,3,106,2016,9,1,5,1,0,1,0,0,0,0,2,2,7,2,3,3,0
5470,5,13,521,2016,9,6,9,0,0,1,0,0,0,0,1,5,7,0,3,3,0
5471,1,11,128,2016,9,4,9,0,0,1,0,0,0,0,1,5,3,0,3,3,0
5472,1,20,141,2016,9,3,13,0,0,1,0,0,0,0,1,5,3,0,3,3,0
5473,2,5,216,2016,9,6,19,0,0,0,1,0,0,1,2,6,3,1,3,3,0
5474,4,4,407,2016,9,2,12,0,0,1,0,0,0,0,1,1,6,0,3,3,0
5475,3,1,309,2016,9,4,16,0,0,1,0,1,0,0,2,3,6,0,3,3,0
5476,4,10,428,2016,9,6,16,0,0,0,0,0,0,1,1,3,6,0,3,2,1
5477,1,5,114,2016,9,1,21,1,0,1,0,0,0,0,2,5,3,2,3,3,0
5478,1,15,134,2016,9,7,18,0,0,1,0,0,0,1,2,0,7,0,3,3,0
5479,4,13,432,2016,9,4,5,0,0,1,0,0,0,0,1,4,2,2,3,3,0
5480,2,1,206,2016,9,3,13,0,0,1,0,0,0,0,1,2,6,0,3,3,0
5481,1,7,119,2016,9,3,18,0,0,1,0,0,0,0,1,2,6,0,3,3,0
5482,1,17,138,2016,9,6,14,0,0,0,0,0,1,1,2,1,7,0,3,3,0
5483,2,5,215,2016,9,2,9,0,0,1,0,1,0,0,2,2,2,0,3,3,0
5484,1,11,129,2016,9,2,17,0,0,1,0,0,0,0,1,3,6,0,3,3,0
5485,3,1,304,2016,9,4,8,0,1,1,0,0,0,0,2,5,3,0,3,3,0
5486,4,11,430,2016,9,5,18,0,1,0,1,0,0,0,2,6,6,0,3,3,0
5487,1,15,134,2016,9,7,17,0,0,1,0,0,0,0,1,2,6,0,3,3,0
5488,5,18,526,2016,9,7,17,0,0,0,0,1,0,0,1,8,7,0,3,3,0
5489,4,8,422,2016,9,3,16,0,0,1,0,0,0,1,2,2,6,0,3,3,0
5490,4,6,414,2016,9,3,16,0,1,1,0,0,0,0,2,4,2,0,3,3,0
5491,3,2,311,2016,9,1,19,0,0,1,0,0,0,0,1,2,6,0,3,3,0
5492,1,3,106,2016,9,6,14,0,0,1,0,0,0,0,1,2,6,0,3,3,0
5493,1,1,101,2016,9,6,12,0,0,0,0,1,0,1,2,3,7,0,3,2,1
5494,1,1,101,2016,9,2,15,0,1,1,0,0,0,0,2,5,3,0,3,2,1
5495,6,1,601,2016,9,2,16,0,1,1,0,0,0,0,2,5,3,0,3,3,0
5496,5,8,516,2016,9,2,22,1,1,1,0,0,0,0,3,5,3,2,3,3,0
5497,5,1,504,2016,9,6,19,0,0,1,1,0,0,0,2,0,4,2,3,3,0
5498,5,2,509,2016,9,4,19,0,0,1,0,1,0,0,2,5,3,2,3,3,0
5499,4,5,409,2016,9,5,13,0,1,1,0,0,0,0,2,0,7,0,3,3,0
5500,5,4,512,2016,9,7,16,0,0,1,1,0,0,0,2,6,7,0,3,3,0
5501,5,12,520,2016,9,2,13,0,0,1,0,0,0,1,2,0,3,0,3,3,0
5502,5,5,513,2016,9,4,17,0,0,1,1,0,0,0,2,6,2,0,3,2,1
5503,3,5,317,2016,9,4,7,0,1,0,0,0,0,0,1,5,3,0,3,3,0
5504,1,1,101,2016,9,6,8,0,0,1,0,0,0,1,2,5,7,0,3,3,0
5505,1,1,101,2016,9,3,18,0,0,1,0,0,0,0,1,2,2,0,3,3,0
5506,5,2,507,2016,9,4,16,0,1,0,1,0,0,0,2,6,4,0,3,2,1
5507,1,1,101,2016,9,2,18,0,1,0,0,0,0,0,1,0,7,0,3,2,1
5508,2,5,217,2016,9,2,13,0,0,1,0,0,1,0,2,4,2,0,3,3,0
5509,4,8,421,2016,9,5,20,1,0,1,1,0,0,0,3,6,2,2,3,3,0
5510,2,5,216,2016,9,4,18,0,1,1,0,0,0,0,2,5,3,1,3,3,0
5511,5,10,518,2016,9,2,7,0,1,0,0,0,0,0,1,2,6,0,3,3,0
5512,5,11,519,2016,9,4,16,0,1,1,0,0,0,0,2,5,2,0,3,3,0
5513,4,7,417,2016,9,7,15,0,0,1,0,1,0,0,2,0,7,0,3,2,1
5514,4,12,431,2016,9,2,13,0,0,1,0,0,0,1,2,5,3,0,3,3,0
5515,4,10,429,2016,9,4,9,0,1,0,0,0,0,0,1,5,3,0,3,3,0
5516,1,3,106,2016,9,4,13,0,0,1,0,0,0,0,1,1,6,0,3,3,0
5517,7,1,702,2016,9,2,15,0,0,1,0,1,0,0,2,2,6,0,3,2,1
5518,7,13,714,2016,9,1,12,0,0,1,0,0,0,0,1,2,6,0,3,3,0
5519,1,1,102,2016,9,4,17,0,1,1,0,0,0,0,2,5,3,0,3,3,0
5520,7,1,702,2016,9,5,14,0,0,1,0,0,0,0,1,3,7,0,3,3,0
5521,1,12,130,2016,9,6,10,0,0,1,0,0,0,0,1,5,2,0,3,3,0
5522,4,2,403,2016,9,3,6,1,0,1,0,1,0,0,3,5,2,2,3,3,0
5523,7,1,701,2016,9,6,21,1,1,0,0,1,0,0,3,2,6,2,3,3,0
5524,4,5,413,2016,9,3,9,1,0,1,0,0,0,0,2,2,6,0,3,3,0
5525,5,12,520,2016,9,2,11,0,1,1,0,0,0,0,2,5,3,0,3,2,1
5526,6,14,615,2016,9,3,17,0,0,1,1,0,0,0,2,6,4,0,3,2,1
5527,4,6,415,2016,9,1,15,0,1,1,0,0,0,0,2,0,7,0,3,3,0
5528,4,2,404,2016,9,7,20,0,0,0,0,0,0,1,1,0,7,2,3,3,0
5529,3,6,318,2016,9,6,13,0,1,1,0,0,0,0,2,1,5,0,3,3,0
5530,1,7,119,2016,9,3,17,0,0,1,0,0,0,0,1,3,3,0,3,3,0
5531,6,2,602,2016,9,5,18,0,0,1,0,0,0,0,1,2,6,0,3,3,0