SN,District,Imperial_Circle,Community,Year,Month,Weekday,Hour,Road,Cycle,Car,Pedestrians,Motorcycle,Goods Vehicle,Others,Total,Collision Type,Accident Type,Light Condition,Road Condition,Accident_Severity,Severity
5838,5,7,515,2016,9,6,21,0,0,1,0,1,0,0,2,2,6,2,3,3,0
5839,4,10,427,2016,10,3,19,0,1,0,0,0,0,0,1,0,6,0,3,3,0
5840,5,7,515,2016,10,4,8,0,0,1,1,0,0,0,2,6,4,0,3,3,0
5841,1,1,102,2016,10,4,16,0,1,0,0,0,0,1,2,5,2,0,3,3,0
5842,3,7,319,2016,10,4,20,0,1,1,0,0,0,0,2,3,2,2,3,3,0
5843,1,8,122,2016,10,2,18,1,0,1,0,0,0,1,3,2,6,1,3,3,0
5844,1,7,120,2016,10,1,17,1,0,1,0,0,0,0,2,2,6,0,3,3,0
5845,4,11,430,2016,10,2,22,1,0,1,0,0,0,0,2,4,2,2,3,3,0
5846,3,5,317,2016,10,7,21,0,0,1,0,0,0,0,1,8,5,2,3,3,0
5847,1,8,122,2016,10,5,14,1,0,1,0,0,0,1,3,4,2,0,3,2,1
5848,5,11,519,2016,10,4,16,1,1,1,0,0,0,0,3,5,3,0,3,3,0
5849,3,2,312,2016,10,3,16,1,0,1,0,0,0,0,2,2,6,0,3,3,0
5850,3,8,320,2016,10,2,10,0,1,1,0,0,0,0,2,5,3,0,3,3,0
5851,2,2,207,2016,10,3,20,1,1,1,0,0,0,0,3,4,2,2,3,3,0
5852,5,18,526,2016,10,7,11,0,0,1,0,0,0,0,1,2,6,0,3,3,0
5853,1,1,101,2016,10,6,8,1,0,1,0,0,0,0,2,4,2,0,3,3,0
5854,1,11,129,2016,10,6,1,0,0,1,0,0,0,0,1,5,3,2,3,3,0
5855,5,8,516,2016,9,6,19,0,1,1,0,0,0,0,2,5,3,1,3,3,0
5856,1,12,130,2016,10,6,13,1,0,1,0,0,0,0,2,5,3,0,3,3,0
5857,4,11,430,2016,9,6,12,0,0,1,1,0,0,0,2,5,2,0,3,3,0
5858,5,1,504,2016,10,3,19,0,0,1,0,0,0,0,1,2,6,2,3,3,0
5859,3,4,315,2016,10,3,15,1,0,1,0,0,0,0,2,5,2,0,3,3,0
5860,1,3,108,2016,10,4,15,0,0,1,0,0,0,1,2,3,6,0,3,3,0
5861,1,1,101,2016,10,2,11,0,0,0,0,1,0,1,2,3,2,0,3,3,0
5862,6,1,601,2016,10,6,11,1,0,0,0,1,0,0,2,0,1,0,3,3,0
5863,5,17,525,2016,10,5,10,1,1,1,0,0,0,0,3,5,3,0,3,3,0
5864,4,10,429,2016,10,2,16,0,0,1,0,0,0,0,1,2,6,0,3,3,0
5865,3,6,318,2016,10,4,8,0,0,1,0,0,0,0,1,0,5,0,3,3,0
5866,4,8,421,2016,10,6,11,0,1,0,0,0,0,0,1,3,6,0,3,2,1
5867,4,12,431,2016,10,6,6,1,0,1,0,0,0,0,2,2,6,2,3,3,0
5868,1,12,130,2016,10,5,8,0,0,0,1,0,0,1,2,6,7,0,3,3,0
5869,5,7,515,2016,9,6,17,0,1,1,0,0,0,0,2,5,3,0,3,3,0
5870,1,4,112,2016,10,5,2,0,0,1,0,0,0,0,1,2,6,2,3,3,0
5871,4,6,415,2016,10,5,20,0,1,0,1,0,0,0,2,6,4,2,3,2,1
5872,1,17,138,2016,10,2,1,1,0,1,0,0,0,0,2,9,1,2,3,3,0
5873,3,1,306,2016,10,4,11,0,1,1,0,0,0,0,2,5,2,0,3,3,0
5874,5,9,517,2016,9,6,10,1,1,0,0,0,0,1,3,0,7,0,3,3,0
5875,5,4,512,2016,10,6,7,0,0,1,0,0,1,0,2,5,3,0,3,3,0
5876,5,18,526,2016,10,6,6,1,0,1,0,0,0,0,2,5,3,2,3,3,0
5877,7,13,714,2016,10,1,19,1,0,0,0,1,0,0,2,0,1,2,3,3,0
5878,1,16,137,2016,10,5,18,1,0,0,0,0,1,0,2,1,6,1,3,3,0
5879,5,9,517,2016,9,6,8,0,0,1,0,0,0,0,1,2,6,0,3,3,0
5880,1,3,106,2016,10,5,18,1,0,1,0,0,0,0,2,4,2,2,3,3,0
5881,4,10,426,2016,10,3,15,0,1,1,0,0,0,0,2,4,2,0,3,3,0
5882,5,7,515,2016,10,3,18,0,1,1,0,0,0,0,2,5,3,0,3,3,0
5883,1,12,130,2016,10,3,15,0,0,1,0,0,1,0,2,3,2,0,3,2,1
5884,4,6,414,2016,10,1,10,1,0,1,0,0,0,0,2,3,6,0,3,3,0
5885,6,1,601,2016,10,1,16,0,0,1,0,0,0,0,1,0,6,0,3,3,0
5886,1,5,113,2016,10,4,11,0,0,1,0,0,0,0,1,2,6,0,3,3,0
5887,3,1,310,2016,10,5,18,1,0,1,1,0,0,0,3,6,7,1,3,3,0
5888,3,3,313,2016,10,6,16,0,0,1,0,0,0,1,2,2,6,0,3,3,0
5889,2,8,220,2016,10,6,11,0,0,1,0,0,0,1,2,6,7,0,3,3,0
5890,2,3,210,2016,10,5,19,1,0,1,1,0,0,0,3,6,4,2,3,3,0
5891,5,4,512,2016,10,5,16,1,0,1,0,0,0,0,2,5,3,0,3,3,0
5892,7,13,714,2016,10,4,22,0,0,1,0,1,0,0,2,2,6,2,3,3,0
5893,4,13,432,2016,10,3,17,0,1,1,0,0,0,0,2,5,3,0,3,3,0
5894,5,18,526,2016,10,2,16,0,1,0,0,0,0,0,1,3,6,0,3,3,0
5895,4,2,404,2016,10,6,9,1,0,1,0,0,0,0,2,0,7,0,3,3,0
5896,5,1,504,2016,10,3,8,0,0,1,1,0,0,0,2,6,2,0,3,2,1
5897,4,11,430,2016,10,3,10,0,0,1,0,0,0,0,1,5,2,0,3,3,0
5898,5,17,525,2016,10,7,16,0,1,1,0,0,0,0,2,5,3,0,3,2,1
5899,4,13,432,2016,9,6,8,0,0,1,0,0,0,0,1,5,3,0,3,3,0
5900,1,6,118,2016,10,1,16,1,0,0,0,1,0,1,3,0,7,0,3,3,0
5901,7,1,702,2016,10,4,13,0,0,1,0,0,1,0,2,2,6,0,3,2,1
5902,5,6,514,2016,10,5,7,0,1,1,0,0,0,0,2,3,6,0,3,3,0
5903,4,9,425,2016,10,4,18,0,1,0,0,0,0,0,1,5,7,2,3,3,0
5904,2,7,219,2016,10,3,16,1,0,1,0,0,0,0,2,2,6,0,3,3,0
5905,4,13,432,2016,10,2,16,1,0,1,1,0,0,0,3,6,3,0,3,3,0
5906,2,9,221,2016,10,3,17,0,1,1,0,0,0,0,2,5,3,0,3,3,0
5907,6,2,602,2016,10,7,14,0,0,1,0,0,0,0,1,2,2,0,3,3,0
5908,1,4,111,2016,10,6,16,1,0,1,0,0,0,0,2,3,6,0,3,3,0
5909,6,5,606,2016,10,6,16,0,1,1,0,0,0,0,2,2,2,0,3,2,1
5910,4,5,410,2016,9,6,13,0,0,1,0,1,0,0,2,5,3,0,3,2,1
5911,4,5,413,2016,9,6,16,0,1,1,0,0,0,0,2,3,6,0,3,3,0
5912,3,7,319,2016,10,7,13,0,1,1,0,0,0,0,2,5,2,0,3,3,0
5913,4,5,409,2016,9,6,10,0,0,1,0,1,0,0,2,3,2,0,3,3,0
5914,5,6,514,2016,10,1,2,0,0,1,0,0,0,1,2,1,7,2,3,3,0
5915,1,8,125,2016,10,4,11,0,0,1,1,0,0,0,2,6,7,0,3,3,0
5916,4,3,406,2016,10,4,7,0,1,0,0,0,0,1,2,5,3,0,3,3,0
5917,4,13,432,2016,10,4,6,0,1,0,1,0,0,0,2,6,3,2,3,3,0
5918,7,9,710,2016,10,2,12,0,0,1,1,0,0,0,2,6,4,0,3,3,0
5919,2,6,218,2016,10,2,19,1,0,0,1,0,0,1,3,0,3,1,3,3,0
5920,1,17,138,2016,10,3,7,1,0,1,0,0,1,0,3,2,6,0,3,3,0
5921,5,10,518,2016,10,7,17,0,1,1,0,0,0,0,2,5,3,0,3,3,0
5922,7,3,704,2016,10,5,16,0,0,1,1,0,0,0,2,6,4,0,3,3,0
5923,7,14,715,2016,10,3,14,0,0,1,0,0,1,0,2,2,7,0,3,3,0
5924,4,10,427,2016,9,6,16,0,1,0,1,0,0,0,2,6,4,0,3,2,1
5925,1,8,126,2016,10,6,13,0,0,1,0,1,0,0,2,5,7,0,3,3,0
5926,1,3,108,2016,10,6,19,0,1,0,1,0,0,0,2,5,4,1,3,3,0
5927,4,2,405,2016,9,6,21,0,1,0,0,0,0,0,1,3,6,2,3,3,0
5928,1,1,102,2016,10,5,12,0,1,1,0,0,0,0,2,2,6,0,3,3,0
5929,3,8,320,2016,10,3,18,0,1,0,0,0,0,1,2,0,6,0,3,3,0
5930,5,4,512,2016,10,3,14,1,0,1,0,0,0,0,2,2,6,0,3,3,0
5931,1,17,138,2016,10,3,10,0,0,1,0,0,0,1,2,2,6,0,3,3,0
5932,2,11,223,2016,10,3,15,0,0,1,0,1,0,0,2,5,3,0,3,3,0
5933,2,5,215,2016,10,4,13,0,0,1,0,0,0,0,1,5,3,0,3,3,0
5934,7,1,702,2016,10,4,8,0,0,1,0,0,0,0,1,0,7,0,3,3,0
5935,4,2,403,2016,10,4,6,1,0,1,1,0,0,0,3,6,4,2,3,3,0
5936,5,6,514,2016,10,2,12,0,0,1,0,1,0,0,2,3,6,0,3,3,0
5937,4,4,407,2016,10,1,23,1,1,1,0,0,0,0,3,5,3,2,3,3,0
5938,3,8,320,2016,10,2,18,0,0,1,0,0,0,0,1,1,6,2,3,3,0
5939,7,1,702,2016,10,6,9,0,1,0,0,1,0,0,2,4,6,0,3,2,1
5940,5,2,508,2016,10,5,7,0,0,1,0,0,0,0,1,4,2,0,3,3,0
5941,4,13,432,2016,10,1,17,0,0,1,0,1,0,0,2,5,3,0,3,3,0
5942,6,2,602,2016,10,3,15,0,0,1,0,0,0,0,1,5,3,0,3,3,0
5943,5,7,515,2016,10,6,21,0,0,1,0,0,0,0,1,2,6,2,3,3,0
5944,5,8,516,2016,10,6,13,1,1,1,0,0,0,0,3,5,3,0,3,3,0
5945,4,7,416,2016,10,1,19,1,0,1,0,0,0,0,2,9,1,2,3,2,1
5946,1,11,129,2016,10,5,16,1,0,0,0,1,0,0,2,0,1,1,3,2,1
5947,3,4,315,2016,9,6,8,0,1,1,0,0,0,0,2,3,2,0,3,3,0
5948,1,1,101,2016,10,5,8,0,0,1,0,0,0,0,1,5,3,0,3,3,0
5949,2,5,216,2016,10,3,8,0,0,1,0,0,0,0,1,5,3,0,3,3,0
5950,5,7,515,2016,10,3,17,0,0,1,0,0,0,0,1,5,3,1,3,3,0
5951,5,18,526,2016,10,3,18,0,0,1,1,0,0,0,2,6,4,2,3,3,0
5952,1,5,114,2016,10,1,15,0,0,1,1,0,0,0,2,6,4,0,3,3,0
5953,4,10,426,2016,10,1,14,0,0,1,0,0,0,0,1,5,3,0,3,3,0
5954,5,5,513,2016,10,1,18,0,0,1,0,0,0,1,2,4,2,2,3,3,0
5955,3,9,321,2016,10,1,15,0,0,1,0,1,0,0,2,2,6,0,3,3,0
5956,6,2,603,2016,10,3,15,0,0,1,1,0,0,0,2,6,6,0,3,3,0
5957,2,10,222,2016,10,6,9,0,0,1,0,0,0,1,2,1,6,0,3,2,1
5958,4,8,422,2016,10,6,14,1,1,0,0,0,0,0,2,0,3,0,3,3,0
5959,1,8,122,2016,10,5,16,1,0,1,0,0,0,0,2,1,6,0,3,3,0
5960,2,8,220,2016,10,5,7,1,0,1,0,0,0,0,2,4,2,1,3,3,0
5961,4,8,423,2016,10,3,12,0,1,0,0,0,0,0,1,3,6,0,3,2,1
5962,4,13,432,2016,10,7,10,0,1,1,0,0,0,0,2,5,3,0,3,3,0
5963,1,4,111,2016,9,6,2,1,0,1,1,0,0,0,3,6,4,2,3,3,0
5964,1,3,106,2016,10,1,17,1,0,1,1,0,0,0,3,6,7,0,3,2,1
5965,6,2,602,2016,10,4,7,0,0,1,1,0,0,0,2,6,2,0,3,3,0
5966,5,7,515,2016,10,4,14,0,1,1,0,0,0,0,2,4,3,0,3,3,0
5967,3,2,312,2016,10,3,16,1,1,1,0,0,0,0,3,0,7,0,3,3,0
5968,4,8,423,2016,10,2,21,1,0,1,0,0,0,0,2,5,3,2,3,3,0
5969,2,1,206,2016,10,3,9,0,0,1,0,0,0,0,1,4,2,0,3,3,0
5970,2,1,201,2016,10,5,17,0,1,1,0,0,0,0,2,1,5,0,3,3,0
5971,7,4,705,2016,10,5,7,0,0,1,0,0,0,0,1,5,2,1,3,2,1
5972,2,8,220,2016,10,5,14,0,0,1,0,0,0,1,2,2,6,0,3,3,0
5973,7,10,711,2016,10,4,18,1,0,1,0,0,0,0,2,5,3,2,3,3,0
5974,4,6,415,2016,10,3,20,0,1,1,0,0,0,0,2,3,7,0,3,3,0
5975,5,10,518,2016,10,2,15,1,0,1,0,0,0,0,2,2,6,0,3,2,1
5976,7,4,705,2016,10,7,19,1,0,1,1,0,0,0,3,6,4,2,3,3,0
5977,2,4,212,2016,10,6,18,1,0,1,1,0,0,0,3,6,2,2,3,2,1
5978,7,15,716,2016,10,6,15,0,0,1,0,0,0,0,1,2,6,0,3,3,0
5979,1,3,108,2016,9,6,8,0,0,1,0,0,0,0,1,2,6,0,3,3,0
5980,1,5,114,2016,10,1,16,1,0,1,1,0,0,0,3,6,4,0,3,2,1
5981,1,5,114,2016,9,6,14,0,1,0,0,0,0,1,2,0,2,0,3,3,0
5982,3,7,319,2016,10,3,15,0,1,1,0,0,0,0,2,5,3,0,3,3,0
5983,4,11,430,2016,10,4,7,1,1,1,0,0,0,0,3,5,3,0,3,3,0
5984,2,4,213,2016,10,4,21,1,0,1,1,0,0,0,3,6,4,2,3,3,0
5985,4,10,427,2016,10,4,18,0,0,1,0,0,0,0,1,5,2,2,3,3,0
5986,6,1,601,2016,10,2,13,0,0,1,0,0,0,0,1,2,2,0,3,3,0
5987,1,6,115,2016,10,2,0,0,0,1,0,0,0,0,1,5,3,2,3,3,0
5988,5,7,515,2016,10,2,14,0,0,1,0,1,0,0,2,5,3,0,3,2,1
5989,4,5,408,2016,10,7,16,0,0,0,0,1,0,0,1,3,6,0,3,3,0
5990,1,6,115,2016,10,5,19,0,0,1,0,0,0,0,1,3,6,2,3,3,0
5991,7,4,705,2016,10,7,18,1,0,1,1,0,0,0,3,6,4,1,3,3,0
5992,1,13,131,2016,10,3,18,0,0,1,0,0,0,0,1,5,3,0,3,3,0
5993,1,20,141,2016,9,5,20,1,0,1,0,1,0,0,3,5,5,2,3,3,0
5994,5,6,514,2016,10,6,16,0,0,1,0,0,0,0,1,3,6,0,3,3,0
5995,1,6,117,2016,10,6,8,1,0,1,0,0,0,0,2,3,6,0,3,3,0
5996,1,11,129,2016,10,7,19,0,0,1,0,0,0,0,1,5,3,2,3,3,0
5997,1,1,101,2016,10,6,12,0,0,1,0,1,0,0,2,2,6,0,3,2,1
5998,1,11,129,2016,10,6,0,0,1,1,0,0,0,0,2,1,5,2,3,3,0
5999,7,16,717,2016,9,5,6,0,0,1,0,0,0,1,2,2,6,2,3,3,0
6000,1,12,130,2016,10,6,16,1,0,1,0,0,0,0,2,3,7,0,3,3,0
6001,7,4,705,2016,9,5,22,1,0,1,0,0,0,0,2,3,2,2,3,3,0
6002,3,6,318,2016,10,3,15,0,0,0,0,1,0,0,1,0,7,0,3,3,0
6003,7,13,714,2016,10,3,6,1,0,1,0,0,0,0,2,2,2,2,3,3,0
6004,1,3,108,2016,10,4,15,0,1,1,0,0,0,0,2,4,7,0,3,3,0
6005,2,1,203,2016,10,1,14,1,0,1,0,0,0,0,2,2,6,0,3,3,0
6006,3,3,314,2016,10,2,18,0,0,1,0,0,0,0,1,2,6,2,3,3,0
6007,6,11,612,2016,10,6,13,0,0,0,0,0,1,0,1,4,6,0,3,3,0
6008,5,11,519,2016,10,5,21,0,0,1,0,0,0,0,1,5,3,2,3,3,0
6009,6,2,603,2016,10,7,12,0,0,1,0,0,0,0,1,2,6,0,3,3,0
6010,1,12,130,2016,10,3,11,0,1,1,0,0,0,0,2,3,2,0,3,3,0
6011,4,7,416,2016,10,6,15,0,0,1,0,0,0,1,2,5,7,0,3,3,0
6012,5,17,525,2016,10,6,12,1,0,1,0,0,0,0,2,5,3,0,3,3,0
6013,1,12,130,2016,10,5,16,0,1,1,0,0,0,0,2,5,3,0,3,3,0
6014,7,9,710,2016,9,5,18,0,0,0,0,1,0,0,1,0,7,0,3,3,0
6015,5,7,515,2016,10,4,9,0,0,1,0,0,0,0,1,5,2,0,3,3,0
6016,4,8,420,2016,10,5,18,0,1,0,1,0,0,0,2,6,7,1,3,2,1
6017,4,4,407,2016,10,3,11,0,0,1,0,0,0,0,1,2,2,0,3,3,0
6018,5,11,519,2016,10,3,15,1,1,1,0,0,0,0,3,0,3,0,3,3,0
6019,5,11,519,2016,10,3,10,1,0,0,0,1,0,0,2,0,7,0,3,3,0
6020,6,14,615,2016,10,7,14,0,0,1,1,0,0,0,2,6,3,0,3,3,0
6021,7,16,717,2016,10,5,19,1,0,1,0,0,0,0,2,5,3,2,3,3,0
6022,6,1,601,2016,9,5,16,0,0,1,0,0,0,0,1,2,6,0,3,3,0
6023,5,9,517,2016,10,4,9,0,0,1,0,0,0,1,2,7,1,0,3,3,0
6024,3,1,303,2016,10,3,11,0,0,1,1,0,0,0,2,6,4,0,3,2,1
6025,5,3,510,2016,10,3,9,1,1,0,0,0,0,1,3,4,2,0,3,3,0
6026,1,11,129,2016,10,3,13,0,1,1,0,0,0,0,2,5,3,0,3,3,0
6027,4,10,429,2016,10,1,1,1,0,1,1,0,0,0,3,6,2,2,3,3,0
6028,1,13,131,2016,10,7,12,0,0,1,0,0,1,0,2,2,6,0,3,3,0
6029,5,18,526,2016,10,3,17,0,1,0,1,0,0,0,2,6,6,0,3,3,0
6030,4,7,416,2016,10,5,18,0,1,0,0,0,0,0,1,0,7,2,3,3,0
6031,2,4,214,2016,10,6,13,0,0,1,0,0,0,0,1,5,2,0,3,3,0
6032,3,8,320,2016,10,6,16,1,0,1,0,0,0,1,3,5,2,0,3,3,0
6033,5,5,513,2016,10,5,17,1,0,0,0,1,0,0,2,0,7,0,3,3,0
6034,4,2,405,2016,10,5,7,0,0,1,0,0,1,0,2,3,6,0,3,3,0
6035,4,11,430,2016,10,3,17,1,0,1,0,0,0,0,2,1,6,0,3,3,0
6036,4,8,419,2016,10,7,21,1,1,0,1,0,0,0,3,6,4,2,3,3,0
6037,6,14,615,2016,9,5,12,1,1,0,0,0,0,1,3,5,2,0,3,3,0
6038,1,12,130,2016,10,7,15,1,1,1,0,0,0,0,3,0,7,0,3,3,0
6039,5,9,517,2016,10,7,16,0,0,1,0,0,0,0,1,3,6,0,3,3,0
6040,4,5,413,2016,10,7,18,0,0,1,0,0,0,0,1,1,5,1,3,3,0
6041,5,2,508,2016,10,3,14,0,1,1,1,0,0,0,3,6,4,0,3,3,0
6042,7,10,711,2016,10,5,5,1,0,0,0,1,0,0,2,0,1,2,3,3,0
6043,5,18,526,2016,10,5,19,0,0,1,0,1,0,0,2,5,3,2,3,3,0
6044,5,18,526,2016,10,4,10,1,1,0,0,0,0,1,3,4,6,0,3,3,0
6045,4,10,427,2016,10,3,9,1,1,1,0,0,0,0,3,4,2,0,3,3,0
6046,4,12,431,2016,10,2,7,0,0,0,0,0,0,1,1,0,7,0,3,3,0
6047,1,16,136,2016,10,7,2,0,0,1,0,0,0,1,2,1,5,2,3,3,0
6048,2,1,206,2016,10,6,6,1,1,1,0,0,0,0,3,1,1,2,3,3,0
6049,1,15,134,2016,10,6,6,0,0,1,0,1,0,0,2,3,5,2,3,2,1
6050,1,8,123,2016,9,5,17,0,1,1,0,0,0,0,2,2,2,1,3,3,0
6051,4,5,408,2016,10,7,13,0,1,1,0,0,0,0,2,5,3,0,3,3,0
6052,5,5,513,2016,9,5,17,0,0,1,0,1,0,0,2,4,6,0,3,3,0
6053,2,1,203,2016,10,3,8,0,0,1,1,0,0,0,2,6,3,0,3,3,0
6054,5,1,504,2016,10,4,12,1,0,1,1,0,0,0,3,6,4,0,3,3,0
6055,1,5,114,2016,10,4,8,1,1,1,0,0,0,0,3,5,3,0,3,3,0
6056,3,6,318,2016,10,4,9,1,1,1,0,0,0,0,3,5,3,0,3,3,0
6057,1,11,129,2016,10,4,10,0,0,1,0,0,0,0,1,2,6,0,3,3,0
6058,4,13,432,2016,10,4,13,1,1,1,0,0,0,0,3,5,3,0,3,3,0
6059,3,2,312,2016,10,3,12,1,0,0,0,1,0,1,3,0,7,0,3,3,0
6060,2,7,219,2016,10,2,22,1,0,1,0,0,0,0,2,9,1,2,3,3,0
6061,1,4,111,2016,10,3,15,0,0,1,0,0,0,0,1,3,6,0,3,3,0
6062,5,2,507,2016,10,7,23,0,0,1,0,0,0,1,2,1,6,2,3,3,0
6063,7,7,708,2016,10,5,17,1,0,1,0,0,0,0,2,2,6,0,3,3,0
6064,5,7,515,2016,9,5,19,1,0,1,1,0,0,0,3,6,4,1,3,3,0
6065,1,8,123,2016,10,6,19,1,0,1,0,0,0,0,2,2,6,2,3,3,0
6066,1,4,112,2016,10,6,18,0,1,1,0,0,0,0,2,5,3,1,3,3,0
6067,5,8,516,2016,9,5,18,1,0,1,0,1,0,0,3,2,7,1,3,3,0
6068,2,1,201,2016,10,3,17,0,1,0,1,0,0,0,2,6,7,0,3,3,0
6069,1,6,115,2016,10,3,9,1,0,1,0,0,0,0,2,2,6,0,3,3,0
6070,1,20,141,2016,10,3,19,1,0,1,0,0,0,0,2,8,1,2,3,3,0
6071,1,8,123,2016,10,1,14,0,0,1,0,0,0,0,1,4,2,0,3,3,0
6072,6,1,601,2016,10,6,1,1,0,1,0,0,1,0,3,4,3,2,3,3,0
6073,5,1,504,2016,10,5,7,1,1,1,0,0,0,0,3,3,2,2,3,3,0
6074,4,10,428,2016,10,7,11,0,0,1,0,0,0,0,1,0,7,0,3,3,0
6075,5,17,525,2016,10,3,13,0,1,1,0,0,0,0,2,5,3,0,3,3,0
6076,1,7,120,2016,10,2,10,0,0,1,0,0,0,0,1,1,6,0,3,3,0
6077,5,3,510,2016,10,1,11,1,0,1,0,1,0,0,3,5,3,0,3,3,0
6078,4,10,426,2016,10,2,13,0,0,1,0,0,0,0,1,5,3,0,3,3,0
6079,1,3,108,2016,10,7,0,1,0,1,0,0,0,0,2,5,3,2,3,3,0
6080,1,8,122,2016,10,5,10,0,0,1,0,0,0,0,1,0,2,0,3,3,0
6081,4,10,428,2016,10,7,17,1,1,0,0,0,0,1,3,3,6,0,3,3,0
6082,5,9,517,2016,10,3,9,0,0,1,0,1,0,1,3,5,3,0,3,3,0
6083,5,4,512,2016,10,6,15,0,0,1,0,0,0,0,1,5,3,0,3,3,0
6084,5,2,508,2016,10,6,14,1,0,0,0,1,0,0,2,0,1,0,3,3,0
6085,5,1,504,2016,10,7,13,0,1,0,0,0,0,0,1,0,7,0,3,3,0
6086,6,1,601,2016,10,5,20,1,0,1,1,0,0,0,3,6,2,2,3,3,0
6087,5,17,525,2016,9,5,19,1,1,1,0,0,0,0,3,5,3,2,3,3,0
6088,4,12,431,2016,10,4,14,0,0,1,0,0,1,0,2,3,6,0,3,3,0
6089,2,4,213,2016,10,3,8,0,1,1,0,0,0,0,2,5,3,0,3,3,0
6090,5,8,516,2016,10,3,14,1,0,1,0,0,0,1,3,2,2,0,3,3,0
6091,1,12,130,2016,10,3,8,1,0,1,0,0,0,0,2,8,1,0,3,3,0
6092,4,2,405,2016,10,1,0,1,0,1,0,0,0,0,2,1,6,2,3,3,0
6093,3,9,321,2016,10,7,23,0,0,1,0,0,0,0,1,3,6,2,3,3,0
6094,5,11,519,2016,10,3,15,0,1,0,0,0,1,0,2,0,6,0,3,3,0
6095,2,3,210,2016,10,5,13,0,0,1,0,1,0,0,2,2,6,0,3,3,0
6096,1,3,106,2016,10,6,10,0,0,1,0,1,0,0,2,3,7,0,3,3,0
6097,4,2,403,2016,10,6,15,1,1,1,0,0,0,0,3,3,2,0,3,3,0
6098,4,10,427,2016,10,5,14,0,0,1,0,0,0,0,1,3,2,0,3,3,0
6099,7,15,716,2016,10,4,7,1,1,1,0,0,0,0,3,5,3,2,3,2,1
6100,4,10,427,2016,10,6,15,0,1,1,0,0,0,0,2,5,2,0,3,3,0
6101,4,13,432,2016,10,6,8,1,0,1,0,0,0,0,2,9,7,0,3,3,0
6102,1,6,118,2016,10,5,17,1,0,1,0,1,0,0,3,0,3,0,3,3,0
6103,2,5,215,2016,10,5,23,0,1,0,0,0,0,1,2,0,7,2,3,3,0
6104,3,3,313,2016,10,3,15,0,1,1,0,0,0,0,2,1,5,0,3,3,0
6105,4,7,416,2016,10,3,13,0,0,0,1,0,1,0,2,6,4,0,3,2,1
6106,4,13,432,2016,10,7,23,0,0,1,0,0,0,0,1,1,5,2,3,3,0
6107,5,17,525,2016,9,5,17,0,0,1,0,0,0,0,1,2,6,0,3,3,0
6108,3,8,320,2016,10,7,15,0,0,1,0,0,0,1,2,0,6,0,3,3,0
6109,6,2,602,2016,10,4,7,0,1,0,1,0,0,0,2,6,7,0,3,3,0
6110,5,1,502,2016,10,5,8,0,0,1,1,0,0,0,2,6,2,0,3,3,0
6111,4,9,424,2016,10,4,7,1,0,1,0,0,0,0,2,5,2,2,3,3,0
6112,3,7,319,2016,10,3,13,1,1,0,0,0,0,0,2,3,6,0,3,3,0
6113,4,7,417,2016,10,2,19,1,0,1,0,0,0,0,2,2,6,1,3,3,0
6114,3,5,317,2016,10,3,21,1,0,1,0,0,0,0,2,5,3,2,3,3,0
6115,6,2,603,2016,10,7,0,0,0,1,0,0,0,1,2,3,7,2,3,3,0
6116,1,3,108,2016,10,6,18,1,0,1,0,0,0,0,2,2,6,1,3,3,0
6117,6,2,603,2016,10,6,14,0,0,0,0,0,0,1,1,0,7,0,3,3,0
6118,4,4,407,2016,10,3,14,1,0,1,0,0,0,1,3,5,3,0,3,3,0
6119,5,2,506,2016,10,2,15,0,1,0,0,0,1,0,2,3,6,0,3,2,1
6120,2,1,203,2016,10,6,6,1,0,1,0,1,0,0,3,5,3,2,3,3,0
6121,3,6,318,2016,10,7,12,0,1,1,0,0,0,0,2,5,3,0,3,3,0
6122,5,17,525,2016,9,5,18,1,0,1,0,0,0,1,3,2,6,1,3,3,0
6123,3,1,302,2016,10,7,17,0,1,1,0,0,0,0,2,5,3,1,3,3,0
6124,4,11,430,2016,9,5,1,0,0,1,0,0,0,0,1,0,6,2,3,3,0
6125,1,14,133,2016,10,4,15,0,0,0,0,1,0,0,1,0,1,0,3,3,0
6126,2,3,209,2016,10,4,9,0,0,1,0,0,0,0,1,2,6,0,3,3,0
6127,4,13,432,2016,10,4,18,0,0,1,1,0,0,0,2,6,6,2,3,3,0
6128,6,7,608,2016,10,2,13,0,0,0,1,0,1,0,2,6,4,0,3,1,1
6129,1,3,108,2016,10,2,15,0,1,1,0,0,0,0,2,4,7,0,3,3,0
6130,1,19,140,2016,10,3,19,1,0,0,1,0,0,1,3,6,4,2,3,2,1
6131,5,16,524,2016,10,7,15,0,0,1,0,0,0,0,1,2,2,0,3,3,0
6132,6,10,611,2016,10,5,10,1,0,1,0,0,0,0,2,5,3,0,3,2,1
6133,5,10,518,2016,10,3,16,0,0,1,0,0,0,0,1,1,5,0,3,3,0
6134,1,8,123,2016,10,6,8,0,0,1,0,0,0,1,2,2,6,0,3,3,0
6135,1,1,101,2016,10,6,14,1,0,1,0,0,0,0,2,4,2,0,3,3,0
6136,4,13,432,2016,9,5,14,0,0,1,0,1,0,0,2,0,7,0,3,3,0
6137,1,5,114,2016,10,3,21,0,0,1,1,0,0,0,2,6,4,2,3,2,1
6138,7,10,711,2016,10,3,16,0,0,1,0,0,0,0,1,1,6,0,3,3,0