SN,District,Imperial_Circle,Community,Year,Month,Weekday,Hour,Road,Cycle,Car,Pedestrians,Motorcycle,Goods Vehicle,Others,Total,Collision Type,Accident Type,Light Condition,Road Condition,Accident_Severity,Severity
6139,5,1,501,2016,10,7,4,0,0,1,0,0,0,0,1,2,6,2,3,3,0
6140,3,3,314,2016,11,5,12,0,0,1,0,0,0,0,1,0,6,0,3,3,0
6141,3,8,320,2016,11,6,10,1,1,0,0,0,0,0,2,0,7,0,3,3,0
6142,6,1,601,2016,11,4,9,1,1,1,0,0,0,0,3,4,2,0,3,3,0
6143,3,7,319,2016,11,3,12,0,0,1,0,0,0,0,1,4,2,0,3,3,0
6144,3,3,314,2016,10,5,16,0,0,1,0,0,0,0,1,4,2,0,3,3,0
6145,4,3,406,2016,11,3,21,1,0,1,1,0,0,0,3,6,2,2,3,3,0
6146,3,2,311,2016,11,4,20,2,1,0,0,0,0,0,3,0,7,2,3,3,0
6147,5,6,514,2016,11,7,10,1,0,1,0,0,0,1,3,5,3,0,3,3,0
6148,1,8,121,2016,10,2,7,1,1,1,0,0,0,0,3,5,7,1,3,3,0
6149,1,20,141,2016,10,3,17,0,1,0,0,0,0,1,2,3,6,0,3,3,0
6150,4,12,431,2016,10,6,18,1,0,1,1,0,0,0,3,6,4,2,3,3,0
6151,1,12,130,2016,10,6,21,1,0,1,1,0,0,0,3,6,2,2,3,3,0
6152,3,9,321,2016,10,2,14,1,0,1,0,0,0,1,3,2,6,0,3,3,0
6153,7,7,708,2016,10,2,19,0,0,1,1,0,0,0,2,6,4,2,3,3,0
6154,2,4,211,2016,10,1,15,0,0,1,0,1,0,0,2,0,7,0,3,3,0
6155,4,8,423,2016,10,7,10,1,1,0,0,0,0,0,2,0,1,0,3,3,0
6156,2,4,211,2016,11,6,8,2,1,0,0,0,0,0,3,0,7,0,3,3,0
6157,3,6,318,2016,11,4,13,1,1,1,0,0,0,0,3,4,2,0,3,3,0
6158,5,17,525,2016,11,2,7,1,1,1,0,0,0,0,3,5,3,0,3,3,0
6159,3,2,311,2016,10,4,18,0,1,1,0,0,0,0,2,3,6,0,3,3,0
6160,6,14,615,2016,11,6,17,1,1,1,0,0,0,0,3,5,3,2,3,3,0
6161,4,10,426,2016,11,6,8,2,0,1,1,0,0,0,4,6,4,0,3,3,0
6162,5,10,518,2016,11,4,14,0,0,1,1,0,0,0,2,6,3,0,3,3,0
6163,2,1,204,2016,11,3,15,1,1,0,1,0,0,0,3,6,7,0,3,3,0
6164,5,8,516,2016,10,4,14,0,1,0,0,0,0,0,1,3,2,0,3,3,0
6165,2,4,214,2016,11,7,17,1,0,1,0,0,0,0,2,8,7,2,3,3,0
6166,4,5,408,2016,10,6,17,1,0,1,0,0,1,0,3,1,6,0,3,3,0
6167,1,12,130,2016,10,6,20,0,1,1,0,0,0,0,2,5,3,2,3,3,0
6168,1,2,103,2016,10,2,8,1,0,1,0,0,0,0,2,2,6,0,3,3,0
6169,1,20,141,2016,11,3,6,1,0,1,1,0,0,0,3,6,3,2,3,3,0
6170,4,1,401,2016,11,4,18,1,0,1,0,0,0,0,2,5,3,2,3,3,0
6171,1,11,128,2016,11,5,19,1,0,1,1,0,0,0,3,6,2,2,3,3,0
6172,5,18,526,2016,11,6,7,1,1,1,0,0,0,0,3,5,3,0,3,3,0
6173,7,1,702,2016,10,2,15,0,0,0,1,0,0,1,2,6,4,0,3,3,0
6174,4,8,420,2016,10,6,13,1,0,1,0,0,0,0,2,2,6,0,3,3,0
6175,5,7,515,2016,11,5,12,0,0,1,0,0,0,0,1,2,6,0,3,3,0
6176,4,7,417,2016,10,6,19,0,1,1,1,0,0,0,3,2,6,2,3,3,0
6177,7,2,703,2016,11,5,15,0,0,1,0,0,0,0,1,2,6,0,3,3,0
6178,2,5,216,2016,10,1,17,0,0,1,0,0,0,0,1,4,2,2,3,3,0
6179,1,8,122,2016,11,3,6,1,0,0,0,1,0,0,2,0,7,2,3,3,0
6180,1,3,107,2016,11,4,9,1,1,1,0,0,0,0,3,5,3,0,3,3,0
6181,4,3,406,2016,11,3,12,1,0,1,0,0,1,0,3,1,6,0,3,3,0
6182,5,10,518,2016,11,5,9,1,0,1,0,0,0,0,2,5,3,0,3,3,0
6183,2,3,208,2016,11,3,19,1,0,1,0,0,0,1,3,2,6,2,3,3,0
6184,7,1,702,2016,10,3,21,0,0,1,0,0,0,0,1,4,2,2,3,3,0
6185,4,7,416,2016,11,6,10,1,1,1,0,0,0,0,3,3,2,0,3,3,0
6186,1,16,137,2016,10,2,13,0,0,1,0,0,0,0,1,2,6,0,3,3,0
6187,4,8,421,2016,10,6,8,1,0,1,1,0,0,0,3,6,4,1,3,3,0
6188,1,11,128,2016,10,2,12,0,0,1,0,0,0,0,1,5,3,0,3,3,0
6189,2,5,217,2016,10,7,18,0,0,1,0,0,0,0,1,4,2,2,3,3,0
6190,3,8,320,2016,11,5,19,0,0,1,0,0,0,0,1,2,6,2,3,3,0
6191,4,6,415,2016,11,6,12,1,0,1,0,0,0,0,2,2,6,0,3,3,0
6192,1,5,113,2016,11,5,22,0,1,1,0,0,0,0,2,1,5,2,3,3,0
6193,2,11,223,2016,11,3,16,1,1,1,0,0,0,0,3,5,3,0,3,3,0
6194,5,2,509,2016,11,3,11,1,0,1,0,0,0,0,2,2,6,0,3,3,0
6195,3,5,317,2016,11,3,8,1,1,0,0,0,0,1,3,3,2,0,3,3,0
6196,2,8,220,2016,11,4,6,0,0,1,0,0,0,1,2,4,2,0,3,3,0
6197,7,1,701,2016,11,7,9,1,1,1,0,0,0,0,3,5,3,0,3,3,0
6198,1,13,131,2016,10,2,13,1,0,1,0,0,0,0,2,5,3,0,3,3,0
6199,1,16,137,2016,10,3,17,0,0,1,0,0,0,0,1,2,6,1,3,3,0
6200,5,7,515,2016,11,3,7,1,0,1,0,0,0,0,2,1,5,0,3,3,0
6201,7,1,702,2016,11,3,7,1,0,1,1,0,0,0,3,6,4,0,3,2,1
6202,2,5,215,2016,11,3,18,1,0,1,0,0,0,0,2,5,3,2,3,3,0
6203,1,12,130,2016,11,4,19,1,0,1,1,0,0,0,3,6,4,2,3,3,0
6204,5,17,525,2016,11,1,17,1,0,1,0,0,0,0,2,5,3,2,3,3,0
6205,7,9,710,2016,10,2,11,1,0,1,0,0,0,1,3,5,3,0,3,3,0
6206,1,13,131,2016,10,3,14,0,0,1,0,0,1,0,2,2,6,0,3,3,0
6207,2,4,212,2016,11,6,13,0,0,1,0,0,0,0,1,5,3,0,3,3,0
6208,4,9,424,2016,10,2,10,0,1,0,0,0,0,0,1,0,7,0,3,3,0
6209,5,11,519,2016,10,2,15,0,0,1,0,0,0,1,2,5,3,0,3,3,0
6210,5,10,518,2016,10,2,18,0,1,1,0,0,0,0,2,5,2,1,3,3,0
6211,1,4,110,2016,10,7,13,1,1,0,0,0,0,0,2,0,7,0,3,3,0
6212,2,8,220,2016,11,6,13,0,0,1,0,0,0,0,1,2,6,0,3,3,0
6213,5,18,526,2016,11,4,10,1,1,1,0,0,0,0,3,5,7,0,3,3,0
6214,3,1,304,2016,11,3,13,1,0,1,0,0,0,1,3,5,3,0,3,3,0
6215,6,1,601,2016,10,4,15,0,0,1,0,0,0,0,1,2,6,0,3,3,0
6216,5,3,510,2016,11,7,5,1,0,1,0,0,0,0,2,8,1,2,3,3,0
6217,5,2,507,2016,10,2,14,1,0,1,0,1,0,0,3,2,6,0,3,3,0
6218,1,14,132,2016,10,3,9,0,1,1,0,0,0,0,2,4,2,0,3,3,0
6219,4,7,416,2016,10,6,16,1,0,1,0,0,0,0,2,2,6,0,3,3,0
6220,1,11,129,2016,10,6,17,1,1,1,0,0,0,0,3,3,2,0,3,3,0
6221,3,1,303,2016,10,2,15,2,1,1,0,0,0,0,4,1,5,0,3,2,1
6222,2,5,216,2016,10,2,8,0,1,1,0,0,0,0,2,3,6,0,3,3,0
6223,1,6,115,2016,10,1,3,0,1,1,0,0,0,0,2,3,2,2,3,3,0
6224,1,5,114,2016,11,4,21,0,0,1,0,0,0,0,1,1,7,2,3,3,0
6225,3,8,320,2016,10,6,10,1,0,1,0,0,0,0,2,2,6,0,3,3,0
6226,1,8,121,2016,10,6,7,1,1,0,0,0,0,0,2,0,7,1,3,3,0
6227,3,7,319,2016,10,2,18,0,0,1,0,0,0,0,1,0,7,2,3,3,0
6228,4,8,423,2016,10,2,13,1,0,1,0,0,0,1,3,1,7,0,3,3,0
6229,3,8,320,2016,10,6,7,1,0,0,0,1,0,1,3,5,3,1,3,3,0
6230,2,3,210,2016,10,2,16,0,1,0,0,0,0,0,1,4,6,0,3,2,1
6231,1,11,129,2016,10,7,17,1,1,1,0,0,0,0,3,0,6,1,3,3,0
6232,1,5,114,2016,10,7,5,0,1,0,0,0,0,0,1,0,7,2,3,3,0
6233,3,9,321,2016,11,6,19,0,1,1,0,0,0,0,2,5,3,2,3,3,0
6234,4,8,422,2016,11,4,6,1,0,1,0,0,0,0,2,5,3,1,3,3,0
6235,7,4,705,2016,11,2,18,1,0,1,0,0,1,0,3,1,5,2,3,2,1
6236,5,13,521,2016,10,4,23,0,0,1,0,0,0,0,1,1,5,2,3,3,0
6237,1,4,112,2016,11,7,13,1,0,1,0,0,0,1,3,2,6,0,3,3,0
6238,2,9,221,2016,10,6,15,1,0,1,0,0,0,1,3,3,5,0,3,3,0
6239,1,6,118,2016,10,6,17,1,0,1,0,0,0,0,2,5,3,0,3,3,0
6240,1,19,140,2016,11,5,6,0,0,0,0,0,1,1,2,4,7,2,3,3,0
6241,5,8,516,2016,10,1,16,0,0,1,1,0,0,0,2,6,4,0,3,2,1
6242,3,6,318,2016,10,1,12,0,0,0,1,1,0,0,2,6,7,0,3,3,0
6243,6,1,601,2016,11,3,14,1,0,1,0,0,0,0,2,5,3,0,3,3,0
6244,2,1,203,2016,11,4,13,1,0,1,0,0,0,0,2,5,2,0,3,3,0
6245,5,7,515,2016,11,3,6,1,0,1,0,0,0,0,2,1,2,1,3,3,0
6246,1,12,130,2016,11,5,7,0,0,1,1,0,0,0,2,6,4,1,3,3,0
6247,5,5,513,2016,10,3,16,0,0,1,0,1,0,0,2,4,2,0,3,2,1
6248,7,1,702,2016,10,6,14,1,0,1,0,0,0,0,2,2,6,0,3,3,0
6249,1,1,101,2016,11,6,22,1,0,1,0,0,0,1,3,3,6,2,3,3,0
6250,4,8,423,2016,11,2,22,1,1,1,0,0,0,0,3,3,2,2,3,3,0
6251,1,11,129,2016,11,6,7,1,1,1,0,0,0,0,3,1,5,1,3,3,0
6252,3,2,312,2016,10,2,9,0,0,1,0,0,0,0,1,2,6,0,3,3,0
6253,3,8,320,2016,10,6,16,1,0,1,0,0,0,0,2,2,2,0,3,3,0
6254,1,12,130,2016,11,5,13,0,1,1,0,0,0,0,2,3,2,0,3,3,0
6255,5,2,507,2016,11,3,21,1,0,1,0,0,0,0,2,4,6,2,3,3,0
6256,1,5,114,2016,11,4,14,1,0,1,0,0,0,0,2,2,6,0,3,3,0
6257,4,5,409,2016,11,3,7,1,0,1,0,1,0,0,3,5,2,0,3,3,0
6258,4,8,418,2016,11,5,5,1,0,1,0,0,0,0,2,8,1,2,3,3,0
6259,2,1,205,2016,11,2,10,0,0,1,0,0,0,0,1,2,6,0,3,3,0
6260,1,5,113,2016,11,3,19,1,1,1,0,0,0,0,3,5,2,2,3,3,0
6261,5,6,514,2016,10,3,15,0,0,1,0,0,0,0,1,5,3,0,3,3,0
6262,4,10,428,2016,11,6,17,1,0,1,0,0,0,0,2,2,6,2,3,3,0
6263,3,2,312,2016,10,2,6,1,0,1,0,0,0,0,2,5,3,2,3,3,0
6264,2,3,208,2016,10,2,20,0,0,1,1,0,0,0,2,6,3,2,3,3,0
6265,5,8,516,2016,11,6,22,0,1,0,0,0,0,1,2,5,3,2,3,3,0
6266,1,1,102,2016,10,2,14,0,0,1,0,0,0,1,2,0,2,0,3,3,0
6267,3,7,319,2016,10,6,20,1,0,0,0,0,0,1,2,0,3,2,3,3,0
6268,4,13,432,2016,11,5,4,0,1,1,0,0,0,0,2,5,3,2,3,3,0
6269,5,10,518,2016,11,6,9,2,1,0,0,0,0,0,3,0,7,0,3,3,0
6270,3,3,313,2016,11,5,22,1,1,0,0,0,0,0,2,0,7,2,3,3,0
6271,4,4,407,2016,11,3,11,1,0,1,0,0,0,0,2,5,3,0,3,3,0
6272,5,4,512,2016,11,3,14,1,0,1,0,1,0,0,3,4,3,0,3,3,0
6273,2,8,220,2016,11,3,21,0,0,1,0,0,0,0,1,2,7,2,3,3,0
6274,5,2,506,2016,11,4,22,0,1,1,0,0,0,0,2,5,2,2,3,3,0
6275,3,1,309,2016,11,1,20,0,0,1,1,0,0,0,2,0,7,2,3,3,0
6276,1,16,136,2016,10,2,19,0,0,1,0,0,1,0,2,4,2,2,3,3,0
6277,5,3,510,2016,10,3,18,0,0,1,1,0,0,0,2,6,4,2,3,2,1
6278,5,18,526,2016,10,6,22,1,1,1,0,0,0,0,3,5,3,2,3,3,0
6279,1,5,114,2016,10,2,12,0,0,1,0,0,0,1,2,3,6,0,3,3,0
6280,4,7,416,2016,10,2,11,1,0,1,0,0,0,0,2,5,3,0,3,3,0
6281,1,3,108,2016,10,2,2,0,0,1,0,0,0,0,1,4,2,2,3,3,0
6282,1,12,130,2016,10,7,2,0,0,1,1,0,0,0,2,6,6,2,3,3,0
6283,7,10,711,2016,10,6,13,1,0,1,0,0,0,0,2,5,3,0,3,3,0
6284,2,5,217,2016,11,6,11,0,0,1,0,0,0,0,1,9,1,0,3,3,0
6285,5,4,512,2016,11,4,18,1,0,1,0,0,0,0,2,5,2,2,3,3,0
6286,2,7,219,2016,11,3,11,1,0,1,0,0,0,0,2,2,6,0,3,3,0
6287,5,18,526,2016,10,4,7,0,0,1,0,0,0,1,2,5,3,1,3,3,0
6288,6,1,601,2016,10,6,8,0,1,0,1,0,0,0,2,6,7,1,3,3,0
6289,3,5,317,2016,11,5,11,0,1,1,0,0,0,0,2,5,3,0,3,3,0
6290,5,1,501,2016,11,6,7,2,1,1,0,0,0,0,4,5,2,0,3,2,1
6291,3,9,321,2016,11,6,6,2,0,1,0,1,0,0,4,0,3,2,3,3,0
6292,7,16,717,2016,11,4,13,1,0,1,0,0,0,0,2,2,6,0,3,3,0
6293,2,8,220,2016,11,3,7,1,0,1,0,0,0,1,3,2,6,0,3,3,0
6294,5,2,507,2016,11,3,17,1,0,1,0,0,0,0,2,2,6,2,3,3,0
6295,3,1,308,2016,11,3,0,0,1,0,0,0,0,0,1,4,6,2,3,3,0
6296,3,1,302,2016,11,4,8,0,1,1,0,0,0,0,2,5,3,0,3,3,0
6297,1,12,130,2016,11,7,18,0,0,1,0,0,0,0,1,5,3,2,3,3,0
6298,1,8,124,2016,10,2,16,0,0,1,0,0,0,1,2,3,7,0,3,3,0
6299,5,12,520,2016,10,3,16,0,0,1,0,0,0,0,1,4,2,0,3,3,0
6300,3,5,317,2016,10,6,16,0,0,1,0,0,0,1,2,2,6,0,3,3,0
6301,5,2,507,2016,10,6,5,1,0,1,0,0,0,0,2,1,6,2,3,3,0
6302,3,8,320,2016,10,2,16,1,1,1,0,0,0,0,3,5,2,0,3,3,0
6303,4,1,402,2016,10,6,9,1,1,1,0,0,0,0,3,0,7,0,3,3,0
6304,1,19,140,2016,10,2,13,0,0,0,0,0,1,1,2,3,6,0,3,3,0
6305,5,5,513,2016,10,7,13,0,0,1,0,1,0,0,2,2,6,0,3,3,0
6306,1,11,128,2016,10,6,7,0,0,1,1,0,0,0,2,6,4,0,3,3,0
6307,2,3,210,2016,11,6,9,0,0,0,1,0,0,1,2,6,3,0,3,3,0
6308,3,9,321,2016,11,4,19,0,0,1,1,0,0,0,2,6,4,2,3,3,0
6309,5,18,526,2016,11,2,11,0,0,1,0,0,0,0,1,2,6,0,3,3,0
6310,2,1,206,2016,10,4,18,0,1,0,0,0,0,0,1,7,7,2,3,3,0
6311,7,5,706,2016,11,6,11,1,0,1,0,0,0,0,2,9,1,0,3,3,0
6312,2,1,203,2016,10,6,14,1,1,0,1,0,0,0,3,6,7,0,3,3,0
6313,3,5,317,2016,11,7,8,1,0,1,0,0,0,0,2,1,5,0,3,3,0
6314,3,2,312,2016,10,6,10,0,0,1,0,0,0,0,1,3,6,0,3,3,0
6315,4,9,425,2016,10,6,17,1,0,1,0,0,0,0,2,2,2,1,3,3,0
6316,3,1,309,2016,10,2,10,1,0,1,0,0,0,1,3,2,6,0,3,3,0
6317,7,13,714,2016,11,3,8,1,0,1,0,0,0,1,3,2,2,0,3,3,0
6318,7,2,703,2016,11,5,18,1,0,1,0,0,0,0,2,4,2,2,3,2,1
6319,2,5,215,2016,11,2,20,1,1,1,0,0,0,0,3,2,2,2,3,3,0
6320,1,8,121,2016,11,6,7,1,0,1,0,0,0,1,3,5,3,0,3,3,0
6321,7,1,702,2016,10,1,16,0,0,1,0,0,0,1,2,2,6,0,3,3,0
6322,7,1,702,2016,10,5,9,1,1,0,0,0,0,0,2,0,1,0,3,3,0
6323,5,7,515,2016,11,5,11,0,0,1,0,0,0,0,1,3,6,0,3,3,0
6324,5,7,515,2016,11,3,18,1,0,1,0,0,0,1,3,2,6,2,3,3,0
6325,7,4,705,2016,11,3,10,1,1,1,0,0,0,0,3,5,3,0,3,3,0
6326,3,9,321,2016,11,3,16,1,0,1,0,0,0,0,2,8,3,1,3,3,0
6327,2,1,206,2016,11,5,17,1,0,1,0,0,0,0,2,1,6,2,3,3,0
6328,1,11,129,2016,11,1,1,1,0,1,0,0,0,0,2,8,1,2,3,3,0
6329,7,1,701,2016,11,5,13,0,0,1,1,0,0,0,2,6,4,0,3,3,0
6330,1,6,116,2016,11,3,6,1,1,1,0,0,0,0,3,4,2,2,3,3,0
6331,3,2,312,2016,11,4,12,1,0,1,0,0,0,0,2,2,6,0,3,3,0
6332,5,11,519,2016,11,3,13,1,0,1,1,0,0,0,3,6,4,0,3,3,0
6333,4,9,424,2016,11,5,20,1,0,1,0,0,0,0,2,5,2,2,3,3,0
6334,2,1,206,2016,11,3,7,1,1,0,0,0,1,0,3,5,7,0,3,3,0
6335,4,13,432,2016,10,3,6,0,1,0,0,0,1,0,2,3,2,2,3,3,0
6336,4,12,431,2016,11,6,14,0,0,1,0,0,0,0,1,5,2,0,3,3,0
6337,6,6,607,2016,10,1,11,1,1,1,0,0,0,0,3,5,3,0,3,3,0
6338,7,1,702,2016,10,5,8,1,1,1,0,0,0,0,3,4,2,0,3,3,0
6339,5,3,510,2016,10,1,13,0,0,1,0,0,0,0,1,4,2,0,3,3,0
6340,1,6,117,2016,10,6,15,1,1,1,0,0,0,0,3,5,3,0,3,3,0
6341,4,10,427,2016,11,5,15,0,0,1,0,0,0,1,2,3,6,0,3,3,0
6342,4,13,432,2016,11,6,16,0,0,1,1,0,0,0,2,6,4,0,3,3,0
6343,1,1,102,2016,11,5,15,0,1,1,0,0,0,0,2,5,3,0,3,2,1
6344,4,7,416,2016,11,3,15,1,0,1,0,0,0,0,2,0,5,0,3,3,0
6345,5,5,513,2016,11,3,8,1,0,0,0,1,0,0,2,0,1,0,3,3,0
6346,3,5,317,2016,11,3,16,1,0,1,0,0,0,0,2,2,6,0,3,3,0
6347,3,8,320,2016,11,4,21,1,1,0,0,0,0,1,3,0,7,2,3,3,0
6348,1,4,112,2016,11,1,3,1,0,1,0,0,0,0,2,2,6,2,3,3,0
6349,1,12,130,2016,10,2,18,0,0,1,0,0,0,0,1,5,3,2,3,3,0
6350,4,10,427,2016,10,3,11,0,0,1,0,0,0,1,2,9,7,0,3,2,1
6351,1,16,136,2016,10,5,14,0,0,1,0,0,0,0,1,5,2,0,3,3,0
6352,5,7,515,2016,10,6,11,1,1,1,0,0,0,0,3,5,2,0,3,3,0
6353,5,11,519,2016,10,1,17,0,0,1,0,0,0,0,1,1,5,1,3,3,0
6354,4,7,416,2016,10,2,8,1,1,1,0,0,0,0,3,0,6,0,3,3,0
6355,7,9,710,2016,10,2,16,0,0,1,0,0,0,0,1,2,6,0,3,3,0
6356,4,8,423,2016,10,3,16,0,0,1,0,0,0,0,1,1,7,0,3,3,0
6357,2,4,211,2016,11,6,5,0,0,1,0,0,0,0,1,1,5,2,3,3,0
6358,2,11,223,2016,10,1,0,0,0,0,1,0,0,1,2,6,7,2,3,3,0
6359,4,10,429,2016,10,2,15,1,1,1,0,0,0,0,3,0,5,0,3,3,0
6360,3,1,309,2016,10,1,14,0,0,1,0,0,0,0,1,5,2,0,3,3,0
6361,5,4,512,2016,10,6,18,1,0,1,0,0,0,1,3,3,6,2,3,3,0
6362,2,7,219,2016,11,6,7,1,1,1,0,0,0,0,3,4,6,0,3,3,0
6363,1,12,130,2016,11,4,12,1,1,1,0,0,0,0,3,5,3,0,3,3,0
6364,3,6,318,2016,11,3,6,2,0,1,0,1,0,0,4,1,5,2,3,3,0
6365,6,2,603,2016,10,4,16,0,0,1,0,0,0,0,1,2,6,0,3,3,0
6366,2,3,210,2016,11,3,12,1,0,1,0,0,0,1,3,2,6,0,3,3,0
6367,1,4,112,2016,11,4,8,1,1,1,0,0,0,0,3,5,2,0,3,3,0
6368,5,6,514,2016,11,7,10,1,0,1,0,0,0,0,2,4,2,0,3,3,0
6369,5,6,514,2016,10,2,19,1,0,1,0,1,0,0,3,5,3,2,3,2,1
6370,4,10,427,2016,10,3,8,0,1,0,0,0,0,1,2,5,3,0,3,3,0
6371,5,4,512,2016,10,5,11,1,0,1,0,1,0,0,3,4,2,0,3,3,0
6372,5,7,515,2016,10,6,17,1,0,1,0,0,0,0,2,2,6,2,3,3,0
6373,2,11,224,2016,10,2,8,1,1,1,0,0,0,0,3,4,2,0,3,3,0
6374,1,12,130,2016,10,7,23,1,0,1,0,0,0,0,2,2,2,2,3,3,0
6375,5,7,515,2016,10,7,17,1,1,1,0,0,0,0,3,1,5,1,3,3,0
6376,1,1,101,2016,11,4,15,0,1,0,0,0,0,1,2,0,3,0,3,3,0
6377,5,6,514,2016,10,6,14,1,0,1,0,0,0,0,2,5,3,0,3,3,0
6378,1,4,110,2016,11,6,7,2,1,0,0,0,0,0,3,0,7,1,3,3,0
6379,4,1,402,2016,11,4,13,1,0,1,1,0,0,0,3,6,4,0,3,3,0
6380,4,5,408,2016,11,2,8,1,0,1,1,0,0,0,3,6,7,0,3,3,0
6381,5,7,515,2016,10,5,8,1,0,1,0,0,0,1,3,2,6,0,3,3,0
6382,5,4,512,2016,10,7,14,1,0,1,0,0,0,0,2,2,6,0,3,3,0
6383,4,7,416,2016,10,7,20,0,0,1,0,0,0,0,1,5,3,2,3,3,0
6384,5,5,513,2016,10,6,23,1,0,1,0,0,0,0,2,4,2,2,3,3,0
6385,3,5,317,2016,11,6,10,1,0,1,0,0,0,0,2,1,2,0,3,3,0
6386,5,9,517,2016,11,4,8,1,0,0,0,1,0,1,3,3,6,0,3,3,0
6387,7,13,714,2016,11,2,14,0,0,1,0,0,0,0,1,4,2,0,3,3,0
6388,5,16,524,2016,10,4,7,1,0,1,1,0,0,0,3,6,4,1,3,3,0
6389,1,4,111,2016,11,7,0,0,0,1,1,0,0,0,2,6,4,2,3,3,0
6390,5,7,515,2016,10,5,12,1,0,1,0,0,0,0,2,2,6,0,3,3,0
6391,4,5,408,2016,10,6,14,0,0,1,0,0,0,0,1,2,6,0,3,3,0
6392,3,2,312,2016,11,6,16,1,0,1,0,0,0,0,2,2,6,0,3,3,0
6393,6,1,601,2016,10,1,21,0,0,1,1,0,0,0,2,6,4,2,3,3,0
6394,6,1,601,2016,11,3,17,1,0,0,1,0,0,1,3,6,2,2,3,3,0
6395,4,3,406,2016,11,4,8,1,0,1,0,1,0,0,3,3,2,0,3,2,1
6396,1,11,128,2016,11,5,10,1,0,1,0,0,0,0,2,2,6,0,3,3,0
6397,5,2,507,2016,11,6,15,0,1,1,0,0,0,0,2,3,6,0,3,3,0
6398,5,18,526,2016,10,7,8,1,1,1,0,0,0,0,3,5,3,0,3,3,0
6399,4,13,432,2016,10,5,8,1,0,1,0,0,0,1,3,4,2,1,3,3,0
6400,1,1,101,2016,10,4,12,0,0,1,1,0,0,0,2,6,4,0,3,3,0
6401,6,2,602,2016,11,6,16,0,0,1,0,0,0,1,2,5,3,0,3,3,0
6402,4,7,416,2016,10,5,22,0,0,1,0,0,0,0,1,2,6,2,3,3,0
6403,4,10,427,2016,10,6,18,1,0,1,1,0,0,0,3,6,4,2,3,3,0
6404,1,16,136,2016,11,5,21,1,0,1,0,0,0,0,2,5,3,2,3,3,0
6405,5,4,512,2016,11,3,16,1,0,1,0,0,0,0,2,2,6,1,3,3,0
6406,1,3,108,2016,11,4,7,1,1,0,0,0,1,0,3,1,7,1,3,3,0
6407,4,5,408,2016,11,3,6,1,0,1,0,0,0,1,3,5,3,1,3,3,0
6408,4,8,423,2016,11,5,10,1,1,0,0,0,0,1,3,5,2,0,3,3,0
6409,1,1,101,2016,11,3,13,1,1,0,1,0,0,0,3,6,3,0,3,3,0
6410,5,1,503,2016,10,3,6,0,0,1,0,0,0,1,2,1,5,2,3,3,0
6411,5,1,501,2016,11,6,22,0,0,1,0,0,0,0,1,0,7,2,3,3,0
6412,4,10,429,2016,10,7,14,0,0,1,0,0,0,0,1,1,6,0,3,3,0
6413,5,1,502,2016,10,5,12,1,0,1,0,0,0,1,3,5,3,0,3,3,0
6414,4,4,407,2016,10,7,15,1,0,0,0,1,0,0,2,0,1,0,3,2,1
6415,5,6,514,2016,10,6,7,0,0,1,0,0,0,0,1,1,6,1,3,3,0
6416,3,1,307,2016,11,5,22,0,1,0,0,0,0,0,1,0,7,2,3,3,0
6417,4,6,415,2016,11,6,8,2,1,1,0,0,0,0,4,5,3,0,3,3,0
6418,4,6,415,2016,11,6,6,2,1,0,1,0,0,0,4,6,2,1,3,3,0
6419,1,5,114,2016,11,5,12,0,1,1,0,0,0,0,2,5,2,0,3,3,0
6420,2,7,219,2016,11,3,16,1,0,1,0,0,0,1,3,4,2,1,3,3,0
6421,4,13,432,2016,11,5,11,0,0,1,0,0,0,0,1,5,3,0,3,3,0
6422,5,10,518,2016,11,3,13,1,0,1,0,0,0,0,2,2,6,0,3,3,0
6423,1,11,128,2016,11,3,18,1,0,1,0,0,0,0,2,5,3,2,3,3,0
6424,2,8,220,2016,11,3,22,1,0,1,1,0,0,0,3,6,7,2,3,2,1
6425,1,8,125,2016,11,4,19,0,0,1,0,0,0,0,1,2,6,2,3,3,0
6426,2,4,214,2016,11,1,16,1,0,1,0,0,0,0,2,3,6,1,3,3,0
6427,7,1,702,2016,10,2,9,1,1,0,1,0,0,0,3,6,4,0,3,3,0
6428,4,6,415,2016,10,3,18,0,0,1,0,0,0,0,1,2,6,1,3,3,0
6429,4,8,423,2016,10,7,17,1,0,1,0,0,0,0,2,4,6,0,3,3,0
6430,4,12,431,2016,10,2,17,0,1,1,0,0,0,0,2,3,2,2,3,3,0
6431,4,6,415,2016,10,7,3,0,0,1,0,0,0,0,1,2,6,2,3,3,0
6432,5,4,512,2016,10,6,17,1,0,1,0,0,0,0,2,5,2,2,3,3,0
6433,2,8,220,2016,11,6,12,0,0,1,0,0,0,0,1,2,6,0,3,3,0
6434,5,18,526,2016,11,4,14,1,0,1,1,0,0,0,3,6,4,0,3,3,0
6435,4,3,406,2016,11,3,17,1,0,1,1,0,0,0,3,5,4,1,3,2,1
6436,1,14,132,2016,10,4,6,0,0,1,0,1,0,0,2,4,2,2,3,3,0
6437,4,8,423,2016,11,7,9,1,1,1,0,0,0,0,3,5,3,0,3,3,0
6438,5,7,515,2016,10,2,10,1,0,1,1,0,0,0,3,5,3,0,3,3,0
6439,4,10,428,2016,10,3,16,0,1,1,0,0,0,0,2,1,1,0,3,3,0
6440,3,8,320,2016,10,5,9,1,0,1,0,0,0,1,3,2,6,0,3,3,0