SN,District,Imperial_Circle,Community,Year,Month,Weekday,Hour,Road,Cycle,Car,Pedestrians,Motorcycle,Goods Vehicle,Others,Total,Collision Type,Accident Type,Light Condition,Road Condition,Accident_Severity,Severity
7042,3,3,313,2016,12,5,9,0,1,1,0,0,0,0,2,3,6,0,3,3,0
7043,1,3,108,2016,12,6,19,0,1,1,0,0,0,0,2,5,3,2,3,3,0
7044,4,6,415,2016,12,3,19,1,0,1,0,0,0,0,2,4,7,2,3,3,0
7045,2,1,203,2016,12,3,17,0,0,1,0,0,0,0,1,2,6,1,3,3,0
7046,4,12,431,2016,12,6,8,0,1,0,0,0,0,1,2,1,7,0,3,3,0
7047,1,11,129,2016,12,7,18,1,0,1,0,0,0,0,2,5,3,2,3,3,0
7048,1,11,128,2016,12,7,13,1,0,1,0,0,0,0,2,5,3,0,3,3,0
7049,4,13,432,2016,12,2,20,1,0,1,0,0,0,0,2,5,3,2,3,3,0
7050,4,2,403,2016,12,5,8,0,1,0,0,0,1,0,2,0,3,0,3,3,0
7051,3,1,309,2016,12,5,9,1,0,1,0,1,0,0,3,3,7,0,3,3,0
7052,4,5,409,2016,12,4,17,0,1,1,0,0,0,0,2,4,2,2,3,3,0
7053,2,5,217,2016,12,3,18,1,1,1,0,0,0,0,3,3,2,2,3,3,0
7054,3,1,309,2016,12,5,13,0,1,1,0,0,0,0,2,1,5,0,3,3,0
7055,2,8,220,2016,12,7,15,1,0,1,1,0,0,0,3,6,4,1,3,2,1
7056,5,11,519,2016,12,7,11,0,0,1,0,0,0,0,1,3,7,0,3,3,0
7057,4,10,429,2016,12,6,7,1,0,1,0,0,0,0,2,5,3,2,3,3,0
7058,5,18,526,2016,12,7,20,1,0,1,1,0,0,0,3,6,2,2,3,2,1
7059,5,11,519,2016,12,7,11,1,0,1,0,0,0,1,3,2,6,0,3,3,0
7060,5,10,518,2016,12,1,17,1,0,1,0,0,0,0,2,5,3,2,3,3,0
7061,1,4,111,2016,12,6,18,1,0,1,0,1,0,0,3,2,6,2,3,3,0
7062,1,19,140,2016,12,4,5,0,0,1,0,0,0,0,1,2,6,2,3,3,0
7063,4,5,410,2016,12,4,22,0,1,0,0,0,0,0,1,0,7,2,3,3,0
7064,2,7,219,2016,12,3,16,1,1,0,0,0,1,0,3,5,3,0,3,2,1
7065,4,9,425,2016,12,7,19,1,0,1,1,0,0,0,3,6,4,2,3,3,0
7066,5,1,503,2016,12,4,11,0,0,1,0,0,0,1,2,5,3,0,3,3,0
7067,1,3,108,2016,12,5,18,1,0,1,0,0,0,0,2,2,6,2,3,3,0
7068,5,2,508,2016,12,7,14,0,0,1,0,0,0,0,1,2,2,0,3,3,0
7069,4,13,432,2016,12,7,17,1,0,1,1,0,0,0,3,6,4,2,3,2,1
7070,3,8,320,2016,12,4,7,1,0,1,0,0,0,0,2,2,6,1,3,3,0
7071,6,1,601,2016,12,6,16,0,0,1,0,0,0,0,1,5,3,2,3,3,0
7072,6,2,602,2016,12,6,10,0,1,1,0,0,0,0,2,5,3,0,3,2,1
7073,4,5,410,2016,12,6,8,1,0,1,0,1,0,0,3,3,6,0,3,3,0
7074,1,3,107,2016,12,6,8,1,0,1,1,0,0,0,3,6,7,0,3,2,1
7075,3,5,317,2016,12,3,19,1,0,1,1,0,0,0,3,6,2,2,3,2,1
7076,3,1,310,2016,12,3,20,0,0,1,1,0,0,0,2,6,2,2,3,3,0
7077,5,5,513,2016,12,5,7,0,0,1,0,0,0,0,1,4,2,0,3,3,0
7078,4,10,426,2016,12,4,11,1,0,1,0,0,1,0,3,2,6,0,3,3,0
7079,4,5,409,2016,12,6,17,0,1,0,0,0,0,0,1,7,7,2,3,3,0
7080,7,1,702,2016,12,5,16,1,0,1,1,0,0,0,3,6,4,2,3,3,0
7081,6,2,603,2016,12,5,7,0,1,0,1,0,0,0,2,6,4,2,3,3,0
7082,5,17,525,2016,12,4,15,0,0,1,0,0,0,0,1,9,7,0,3,2,1
7083,4,6,414,2016,12,4,11,1,0,1,0,0,0,0,2,3,6,0,3,3,0
7084,5,1,501,2016,12,6,16,0,1,1,0,0,0,0,2,5,3,2,3,3,0
7085,4,8,423,2016,12,7,14,1,0,1,0,0,0,0,2,4,6,0,3,3,0
7086,2,10,222,2016,12,4,18,0,0,1,0,0,0,0,1,2,6,2,3,3,0
7087,1,1,101,2016,12,5,16,0,1,0,1,0,0,0,2,6,4,2,3,3,0
7088,5,1,504,2016,12,7,16,0,0,1,0,0,0,0,1,5,3,2,3,3,0
7089,4,8,423,2016,12,4,17,0,0,0,1,0,0,1,2,6,4,2,3,3,0
7090,1,4,111,2016,12,4,16,0,0,1,0,0,0,0,1,2,6,1,3,3,0
7091,4,6,415,2016,12,6,18,1,0,0,1,0,0,1,3,6,7,1,3,2,1
7092,1,16,136,2016,12,5,10,1,0,0,0,1,0,0,2,0,1,0,3,3,0
7093,5,18,526,2016,12,6,7,0,1,1,0,0,0,0,2,4,2,1,3,3,0
7094,2,4,213,2016,12,6,12,0,0,0,1,0,0,1,2,6,7,0,3,2,1
7095,1,12,130,2016,12,5,7,0,0,1,0,0,0,0,1,5,3,0,3,3,0
7096,2,4,213,2016,12,3,7,0,1,1,0,0,0,0,2,5,3,1,3,3,0
7097,2,1,201,2016,12,3,13,0,0,1,0,0,0,0,1,5,3,0,3,3,0
7098,3,8,320,2016,12,6,10,0,0,1,0,0,0,0,1,2,6,0,3,3,0
7099,3,8,320,2016,12,7,15,1,0,1,0,1,0,0,3,0,7,0,3,3,0
7100,2,11,223,2016,12,4,17,1,0,1,0,0,0,0,2,5,3,2,3,3,0
7101,5,4,512,2016,12,2,7,0,0,0,0,1,0,1,2,5,3,2,3,3,0
7102,4,8,421,2016,12,7,18,0,0,1,0,0,0,0,1,2,6,2,3,3,0
7103,5,8,516,2016,12,2,14,1,0,1,0,0,0,0,2,8,1,0,3,3,0
7104,2,1,201,2016,12,3,16,0,0,1,0,0,0,0,1,2,6,1,3,3,0
7105,4,13,432,2016,12,5,20,0,0,1,0,0,0,0,1,3,2,2,3,3,0
7106,3,2,312,2016,12,3,7,1,1,0,0,0,0,0,2,4,6,2,3,3,0
7107,2,14,227,2016,12,7,19,1,0,0,1,0,0,1,3,6,2,2,3,3,0
7108,2,8,220,2016,12,4,21,0,0,0,1,0,0,1,2,6,2,2,3,3,0
7109,5,18,526,2016,12,2,7,0,0,1,0,0,0,0,1,5,3,0,3,3,0
7110,2,8,220,2016,12,7,10,1,1,1,0,0,0,0,3,5,3,0,3,1,1
7111,1,1,101,2016,12,3,15,0,0,1,1,0,0,0,2,6,2,0,3,2,1
7112,5,4,512,2016,12,3,15,0,0,1,0,0,0,0,1,5,7,0,3,3,0
7113,6,2,602,2016,12,5,9,0,1,1,0,0,0,0,2,1,6,0,3,2,1
7114,5,18,526,2016,12,5,17,0,1,1,0,0,0,0,2,5,2,0,3,3,0
7115,6,2,602,2016,12,5,18,1,0,1,1,0,0,0,3,6,4,2,3,3,0
7116,2,1,201,2016,12,3,16,1,0,1,0,0,0,0,2,4,2,2,3,3,0
7117,1,3,105,2016,12,3,17,0,1,1,0,0,0,0,2,3,2,2,3,3,0
7118,2,7,219,2016,12,6,21,0,0,0,0,0,0,1,1,5,3,2,3,3,0
7119,2,11,223,2016,12,7,3,1,0,1,0,0,0,0,2,1,1,2,3,3,0
7120,5,6,514,2016,12,7,17,1,0,1,0,0,0,0,2,5,3,2,3,3,0
7121,1,11,128,2016,12,1,19,1,0,1,0,0,0,0,2,3,6,2,3,3,0
7122,1,1,101,2016,12,5,6,1,1,1,0,0,0,0,3,5,3,2,3,3,0
7123,2,8,220,2016,12,4,19,0,0,1,1,0,0,0,2,0,4,2,3,2,1
7124,5,4,512,2016,12,2,16,0,0,1,1,0,0,0,2,6,4,2,3,2,1
7125,5,5,513,2016,12,5,15,1,0,1,0,0,0,0,2,2,6,0,3,3,0
7126,4,8,419,2016,12,5,20,1,0,1,0,0,0,0,2,5,3,2,3,2,1
7127,5,18,526,2016,12,2,18,0,0,1,1,0,0,0,2,6,3,2,3,2,1
7128,1,18,139,2016,12,3,14,0,0,0,0,0,1,0,1,8,1,0,3,3,0
7129,1,3,108,2016,12,5,13,0,0,0,1,0,0,1,2,0,7,0,3,2,1
7130,4,11,430,2016,12,7,10,1,0,1,1,0,0,0,3,6,4,0,3,2,1
7131,3,7,319,2016,12,1,17,0,0,1,1,0,0,0,2,6,4,2,3,3,0
7132,5,2,509,2016,12,5,12,0,0,1,0,0,0,0,1,8,1,0,3,3,0
7133,6,1,601,2016,12,4,13,0,0,1,1,0,0,0,2,6,3,0,3,3,0
7134,3,2,311,2016,12,4,13,1,1,1,0,0,0,0,3,3,2,0,3,3,0
7135,5,2,509,2016,12,2,14,0,1,1,0,0,0,0,2,0,7,0,3,2,1
7136,3,6,318,2016,12,7,19,1,0,1,0,0,0,0,2,3,7,2,3,3,0
7137,1,15,134,2016,12,3,22,0,0,0,0,1,0,0,1,0,7,2,3,3,0
7138,7,13,714,2016,12,4,7,1,0,1,1,0,0,0,3,6,4,2,3,2,1
7139,2,4,212,2016,12,7,19,0,0,1,0,0,0,0,1,5,3,2,3,3,0
7140,1,4,110,2016,12,7,20,1,0,1,1,0,0,0,3,6,4,2,3,2,1
7141,2,3,210,2016,12,5,6,0,0,1,0,0,0,1,2,4,2,2,3,3,0
7142,4,2,403,2016,12,4,14,0,0,1,0,0,0,0,1,1,6,0,3,3,0
7143,6,2,602,2016,12,6,0,0,0,1,0,0,0,0,1,9,1,2,3,3,0
7144,7,16,717,2016,12,4,7,1,0,0,0,1,0,0,2,0,7,1,3,3,0
7145,1,4,109,2016,12,7,1,0,0,1,1,0,0,0,2,6,4,2,3,3,0
7146,2,4,211,2016,12,7,10,1,0,1,0,0,0,0,2,2,6,0,3,3,0
7147,4,10,429,2016,12,6,8,0,0,1,0,0,0,1,2,5,3,0,3,3,0
7148,5,7,515,2016,12,5,7,0,0,1,1,0,0,0,2,6,2,1,3,3,0
7149,5,5,513,2016,12,5,20,0,0,1,0,0,0,0,1,1,5,2,3,3,0
7150,6,9,610,2016,12,3,12,0,1,1,0,0,0,0,2,5,3,0,3,3,0
7151,3,6,318,2016,12,6,17,1,0,1,1,0,0,0,3,6,7,2,3,3,0
7152,1,4,110,2016,12,7,0,0,0,1,1,0,0,0,2,6,4,2,3,2,1
7153,1,12,130,2016,12,3,16,0,0,1,1,0,0,0,2,6,4,2,3,3,0
7154,7,4,705,2016,12,4,20,1,0,1,0,0,0,0,2,5,2,2,3,3,0
7155,2,1,206,2016,12,7,16,0,0,0,0,0,0,1,1,0,2,1,3,3,0
7156,1,6,115,2016,12,4,17,0,0,1,0,0,0,0,1,2,6,2,3,3,0
7157,1,5,113,2016,12,4,16,0,1,1,0,0,0,0,2,5,3,2,3,3,0
7158,2,3,210,2016,12,6,11,0,0,1,0,0,0,0,1,3,2,0,3,3,0
7159,4,4,407,2016,12,5,6,1,0,1,1,0,0,0,3,6,4,2,3,3,0
7160,1,1,101,2016,12,6,22,0,0,1,0,0,0,0,1,4,7,2,3,3,0
7161,4,13,432,2016,12,5,17,1,1,0,0,0,0,1,3,5,3,2,3,3,0
7162,5,2,507,2016,12,2,14,0,0,1,0,0,0,0,1,2,6,0,3,3,0
7163,7,1,701,2016,12,2,15,0,0,1,1,0,0,0,2,6,2,0,3,3,0
7164,1,11,129,2016,12,6,15,0,0,1,1,0,0,0,2,0,5,0,3,3,0
7165,2,11,223,2016,12,6,14,0,0,1,0,0,0,0,1,4,7,0,3,2,1
7166,4,10,427,2016,12,5,17,1,0,1,0,0,0,1,3,2,6,2,3,3,0
7167,4,13,432,2016,12,2,17,0,0,1,1,0,0,0,2,6,4,2,3,2,1
7168,7,4,705,2016,12,2,11,1,0,1,0,0,0,0,2,5,3,0,3,3,0
7169,3,2,312,2016,12,6,17,0,0,1,0,0,0,1,2,3,2,2,3,3,0
7170,4,8,423,2016,12,2,11,0,0,1,0,0,0,1,2,2,6,0,3,3,0
7171,1,3,108,2016,12,7,20,0,0,1,1,0,0,0,2,6,7,2,3,3,0
7172,1,6,116,2016,12,3,9,0,0,1,0,0,0,0,1,5,3,0,3,3,0
7173,5,2,505,2016,12,2,18,0,0,1,1,0,0,0,2,6,4,2,3,3,0
7174,1,18,139,2016,12,7,10,0,0,1,0,0,0,0,1,5,3,0,3,3,0
7175,7,9,710,2016,12,2,19,1,1,0,0,0,0,1,3,4,3,2,3,3,0
7176,5,7,515,2016,12,3,13,0,0,1,1,0,0,0,2,6,7,0,3,3,0
7177,5,18,526,2016,12,5,16,0,0,1,0,0,0,1,2,5,3,2,3,3,0
7178,4,5,413,2016,12,5,11,0,1,0,1,0,0,0,2,6,7,0,3,3,0
7179,1,6,118,2016,12,5,17,1,0,1,1,0,0,0,3,3,2,1,3,2,1
7180,4,2,405,2016,12,2,7,1,1,0,0,0,0,1,3,5,3,1,3,3,0
7181,7,2,703,2016,12,2,13,0,0,1,0,0,0,1,2,2,6,0,3,3,0
7182,1,11,128,2016,12,4,6,1,0,1,1,0,0,0,3,6,4,2,3,3,0
7183,3,1,310,2016,12,6,11,0,0,1,0,0,0,0,1,1,6,0,3,3,0
7184,1,19,140,2016,12,6,17,1,0,1,0,0,0,1,3,3,6,2,3,3,0
7185,5,7,515,2016,12,7,21,0,0,0,1,0,0,1,2,6,7,2,3,3,0
7186,1,5,114,2016,12,6,14,0,0,1,0,0,0,0,1,2,6,0,3,3,0
7187,7,1,702,2016,12,6,10,0,0,1,0,0,0,0,1,1,6,0,3,2,1
7188,1,20,141,2016,12,6,11,0,0,1,0,0,0,1,2,5,3,0,3,3,0
7189,5,7,515,2016,12,2,19,1,0,0,1,0,0,1,3,6,4,2,3,2,1
7190,3,8,320,2016,12,5,12,0,1,1,0,0,0,0,2,5,3,0,3,2,1
7191,2,8,220,2016,12,5,6,1,0,1,1,0,0,0,3,6,4,2,3,2,1
7192,4,9,424,2016,12,3,16,0,0,1,1,0,0,0,2,6,4,2,3,3,0
7193,3,9,321,2016,12,2,6,1,0,0,1,0,0,1,3,6,6,2,3,3,0
7194,5,4,512,2016,12,4,16,0,0,1,0,0,0,0,1,3,7,2,3,3,0
7195,4,8,423,2016,12,7,13,0,0,1,0,0,0,0,1,5,3,0,3,3,0
7196,7,14,715,2016,12,7,12,0,0,1,1,0,0,0,2,6,4,0,3,3,0
7197,5,8,516,2016,12,6,16,0,1,1,0,0,0,0,2,5,3,2,3,3,0
7198,4,8,420,2016,12,5,18,0,1,1,0,0,0,0,2,0,7,2,3,3,0
7199,1,5,114,2016,12,6,1,0,1,0,0,0,0,0,1,0,7,2,3,2,1
7200,5,2,508,2016,12,4,0,0,1,0,0,0,0,0,1,0,7,2,3,3,0
7201,5,6,514,2016,12,1,12,1,0,1,0,0,0,0,2,3,5,0,3,3,0
7202,3,9,321,2016,12,5,8,0,1,1,0,0,0,0,2,4,2,0,3,3,0
7203,1,20,141,2016,12,4,5,0,0,1,0,0,0,0,1,3,5,2,3,3,0
7204,5,7,515,2016,12,3,12,0,1,0,0,0,0,0,1,0,7,0,3,3,0
7205,2,3,210,2016,12,2,18,0,0,1,0,0,0,1,2,0,2,2,3,3,0
7206,4,12,431,2016,12,3,12,0,0,1,0,0,0,1,2,5,3,0,3,3,0
7207,5,7,515,2016,12,4,7,1,1,1,0,0,0,0,3,4,2,1,3,2,1
7208,7,1,701,2016,12,6,16,1,0,1,1,0,0,0,3,6,7,1,3,3,0
7209,3,9,321,2016,12,4,21,1,1,1,0,0,0,0,3,5,3,2,3,3,0
7210,1,3,108,2016,12,7,22,0,0,1,1,0,0,0,2,6,4,2,3,2,1
7211,7,1,701,2016,12,6,11,0,0,1,1,0,0,0,2,0,7,0,3,3,0
7212,5,16,524,2016,12,6,8,1,1,1,0,0,0,0,3,5,3,1,3,3,0
7213,3,8,320,2016,12,5,7,0,0,1,0,0,0,0,1,2,6,1,3,3,0
7214,1,16,136,2016,12,2,14,0,1,0,0,0,0,1,2,0,7,0,3,3,0
7215,5,18,526,2016,12,5,14,0,0,1,0,0,0,0,1,5,3,0,3,3,0
7216,1,8,121,2017,1,4,9,0,0,1,0,0,0,0,1,2,6,3,0,3,0
7217,6,9,610,2017,1,7,19,0,0,1,0,0,0,0,1,2,6,3,0,3,0
7218,1,16,136,2017,2,4,9,0,0,1,0,0,0,0,1,2,6,3,1,3,0
7219,4,8,419,2017,2,7,10,0,0,1,1,0,0,0,2,6,4,3,1,3,0
7220,7,8,709,2017,2,6,14,0,0,1,0,0,0,0,1,8,1,3,0,2,1
7221,3,5,317,2017,2,5,9,0,0,0,0,1,0,0,1,0,7,3,0,1,1
7222,1,16,136,2017,1,2,15,0,0,1,0,0,0,0,1,2,6,3,0,2,1
7223,3,8,320,2017,1,5,16,0,0,1,0,0,0,0,1,2,6,3,0,3,0
7224,1,14,133,2017,1,3,7,0,0,1,0,0,0,0,1,2,6,3,0,3,0
7225,2,5,217,2017,2,7,17,0,0,1,0,0,0,0,1,2,6,3,0,3,0
7226,2,7,219,2017,2,5,17,0,0,1,0,0,0,1,2,2,6,3,0,3,0
7227,4,2,405,2017,1,4,17,0,0,1,0,0,0,0,1,3,6,3,1,3,0
7228,4,7,416,2017,1,2,17,0,0,1,0,0,0,0,1,2,6,3,1,3,0
7229,3,9,321,2017,1,6,16,0,0,1,0,0,0,0,1,4,2,3,1,2,1
7230,4,6,415,2017,2,3,18,0,0,1,0,0,0,0,1,2,6,3,0,3,0
7231,3,4,316,2017,2,1,5,0,0,1,0,0,0,0,1,5,3,3,1,3,0
7232,3,1,306,2017,1,2,6,0,0,1,0,0,0,0,1,2,6,3,0,3,0
7233,3,9,321,2017,1,6,17,0,1,1,0,0,0,0,2,5,3,3,0,3,0
7234,7,13,714,2017,1,3,13,0,0,1,0,0,0,0,1,3,6,3,1,3,0
7235,1,16,136,2017,2,6,14,0,0,1,0,0,0,1,2,1,6,3,0,3,0
7236,3,6,318,2017,2,5,7,0,0,1,0,0,0,1,2,0,6,3,0,3,0
7237,2,1,206,2017,2,4,18,0,1,1,0,0,0,0,2,4,2,3,0,3,0
7238,1,16,136,2017,2,6,7,0,0,1,0,0,0,0,1,2,6,3,1,3,0
7239,6,11,612,2017,2,5,6,0,0,1,0,0,0,1,2,3,6,3,0,2,1
7240,1,12,130,2017,2,3,7,0,0,1,0,0,0,0,1,3,6,3,1,3,0
7241,4,5,409,2017,1,4,17,0,1,0,1,0,0,0,2,6,7,3,0,2,1
7242,3,4,316,2017,1,2,17,0,1,1,0,0,0,0,2,1,5,3,0,3,0
7243,1,12,130,2017,1,6,8,0,0,1,0,0,0,0,1,2,6,3,2,3,0
7244,1,16,136,2017,1,4,15,0,0,1,0,0,0,0,1,8,1,3,0,3,0
7245,4,5,412,2017,2,2,19,0,0,1,0,0,0,0,1,5,2,3,1,3,0
7246,1,6,116,2017,2,6,15,0,0,1,0,0,0,1,2,5,3,3,0,3,0
7247,3,4,316,2017,1,7,21,0,0,1,0,0,0,0,1,5,2,3,0,3,0
7248,7,2,703,2017,1,4,15,0,0,1,0,0,0,1,2,3,6,3,0,3,0
7249,1,6,117,2017,2,6,15,0,0,1,0,0,0,0,1,1,6,3,0,3,0
7250,1,19,140,2017,1,5,15,0,0,1,0,0,0,1,2,3,6,3,0,3,0
7251,1,12,130,2017,1,2,7,0,0,1,0,0,0,1,2,3,6,3,1,3,0
7252,1,19,140,2017,2,5,13,0,0,1,0,0,0,1,2,2,6,3,0,3,0
7253,3,8,320,2017,2,2,15,0,0,1,1,0,0,0,2,6,2,3,0,2,1
7254,3,9,321,2017,2,7,19,0,0,1,0,0,0,0,1,2,6,3,0,3,0
7255,7,14,715,2017,1,2,7,0,0,1,0,0,0,1,2,5,7,3,1,2,1
7256,7,1,702,2017,1,6,17,0,0,1,0,0,0,0,1,3,6,3,0,3,0
7257,3,6,318,2017,1,4,13,0,0,1,1,0,0,0,2,6,4,3,1,3,0
7258,4,6,414,2017,1,2,10,0,0,1,1,0,0,0,2,6,4,3,0,3,0
7259,3,8,320,2017,1,6,5,0,0,1,0,1,0,0,2,5,2,3,1,3,0
7260,3,1,304,2017,1,4,18,0,0,1,1,0,0,0,2,6,4,3,1,3,0
7261,1,6,117,2017,1,3,11,0,0,1,0,0,0,0,1,5,2,3,0,2,1
7262,4,8,418,2017,1,6,11,0,0,1,0,0,0,1,2,1,5,3,1,3,0
7263,6,11,612,2017,2,6,19,0,0,1,0,0,0,0,1,9,1,3,0,3,0
7264,1,4,111,2017,2,4,9,0,0,1,0,0,0,1,2,1,6,3,1,3,0
7265,7,13,714,2017,1,2,5,0,0,1,0,0,0,0,1,4,2,3,0,3,0
7266,7,1,701,2017,1,6,14,0,0,1,0,0,0,0,1,2,6,3,0,3,0
7267,2,3,209,2017,2,4,7,0,0,1,0,0,0,1,2,3,6,3,0,3,0
7268,1,16,136,2017,2,6,14,0,0,1,0,0,0,0,1,2,6,3,1,3,0
7269,3,9,321,2017,1,2,17,0,0,1,0,0,0,1,2,2,6,3,1,3,0
7270,1,14,132,2017,1,4,11,0,0,1,0,0,0,0,1,5,3,3,1,3,0
7271,3,7,319,2017,1,2,16,0,0,1,0,0,0,0,1,2,6,3,0,3,0
7272,3,9,321,2017,1,7,18,0,0,1,0,0,0,0,1,2,6,3,0,3,0
7273,3,1,304,2017,1,5,13,0,0,1,0,0,0,0,1,3,6,3,0,3,0
7274,6,2,603,2017,1,2,8,0,0,1,0,0,0,1,2,0,1,3,0,3,0
7275,1,2,104,2017,1,7,18,0,0,1,0,0,0,0,1,8,1,3,1,3,0
7276,3,7,319,2017,1,5,8,0,0,1,0,0,0,0,1,2,6,3,0,3,0
7277,6,2,602,2017,2,2,13,0,0,1,0,0,0,0,1,1,6,3,1,3,0
7278,6,9,610,2017,2,6,6,0,0,1,0,0,0,0,1,2,6,3,1,3,0
7279,1,12,130,2017,1,1,18,0,0,1,0,0,0,0,1,8,1,3,0,2,1
7280,4,13,432,2017,1,5,9,0,0,1,0,0,0,1,2,3,6,3,1,3,0
7281,7,10,711,2017,1,2,16,0,0,1,0,0,0,0,1,3,6,3,2,3,0
7282,6,1,601,2017,2,6,11,0,0,1,0,0,0,1,2,2,6,3,0,3,0
7283,4,2,403,2017,1,2,7,0,0,1,0,0,0,0,1,2,6,3,0,3,0
7284,4,2,405,2017,1,6,14,0,0,1,0,0,0,0,1,2,6,3,0,3,0
7285,2,12,225,2017,1,3,17,0,1,1,0,0,0,0,2,4,2,3,0,3,0
7286,6,1,601,2017,2,6,7,0,0,1,0,0,0,0,1,8,7,3,0,3,0
7287,7,2,703,2017,2,3,16,0,0,1,0,0,0,0,1,2,6,3,0,3,0
7288,1,15,134,2017,2,2,6,0,0,1,0,0,0,0,1,2,6,3,0,3,0
7289,4,8,418,2017,1,3,20,0,0,1,1,0,0,0,2,6,2,3,1,3,0
7290,1,12,130,2017,1,7,18,0,0,1,0,0,0,0,1,9,1,3,2,3,0
7291,4,5,409,2017,1,5,7,0,0,1,0,0,0,1,2,2,6,3,1,3,0
7292,2,1,206,2017,1,4,20,0,0,1,0,0,0,0,1,2,6,3,0,3,0
7293,1,16,136,2017,2,6,13,0,0,1,0,0,0,0,1,2,6,3,1,3,0
7294,4,5,409,2017,2,5,11,0,0,1,0,0,0,1,2,5,3,3,1,3,0
7295,7,14,715,2017,1,2,8,0,0,1,0,0,0,0,1,2,6,3,1,3,0
7296,2,5,216,2017,2,7,21,0,0,1,0,0,0,0,1,2,6,3,0,3,0
7297,1,12,130,2017,2,5,15,0,0,1,0,0,0,0,1,2,6,3,1,3,0
7298,6,1,601,2017,1,6,19,0,0,1,0,0,0,0,1,2,6,3,1,3,0
7299,2,5,216,2017,1,4,19,0,1,1,0,0,0,0,2,5,3,3,0,3,0
7300,2,5,216,2017,1,7,8,0,0,1,0,0,0,0,1,3,6,3,0,3,0
7301,1,12,130,2017,2,4,8,0,0,1,0,0,0,0,1,2,6,3,0,3,0
7302,3,9,321,2017,2,7,15,0,0,1,0,0,0,0,1,3,7,3,1,3,0
7303,1,12,130,2017,1,2,11,0,0,1,0,0,0,0,1,2,6,3,1,3,0
7304,4,3,406,2017,1,5,15,0,0,1,0,0,0,0,1,5,3,3,0,3,0
7305,2,9,221,2017,1,3,17,0,0,1,0,0,0,0,1,2,6,3,1,3,0
7306,3,7,319,2017,1,2,9,0,0,1,0,0,0,0,1,2,6,3,1,3,0
7307,3,8,320,2017,1,5,18,0,0,1,0,0,0,0,1,4,2,3,0,3,0
7308,4,3,406,2017,2,5,20,0,0,1,0,0,0,0,1,8,1,3,1,3,0
7309,1,1,102,2017,2,3,19,0,0,1,0,1,0,0,2,2,6,3,0,3,0
7310,1,12,130,2017,2,7,8,0,0,1,0,0,0,0,1,2,1,3,1,2,1
7311,3,4,316,2017,1,2,14,0,0,1,0,0,0,1,2,5,2,3,0,3,0
7312,1,19,140,2017,1,6,19,0,0,1,0,0,0,0,1,3,6,3,0,3,0
7313,1,12,130,2017,1,3,12,0,0,1,0,0,0,1,2,3,6,3,1,3,0
7314,1,6,115,2017,1,3,17,0,0,1,0,0,0,0,1,2,6,3,1,3,0
7315,3,6,318,2017,1,2,18,0,0,0,1,0,0,1,2,6,4,3,0,2,1
7316,1,4,111,2017,1,4,13,0,0,1,0,0,0,1,2,2,6,3,0,3,0
7317,4,2,405,2017,1,1,23,0,0,1,0,0,0,0,1,2,6,3,1,3,0
7318,4,2,403,2017,1,6,15,0,1,0,0,0,0,1,2,3,2,3,2,3,0
7319,3,7,319,2017,2,2,12,0,0,1,0,0,0,0,1,2,6,3,1,3,0
7320,2,7,219,2017,2,6,14,0,0,1,0,0,0,1,2,2,6,3,0,3,0
7321,7,2,703,2017,1,6,10,0,0,1,0,0,0,1,2,2,6,3,1,3,0
7322,2,12,225,2017,1,4,15,0,0,1,0,0,0,0,1,2,6,3,0,3,0
7323,3,9,321,2017,2,3,19,0,0,1,0,0,0,0,1,3,7,3,0,3,0
7324,2,9,221,2017,1,1,14,0,0,1,0,0,0,0,1,1,6,3,1,3,0
7325,2,3,209,2017,2,5,7,0,0,0,1,0,0,1,2,6,3,3,0,2,1
7326,7,10,711,2017,1,2,12,0,0,1,0,0,0,0,1,0,7,3,0,3,0
7327,6,2,602,2017,1,6,22,0,0,1,0,0,0,0,1,5,3,3,0,3,0
7328,1,1,101,2017,2,6,18,0,0,1,0,0,0,1,2,2,6,3,1,3,0
7329,6,2,603,2017,2,1,13,0,0,1,0,0,0,0,1,5,3,3,0,3,0
7330,2,3,209,2017,2,6,7,0,0,1,0,0,0,0,1,2,6,3,1,3,0
7331,7,2,703,2017,2,3,14,0,0,1,0,0,0,1,2,2,6,3,0,3,0
7332,4,5,410,2017,1,2,6,0,0,1,0,0,0,0,1,2,6,3,1,3,0
7333,1,16,135,2017,1,6,18,0,0,1,0,0,0,0,1,9,7,3,0,3,0
7334,3,7,319,2017,1,2,20,0,0,1,0,0,0,0,1,3,6,3,1,3,0
7335,1,8,124,2017,2,2,19,0,0,1,1,0,0,0,2,6,2,3,1,2,1
7336,1,4,111,2017,1,1,0,0,1,0,1,0,0,0,2,0,7,3,0,3,0
7337,3,7,319,2017,2,6,7,0,0,1,0,0,0,0,1,2,6,3,0,3,0
7338,1,16,136,2017,2,3,16,0,0,1,0,0,0,0,1,2,6,3,0,2,1
7339,2,3,209,2017,1,5,18,0,0,1,0,0,0,0,1,2,6,3,0,3,0
7340,3,6,318,2017,1,3,17,0,0,1,0,0,0,0,1,4,7,3,1,3,0
7341,7,13,714,2017,1,6,5,0,0,1,0,0,0,0,1,5,2,3,0,2,1
7342,3,9,321,2017,2,5,17,0,0,1,0,0,0,0,1,2,2,3,0,3,0
7343,3,8,320,2017,2,2,15,0,0,1,0,0,0,1,2,3,6,3,0,3,0
7344,4,5,410,2017,2,7,14,0,0,1,0,0,0,0,1,4,2,3,0,3,0