SN,District,Imperial_Circle,Community,Year,Month,Weekday,Hour,Road,Cycle,Car,Pedestrians,Motorcycle,Goods Vehicle,Others,Total,Collision Type,Accident Type,Light Condition,Road Condition,Accident_Severity,Severity
7345,4,7,417,2017,1,2,9,0,1,1,0,0,0,0,2,5,3,3,1,3,0
7346,1,8,124,2017,1,6,16,0,0,1,0,0,0,0,1,2,6,3,1,3,0
7347,3,6,318,2017,1,7,12,0,0,1,0,1,0,0,2,4,2,3,0,3,0
7348,4,2,403,2017,2,4,21,0,1,1,0,0,0,0,2,5,3,3,0,3,0
7349,1,16,136,2017,2,6,6,0,0,1,0,0,0,0,1,2,6,3,0,3,0
7350,1,14,132,2017,2,6,12,0,0,1,0,0,0,0,1,3,6,3,0,3,0
7351,1,3,107,2017,2,4,8,0,0,1,0,0,0,0,1,2,6,3,0,3,0
7352,3,9,321,2017,2,5,15,0,0,1,0,0,0,0,1,2,6,3,0,3,0
7353,1,6,117,2017,2,6,10,0,0,1,0,0,0,0,1,2,6,3,0,3,0
7354,1,7,120,2017,2,4,17,0,1,1,0,0,0,0,2,5,3,3,0,3,0
7355,7,13,714,2017,1,7,13,0,0,1,0,0,0,0,1,2,6,3,1,3,0
7356,3,6,318,2017,1,5,21,0,0,1,0,0,0,0,1,5,3,3,0,2,1
7357,7,2,703,2017,2,2,17,0,0,1,0,0,0,0,1,2,6,3,1,2,1
7358,6,2,603,2017,2,6,13,0,0,1,1,0,0,0,2,6,4,3,0,3,0
7359,7,14,715,2017,2,4,16,0,0,1,0,0,0,0,1,5,3,3,0,2,1
7360,4,2,405,2017,2,3,14,0,0,1,0,0,0,0,1,2,2,3,0,3,0
7361,7,10,711,2017,1,7,10,0,0,1,0,0,0,0,1,2,6,3,2,3,0
7362,1,1,101,2017,1,6,15,0,0,1,0,0,0,0,1,4,2,3,1,3,0
7363,2,13,226,2017,1,4,10,0,0,1,0,0,0,1,2,3,6,3,0,3,0
7364,1,12,130,2017,1,6,19,0,0,1,0,0,0,1,2,2,6,3,1,3,0
7365,3,9,321,2017,9,3,19,0,0,1,0,0,0,0,1,3,6,3,0,3,0
7366,3,4,316,2017,9,3,19,0,0,1,0,1,0,0,2,3,6,3,1,3,0
7367,3,4,316,2017,9,2,18,0,1,1,0,0,0,0,2,3,2,3,0,3,0
7368,4,3,406,2017,9,2,17,0,1,1,0,0,0,0,2,5,3,3,1,3,0
7369,7,13,714,2017,9,1,15,0,0,1,1,0,0,0,2,6,4,3,1,3,0
7370,2,5,216,2017,9,1,12,0,0,1,0,1,0,0,2,5,3,3,0,3,0
7371,2,7,219,2017,9,1,5,0,0,1,0,0,0,0,1,2,6,3,0,3,0
7372,2,3,209,2017,9,1,20,0,1,1,0,0,0,0,2,1,7,3,0,3,0
7373,1,1,101,2017,6,7,16,0,0,0,0,1,0,0,1,0,1,3,0,3,0
7374,1,16,136,2017,9,7,13,0,0,1,0,0,0,1,2,2,6,3,0,3,0
7375,7,11,712,2017,6,6,8,0,0,1,0,0,0,0,1,2,6,3,0,3,0
7376,1,14,132,2017,9,7,17,0,0,1,0,1,0,0,2,0,6,3,0,3,0
7377,1,12,130,2017,6,6,17,0,0,1,0,0,0,0,1,2,6,3,1,3,0
7378,3,9,321,2017,6,6,16,0,0,1,0,0,0,1,2,2,6,3,1,3,0
7379,3,7,319,2017,6,6,16,0,0,1,0,0,0,0,1,2,6,3,1,3,0
7380,1,8,125,2017,9,7,23,0,0,1,0,0,0,0,1,2,6,3,0,3,0
7381,3,7,319,2017,6,6,13,0,0,1,0,0,0,0,1,2,6,3,0,3,0
7382,3,1,306,2017,6,6,14,0,0,1,0,0,0,0,1,2,6,3,0,3,0
7383,1,1,102,2017,6,6,7,0,0,1,0,0,0,0,1,2,6,3,0,3,0
7384,1,15,134,2017,6,5,22,0,0,1,0,0,0,1,2,2,6,3,0,3,0
7385,1,8,124,2017,6,5,21,0,0,1,0,0,0,0,1,2,2,3,0,3,0
7386,1,8,125,2017,6,5,13,0,0,1,0,0,0,0,1,4,2,3,1,3,0
7387,2,13,226,2017,6,5,11,0,0,1,0,0,0,0,1,5,3,3,0,2,1
7388,7,11,712,2017,6,4,8,0,0,1,0,0,0,1,2,3,6,3,0,3,0
7389,7,10,711,2017,6,4,12,0,0,1,0,0,0,1,2,5,3,3,1,3,0
7390,1,12,130,2017,6,4,15,0,0,1,0,0,0,0,1,2,6,3,1,3,0
7391,4,3,406,2017,6,4,10,0,0,1,0,0,0,0,1,1,6,3,0,3,0
7392,2,6,218,2017,6,4,18,0,0,1,1,0,0,0,2,6,3,3,1,3,0
7393,6,11,612,2017,12,1,7,0,0,1,0,0,0,0,1,8,1,3,1,3,0
7394,7,10,711,2017,6,3,16,0,0,1,0,0,0,1,2,2,6,3,1,3,0
7395,1,4,110,2017,12,1,16,0,1,1,0,0,0,0,2,5,2,3,1,3,0
7396,7,9,710,2017,6,3,15,0,0,1,0,0,0,0,1,2,6,3,0,3,0
7397,7,14,715,2017,12,7,13,0,0,1,0,0,0,0,1,2,6,3,1,3,0
7398,1,4,111,2017,9,7,17,0,1,0,0,1,0,1,3,5,3,3,0,3,0
7399,1,6,117,2017,6,3,16,0,0,1,1,0,0,0,2,6,4,3,1,3,0
7400,1,12,130,2017,12,7,20,0,0,1,0,1,0,1,3,0,7,3,1,2,1
7401,4,5,411,2017,12,7,14,0,0,1,0,0,0,0,1,2,2,3,1,3,0
7402,7,10,711,2017,9,5,16,0,0,1,0,0,0,0,1,5,3,3,0,3,0
7403,1,7,119,2017,6,3,9,0,0,1,0,1,0,0,2,1,6,3,0,3,0
7404,3,1,307,2017,12,7,14,0,0,1,0,0,0,0,1,2,6,3,1,3,0
7405,6,2,602,2017,9,5,21,0,0,1,0,0,0,0,1,5,7,3,0,3,0
7406,3,9,321,2017,12,6,22,0,0,1,0,0,0,0,1,3,6,3,1,3,0
7407,3,9,321,2017,9,5,17,0,0,1,0,0,0,1,2,5,3,3,0,3,0
7408,2,9,221,2017,9,5,13,0,0,1,0,0,0,0,1,2,6,3,0,3,0
7409,2,5,215,2017,12,6,13,0,0,1,1,0,0,0,2,6,2,3,0,3,0
7410,1,19,140,2017,9,5,16,0,0,1,0,0,0,0,1,2,6,3,0,3,0
7411,7,10,711,2017,9,4,8,0,0,1,0,0,0,1,2,3,6,3,0,3,0
7412,7,14,715,2017,9,4,9,0,0,1,0,0,0,0,1,5,2,3,0,2,1
7413,4,5,409,2017,9,4,19,0,0,1,0,0,0,0,1,2,6,3,0,3,0
7414,1,1,102,2017,12,6,13,0,0,1,0,0,0,0,1,2,6,3,0,3,0
7415,3,9,321,2017,9,3,16,0,1,1,0,0,0,0,2,3,2,3,0,3,0
7416,1,6,117,2017,12,4,18,0,0,1,0,0,0,0,1,2,6,3,1,3,0
7417,7,14,715,2017,9,2,12,0,0,1,0,0,0,0,1,2,6,3,0,3,0
7418,4,7,417,2017,12,4,16,0,1,0,1,0,0,0,2,0,7,3,1,3,0
7419,6,1,601,2017,9,2,17,0,1,0,0,0,0,0,1,4,6,3,0,3,0
7420,5,1,501,2017,12,3,22,0,1,1,0,0,0,0,2,3,2,3,1,3,0
7421,4,8,418,2017,6,3,16,0,0,1,0,0,0,0,1,1,6,3,1,3,0
7422,7,4,705,2017,12,7,18,0,0,1,0,0,0,0,1,2,6,3,1,3,0
7423,3,6,318,2017,12,6,8,0,1,1,0,0,0,0,2,5,2,3,0,3,0
7424,1,4,111,2017,12,6,11,0,0,1,0,0,0,1,2,2,2,3,1,3,0
7425,7,8,709,2017,12,5,11,0,0,1,0,0,0,0,1,2,6,3,0,3,0
7426,3,7,319,2017,9,2,9,0,1,0,0,0,0,1,2,4,2,3,0,3,0
7427,2,12,225,2017,12,5,14,0,1,1,0,0,0,0,2,0,3,3,1,3,0
7428,7,10,711,2017,9,1,16,0,0,1,0,0,0,0,1,4,2,3,1,3,0
7429,3,7,319,2017,12,5,21,0,0,1,0,0,0,0,1,5,3,3,0,2,1
7430,7,8,709,2017,9,1,16,0,0,1,0,0,0,0,1,2,6,3,1,3,0
7431,1,1,102,2017,12,5,15,0,1,0,1,0,0,0,2,6,6,3,0,2,1
7432,1,6,115,2017,9,1,10,0,0,1,0,0,0,0,1,2,6,3,0,3,0
7433,2,6,218,2017,9,1,14,0,0,1,0,0,0,1,2,2,6,3,1,3,0
7434,2,5,215,2017,9,1,13,0,0,1,0,0,0,1,2,3,6,3,0,3,0
7435,2,3,209,2017,9,1,15,0,0,1,0,0,0,0,1,3,6,3,1,3,0
7436,1,16,136,2017,9,7,9,0,0,1,0,0,0,0,1,2,6,3,0,3,0
7437,3,1,307,2017,9,7,9,0,1,0,0,0,0,0,1,0,7,3,0,3,0
7438,7,1,701,2017,9,6,17,0,1,0,0,0,0,0,1,0,7,3,0,3,0
7439,2,7,219,2017,9,6,8,0,0,1,0,0,0,1,2,3,6,3,0,3,0
7440,4,2,403,2017,9,6,7,0,0,0,1,0,0,1,2,6,4,3,1,2,1
7441,4,7,417,2017,9,5,17,0,1,0,1,0,0,0,2,6,3,3,0,2,1
7442,1,1,101,2017,6,3,18,0,0,1,0,0,0,0,1,2,6,3,0,3,0
7443,3,9,321,2017,9,5,9,0,0,1,0,0,0,0,1,5,3,3,0,3,0
7444,7,14,715,2017,6,7,19,0,0,1,0,0,0,0,1,2,6,3,0,3,0
7445,2,5,216,2017,9,5,14,0,0,1,0,0,0,1,2,3,6,3,0,3,0
7446,1,16,136,2017,6,7,14,0,0,1,0,0,0,0,1,2,6,3,1,3,0
7447,1,6,117,2017,6,7,12,0,0,1,0,0,0,0,1,3,2,3,1,3,0
7448,3,6,318,2017,9,5,14,0,0,1,0,0,0,0,1,2,6,3,0,3,0
7449,3,7,319,2017,9,5,8,0,1,1,0,0,0,0,2,5,3,3,0,3,0
7450,1,19,140,2017,6,7,15,0,0,1,0,0,0,0,1,2,6,3,0,3,0
7451,4,2,404,2017,6,7,12,0,0,1,0,0,0,0,1,9,6,3,1,3,0
7452,3,1,307,2017,9,5,9,0,1,0,1,0,0,0,2,0,4,3,0,3,0
7453,7,13,714,2017,6,6,12,0,1,1,0,0,0,0,2,5,3,3,0,3,0
7454,7,14,715,2017,9,4,19,0,0,1,0,0,0,0,1,2,6,3,1,3,0
7455,7,3,704,2017,6,6,10,0,0,1,0,0,0,0,1,2,6,3,0,3,0
7456,6,2,603,2017,6,6,13,0,0,1,0,0,0,1,2,3,6,3,0,2,1
7457,1,16,136,2017,6,6,9,0,0,1,0,0,0,1,2,3,6,3,0,3,0
7458,1,12,130,2017,6,6,19,0,0,1,0,0,0,0,1,2,6,3,0,3,0
7459,1,6,117,2017,6,6,7,0,1,1,0,0,0,0,2,3,3,3,0,3,0
7460,1,15,134,2017,12,4,17,0,0,1,0,0,0,0,1,2,6,3,1,3,0
7461,1,19,140,2017,6,6,13,0,0,1,0,0,0,0,1,2,6,3,0,3,0
7462,3,9,321,2017,6,6,9,0,1,1,0,0,0,0,2,4,2,3,0,3,0
7463,6,9,610,2017,12,4,7,0,0,1,0,0,0,0,1,2,6,3,1,3,0
7464,2,1,206,2017,6,6,14,0,1,0,0,0,0,0,1,4,6,3,0,3,0
7465,1,8,124,2017,12,4,13,0,0,1,0,0,0,0,1,2,6,3,1,3,0
7466,1,16,136,2017,6,5,8,0,0,1,0,0,0,1,2,3,6,3,0,3,0
7467,3,8,320,2017,12,4,17,0,0,1,0,0,0,0,1,2,6,3,1,3,0
7468,1,14,132,2017,6,5,14,0,0,1,0,0,0,0,1,1,6,3,0,3,0
7469,3,8,320,2017,12,4,15,0,0,1,0,0,0,1,2,5,2,3,1,3,0
7470,3,6,318,2017,6,5,12,0,1,0,1,0,0,0,2,6,3,3,0,3,0
7471,3,4,316,2017,12,4,13,0,1,1,0,0,0,0,2,3,2,3,1,3,0
7472,6,2,603,2017,5,4,7,0,1,1,0,0,0,0,2,4,2,3,0,3,0
7473,7,12,713,2017,12,3,6,0,0,1,0,0,0,1,2,3,6,3,1,3,0
7474,6,2,602,2017,12,3,17,0,1,1,0,0,0,0,2,5,2,3,0,3,0
7475,3,8,320,2017,9,4,13,0,0,1,0,0,0,0,1,3,6,3,1,3,0
7476,6,2,603,2017,5,4,7,0,1,0,0,0,0,0,1,3,2,3,0,3,0
7477,6,11,612,2017,9,3,20,0,0,1,0,0,0,0,1,8,1,3,1,3,0
7478,1,8,121,2017,12,3,13,0,1,1,0,0,0,0,2,4,2,3,0,3,0
7479,1,3,106,2017,9,3,16,0,0,1,0,0,0,0,1,2,6,3,0,3,0
7480,6,3,604,2017,9,2,5,0,0,1,0,0,0,0,1,3,6,3,0,3,0
7481,1,6,117,2017,12,3,22,0,0,1,0,0,0,0,1,5,3,3,1,3,0
7482,1,6,117,2017,9,2,12,0,0,1,0,0,0,1,2,4,2,3,0,3,0
7483,4,3,406,2017,9,2,11,0,0,1,0,0,0,0,1,2,6,3,0,3,0
7484,1,8,125,2017,9,1,13,0,0,0,0,0,0,1,1,0,7,3,0,3,0
7485,3,8,320,2017,9,1,15,0,0,1,0,0,0,0,1,4,2,3,0,3,0
7486,7,13,714,2017,9,7,22,0,0,1,0,0,0,0,1,5,2,3,0,2,1
7487,1,6,117,2017,12,3,8,0,1,1,0,0,0,0,2,5,3,3,1,3,0
7488,7,8,709,2017,9,7,16,0,0,1,0,0,0,0,1,4,7,3,1,3,0
7489,1,8,124,2017,5,4,16,0,0,1,0,0,0,0,1,2,6,3,0,3,0
7490,1,14,133,2017,5,4,9,0,0,1,0,0,0,0,1,1,6,3,0,3,0
7491,1,8,124,2017,12,3,11,0,1,1,1,0,0,0,3,3,3,3,1,3,0
7492,4,5,409,2017,5,4,20,0,0,1,0,1,0,0,2,5,2,3,0,3,0
7493,7,10,711,2017,5,3,15,0,0,1,1,0,0,0,2,6,4,3,0,3,0
7494,1,6,117,2017,12,3,18,0,1,1,0,0,0,0,2,4,2,3,1,3,0
7495,7,11,712,2017,5,3,8,0,0,1,0,0,0,1,2,2,6,3,0,3,0
7496,3,8,320,2017,5,3,19,0,0,1,0,0,0,0,1,5,2,3,0,3,0
7497,4,3,406,2017,12,3,6,0,0,1,0,0,0,0,1,2,6,3,1,3,0
7498,3,5,317,2017,5,3,17,0,0,1,0,0,0,1,2,3,2,3,0,3,0
7499,4,5,409,2017,5,2,17,0,0,1,0,1,0,0,2,2,6,3,0,3,0
7500,3,6,318,2017,12,3,7,0,0,1,0,0,0,0,1,3,6,3,1,3,0
7501,2,5,215,2017,5,2,9,0,0,1,0,0,0,1,2,0,6,3,0,3,0
7502,3,5,317,2017,12,3,11,0,0,1,0,0,0,1,2,5,7,3,0,3,0
7503,2,3,209,2017,12,3,7,0,1,0,0,0,0,1,2,5,2,3,1,3,0
7504,2,9,221,2017,9,7,11,0,1,1,0,0,0,0,2,5,3,3,1,3,0
7505,2,5,216,2017,5,2,8,0,1,1,0,0,0,0,2,3,2,3,0,3,0
7506,7,10,711,2017,12,2,17,0,0,1,1,0,0,0,2,6,4,3,0,3,0
7507,3,6,318,2017,9,7,17,0,0,1,0,1,0,0,2,3,7,3,1,3,0
7508,6,2,603,2017,12,2,16,0,1,1,0,0,0,0,2,5,2,3,0,3,0
7509,4,2,405,2017,9,7,15,0,0,1,0,0,0,0,1,4,2,3,1,3,0
7510,1,3,107,2017,9,7,2,0,0,0,0,1,0,0,1,0,7,3,1,3,0
7511,6,1,601,2017,12,2,16,0,0,1,0,0,0,1,2,3,2,3,0,3,0
7512,1,3,106,2017,9,7,14,0,0,0,0,1,0,0,1,0,7,3,1,3,0
7513,6,1,601,2017,9,6,10,0,0,1,0,0,0,1,2,2,6,3,1,3,0
7514,1,12,130,2017,9,6,14,0,0,1,0,0,0,0,1,2,6,3,1,3,0
7515,4,5,409,2017,9,6,17,0,0,1,1,0,0,0,2,6,4,3,1,3,0
7516,4,6,415,2017,9,6,14,0,0,1,0,0,0,0,1,1,6,3,1,3,0
7517,1,19,140,2017,9,6,6,0,0,1,0,0,0,1,2,3,6,3,1,3,0
7518,4,12,431,2017,9,5,9,0,1,1,0,0,0,0,2,5,3,3,0,2,1
7519,3,4,316,2017,9,5,15,0,1,0,1,0,0,0,2,5,4,3,0,2,1
7520,3,4,316,2017,9,5,17,0,1,0,1,0,0,0,2,6,3,3,0,3,0
7521,3,6,318,2017,9,4,7,0,1,1,0,0,0,0,2,0,3,3,1,3,0
7522,1,1,102,2017,9,4,12,0,0,1,0,0,0,1,2,2,6,3,1,3,0
7523,3,8,320,2017,5,1,13,0,0,1,0,0,0,1,2,2,6,3,0,3,0
7524,7,14,715,2017,9,3,5,0,0,1,0,0,0,1,2,2,6,3,0,3,0
7525,1,6,115,2017,9,3,7,0,0,1,0,0,0,0,1,1,6,3,0,3,0
7526,7,14,715,2017,5,7,20,0,0,1,0,0,0,0,1,2,6,3,0,3,0
7527,3,9,321,2017,9,3,7,0,0,1,0,0,0,0,1,2,6,3,0,3,0
7528,3,1,305,2017,9,3,18,0,1,1,0,0,0,0,2,3,2,3,0,3,0
7529,7,14,715,2017,5,7,12,0,1,1,0,0,0,0,2,3,2,3,0,3,0
7530,4,6,415,2017,9,2,6,0,0,1,0,1,0,0,2,0,2,3,0,3,0
7531,7,14,715,2017,5,6,12,0,1,0,0,0,0,0,1,3,2,3,0,3,0
7532,3,8,320,2017,9,2,15,0,0,1,0,0,0,1,2,3,6,3,0,3,0
7533,3,9,321,2017,5,6,13,0,0,1,0,0,0,1,2,2,6,3,0,3,0
7534,4,2,405,2017,12,2,14,0,0,1,0,0,0,1,2,2,6,3,0,3,0
7535,1,1,102,2017,5,6,9,0,0,0,0,1,0,1,2,3,6,3,0,2,1
7536,1,16,136,2017,5,5,9,0,0,1,0,1,0,0,2,2,6,3,0,2,1
7537,1,19,140,2017,5,5,19,0,0,1,0,1,0,0,2,0,6,3,0,2,1
7538,1,8,124,2017,12,1,21,0,0,1,0,0,0,0,1,2,2,3,0,3,0
7539,4,2,405,2017,5,5,11,0,0,1,0,0,0,0,1,2,6,3,0,3,0
7540,3,4,316,2017,5,5,11,0,0,1,0,0,0,0,1,2,6,3,0,3,0
7541,1,8,124,2017,12,1,14,0,0,1,0,0,0,0,1,1,6,3,0,3,0
7542,1,3,106,2017,5,5,17,0,1,0,0,0,0,0,1,1,6,3,0,3,0
7543,3,6,318,2017,12,1,11,0,1,1,0,0,0,0,2,4,2,3,0,3,0
7544,7,10,711,2017,5,4,20,0,0,1,0,0,0,0,1,4,2,3,0,3,0
7545,3,5,317,2017,12,1,21,0,0,0,0,1,0,0,1,0,1,3,2,3,0
7546,2,7,219,2017,5,4,16,0,0,1,0,1,0,0,2,2,6,3,0,3,0
7547,7,14,715,2017,12,6,21,0,0,1,0,1,0,0,2,4,2,3,0,2,1
7548,2,6,218,2017,5,4,13,0,0,1,0,0,0,0,1,2,6,3,0,3,0
7549,6,2,602,2017,12,6,7,0,1,0,1,0,0,0,2,6,6,3,0,2,1
7550,7,14,715,2017,5,3,15,0,0,0,0,0,0,1,1,2,6,3,1,3,0
7551,7,3,704,2017,5,3,15,0,0,1,0,0,0,0,1,9,1,3,1,3,0
7552,2,12,225,2017,9,1,17,0,0,1,0,0,0,0,1,4,2,3,0,3,0
7553,4,5,409,2017,5,3,16,0,0,1,0,0,0,0,1,2,6,3,0,3,0
7554,1,6,115,2017,5,2,16,0,0,0,0,1,0,0,1,0,1,3,0,3,0
7555,4,1,402,2017,5,2,8,0,1,0,0,0,0,1,2,5,2,3,0,3,0
7556,3,8,320,2017,12,6,17,0,0,1,0,0,0,1,2,3,6,3,2,3,0
7557,7,13,714,2017,5,1,13,0,0,1,0,0,0,1,2,8,2,3,0,3,0
7558,2,5,217,2017,12,6,7,0,1,0,1,0,0,0,2,6,7,3,0,3,0
7559,3,9,321,2017,12,5,19,0,1,1,0,0,0,0,2,5,3,3,1,3,0
7560,6,2,603,2017,5,1,5,0,0,1,0,0,0,0,1,8,1,3,0,3,0
7561,1,12,130,2017,5,1,13,0,0,1,0,0,0,0,1,2,6,3,0,3,0
7562,2,9,221,2017,12,5,12,0,0,1,0,0,0,0,1,2,6,3,1,3,0
7563,1,11,129,2017,5,1,11,0,0,1,0,0,0,0,1,2,6,3,0,3,0
7564,3,5,317,2017,5,1,22,0,0,1,0,0,0,0,1,3,6,3,0,3,0
7565,3,1,304,2017,12,5,16,0,0,1,0,0,0,0,1,5,3,3,1,3,0
7566,2,9,221,2017,5,7,11,0,1,1,0,0,0,0,2,3,2,3,0,3,0
7567,2,5,215,2017,5,7,10,0,0,1,0,0,0,0,1,3,6,3,0,3,0
7568,1,1,101,2017,12,5,1,0,0,1,0,0,0,0,1,4,2,3,1,3,0
7569,3,5,317,2017,5,7,19,0,0,1,0,0,0,1,2,2,6,3,0,3,0
7570,7,10,711,2017,12,4,17,0,0,1,0,1,0,0,2,4,2,3,1,2,1
7571,3,5,317,2017,5,7,10,0,0,1,0,0,0,0,1,2,6,3,0,3,0
7572,4,5,409,2017,12,4,19,0,0,1,0,0,0,1,2,2,6,3,1,3,0
7573,4,5,409,2017,12,4,7,0,1,1,0,0,0,0,2,3,2,3,1,3,0
7574,3,6,318,2017,9,7,18,0,0,1,0,1,0,0,2,5,7,3,0,2,1
7575,1,4,111,2017,5,7,17,0,0,1,0,1,0,0,2,3,6,3,0,3,0
7576,2,14,227,2017,12,4,21,0,0,1,0,0,0,0,1,5,3,3,1,3,0
7577,3,7,319,2017,9,7,13,0,0,1,0,0,0,0,1,5,3,3,0,3,0
7578,1,3,106,2017,5,7,3,0,0,1,1,0,0,0,2,6,4,3,1,1,1
7579,2,5,215,2017,12,4,17,0,0,1,0,0,0,0,1,2,2,3,1,3,0
7580,6,1,601,2017,9,6,6,0,0,1,0,0,0,0,1,3,7,3,0,3,0
7581,1,7,120,2017,9,6,15,0,0,1,0,0,0,0,1,2,6,3,0,3,0
7582,4,2,403,2017,12,4,13,0,0,0,0,1,0,1,2,4,7,3,1,2,1
7583,3,8,320,2017,9,6,11,0,0,1,0,0,0,1,2,5,3,3,0,3,0
7584,1,1,101,2017,9,6,17,0,1,0,0,0,0,0,1,4,6,3,0,3,0
7585,1,3,106,2017,9,6,13,0,0,1,0,0,0,0,1,3,6,3,0,3,0
7586,7,14,715,2017,8,5,14,0,1,1,0,0,0,0,2,5,3,3,0,3,0
7587,7,10,711,2017,8,5,6,0,0,1,0,0,0,0,1,5,3,3,0,3,0
7588,2,9,221,2017,8,5,5,0,1,0,0,0,0,1,2,4,2,3,1,3,0
7589,1,3,106,2017,12,4,16,0,0,1,1,0,0,0,2,6,3,3,1,3,0
7590,2,5,216,2017,8,5,13,0,0,0,0,0,0,1,1,5,2,3,0,3,0
7591,7,2,703,2017,12,3,8,0,0,1,0,0,0,1,2,2,6,3,1,3,0
7592,7,2,703,2017,8,4,7,0,0,1,0,0,0,0,1,2,6,3,0,3,0
7593,4,2,403,2017,8,4,6,0,1,1,0,0,0,0,2,5,3,3,0,3,0
7594,6,11,612,2017,8,3,15,0,0,1,0,0,0,1,2,3,6,3,0,2,1
7595,3,1,307,2017,8,3,14,0,0,1,0,0,0,1,2,0,7,3,0,3,0
7596,7,13,714,2017,8,2,16,0,0,1,0,0,0,0,1,2,6,3,0,3,0
7597,6,2,602,2017,8,2,15,0,1,0,1,0,0,0,2,6,3,3,0,3,0
7598,7,14,715,2017,5,6,17,0,1,1,0,0,0,0,2,5,3,3,0,3,0
7599,1,7,119,2017,8,2,17,0,0,0,1,0,0,1,2,6,4,3,0,2,1
7600,3,9,321,2017,8,2,12,0,0,1,0,0,0,1,2,5,3,3,0,3,0
7601,2,9,221,2017,8,2,20,0,1,1,0,0,0,0,2,3,2,3,0,2,1
7602,2,5,216,2017,5,6,22,0,0,1,0,0,0,0,1,2,6,3,1,3,0
7603,1,4,110,2017,8,2,7,0,0,1,0,0,0,1,2,2,6,3,0,3,0
7604,1,6,115,2017,5,5,7,0,0,1,0,0,0,0,1,1,6,3,0,3,0
7605,7,14,715,2017,8,7,16,0,1,1,0,0,0,0,2,0,7,3,0,3,0
7606,2,3,208,2017,5,5,20,0,1,0,0,0,0,0,1,5,3,3,0,3,0
7607,3,7,319,2017,8,7,12,0,0,1,0,0,0,0,1,5,3,3,0,3,0
7608,2,3,209,2017,8,7,10,0,1,1,0,0,0,0,2,5,3,3,0,3,0
7609,1,1,102,2017,8,7,10,0,0,1,0,0,0,1,2,2,6,3,0,3,0
7610,7,13,714,2017,5,4,6,0,1,0,0,0,0,1,2,0,5,3,0,3,0
7611,1,16,136,2017,8,6,12,0,0,1,0,0,0,0,1,3,6,3,0,3,0
7612,7,9,710,2017,5,4,18,0,0,1,0,1,0,0,2,5,3,3,0,2,1
7613,2,5,216,2017,8,6,16,0,0,1,0,0,0,0,1,2,6,3,0,3,0
7614,1,7,119,2017,8,5,6,0,0,1,0,0,0,1,2,3,6,3,0,3,0
7615,4,2,403,2017,5,4,8,0,0,1,0,0,0,0,1,2,6,3,0,3,0
7616,7,10,711,2017,5,3,16,0,0,1,0,0,0,0,1,5,2,3,1,3,0
7617,1,3,106,2017,8,5,12,0,0,1,0,0,0,0,1,5,2,3,0,3,0
7618,7,10,711,2017,5,3,11,0,0,1,0,0,0,0,1,5,3,3,1,3,0
7619,2,12,225,2017,5,3,16,0,0,1,0,0,0,0,1,3,6,3,1,3,0
7620,1,16,137,2017,8,4,12,0,0,0,0,1,0,0,1,9,1,3,0,2,1
7621,3,7,319,2017,5,3,5,0,0,1,0,0,0,0,1,3,6,3,1,3,0
7622,3,1,306,2017,5,3,11,0,0,1,0,0,0,1,2,2,6,3,1,3,0
7623,6,11,612,2017,5,2,5,0,0,0,0,0,0,1,1,8,7,3,0,3,0
7624,1,12,130,2017,5,2,15,0,0,1,0,0,0,1,2,2,6,3,0,2,1
7625,1,4,110,2017,12,3,17,0,0,1,0,0,0,1,2,3,6,3,1,3,0
7626,3,8,320,2017,5,2,17,0,0,1,0,0,0,0,1,2,6,3,0,3,0
7627,2,6,218,2017,5,2,12,0,0,1,0,0,0,0,1,3,6,3,0,3,0
7628,4,6,415,2017,12,2,16,0,0,1,0,0,0,0,1,2,6,3,1,3,0
7629,6,1,601,2017,5,1,19,0,0,1,0,0,0,0,1,2,6,3,0,3,0
7630,1,3,107,2017,5,7,1,0,0,1,0,0,0,0,1,2,6,3,1,3,0
7631,3,1,306,2017,12,2,14,0,1,1,0,0,0,0,2,5,7,3,1,3,0
7632,1,16,136,2017,5,6,16,0,0,1,0,0,0,0,1,3,6,3,0,2,1
7633,3,5,317,2017,12,2,16,0,1,0,0,0,0,1,2,3,6,3,1,3,0
7634,2,9,221,2017,5,6,13,0,1,0,0,0,0,0,1,3,6,3,1,3,0
7635,1,4,111,2017,12,2,13,0,1,1,0,0,0,0,2,5,3,3,1,3,0
7636,3,7,319,2017,5,6,13,0,0,1,0,0,0,1,2,5,3,3,0,3,0
7637,7,14,715,2017,12,1,23,0,0,1,0,0,0,1,2,4,6,3,2,3,0
7638,3,9,321,2017,12,1,21,0,0,1,0,0,0,0,1,3,6,3,1,3,0
7639,1,6,117,2017,5,5,15,0,0,1,0,0,0,0,1,2,6,3,0,3,0
7640,3,9,321,2017,12,7,10,0,0,1,0,0,0,0,1,5,3,3,1,3,0
7641,2,5,216,2017,8,4,18,0,0,1,0,0,0,0,1,2,6,3,0,3,0
7642,1,8,125,2017,5,5,13,0,0,1,0,0,0,0,1,2,6,3,0,3,0
7643,2,5,215,2017,8,4,20,0,0,1,0,0,0,1,2,3,6,3,0,3,0
7644,3,5,317,2017,12,7,12,0,0,1,0,0,0,1,2,3,2,3,1,3,0
7645,3,7,319,2017,8,4,7,0,0,1,0,1,0,0,2,4,2,3,0,3,0
7646,4,2,403,2017,8,4,13,0,1,0,0,0,0,0,1,3,6,3,0,3,0
7647,2,3,209,2017,8,4,4,0,0,1,0,1,0,0,2,1,5,3,0,2,1
7648,1,4,111,2017,8,4,14,0,0,1,0,1,0,1,3,3,6,3,0,2,1
7649,1,1,101,2017,8,4,17,0,0,0,0,1,0,0,1,0,7,3,0,2,1
7650,2,6,218,2017,8,3,8,0,1,1,0,0,0,0,2,3,2,3,0,3,0