SN,District,Imperial_Circle,Community,Year,Month,Weekday,Hour,Road,Cycle,Car,Pedestrians,Motorcycle,Goods Vehicle,Others,Total,Collision Type,Accident Type,Light Condition,Road Condition,Accident_Severity,Severity
7651,6,1,601,2017,12,6,15,0,0,1,0,0,0,0,1,2,6,3,1,3,0
7652,1,16,136,2017,8,2,18,0,0,1,0,0,0,0,1,2,6,3,0,3,0
7653,1,12,130,2017,12,6,15,0,0,1,0,0,0,0,1,2,6,3,1,3,0
7654,3,9,321,2017,12,6,9,0,1,0,0,0,0,1,2,3,2,3,1,3,0
7655,2,9,221,2017,12,6,18,0,0,1,0,0,0,0,1,4,2,3,0,3,0
7656,2,5,216,2017,12,6,13,0,0,1,1,0,0,0,2,6,4,3,1,3,0
7657,2,7,219,2017,12,6,13,0,0,1,0,0,0,0,1,2,6,3,1,3,0
7658,1,12,130,2017,8,2,18,0,0,0,0,1,0,0,1,8,7,3,0,3,0
7659,1,2,104,2017,8,1,1,0,0,1,0,0,0,0,1,3,6,3,0,3,0
7660,4,8,418,2017,8,1,17,0,1,1,0,0,0,0,2,4,2,3,1,3,0
7661,3,8,320,2017,8,1,13,0,0,1,0,0,0,0,1,4,2,3,0,3,0
7662,7,13,714,2017,8,7,1,0,0,1,0,0,0,0,1,4,2,3,1,3,0
7663,1,6,117,2017,8,7,21,0,0,0,0,1,0,0,1,0,1,3,1,3,0
7664,3,7,319,2017,8,7,13,0,0,1,0,0,0,0,1,2,6,3,1,3,0
7665,3,5,317,2017,12,6,11,0,0,1,0,0,0,0,1,3,2,3,1,3,0
7666,1,19,140,2017,8,6,13,0,0,1,0,0,0,0,1,2,6,3,0,3,0
7667,1,1,102,2017,8,6,10,0,0,1,0,0,0,0,1,2,6,3,0,3,0
7668,1,14,133,2017,8,5,18,0,0,1,0,0,0,0,1,2,6,3,1,3,0
7669,3,4,316,2017,8,5,17,0,1,1,0,0,0,0,2,3,2,3,1,3,0
7670,1,8,124,2017,8,4,18,0,0,1,0,0,0,0,1,1,6,3,0,3,0
7671,1,12,130,2017,12,5,21,0,0,1,0,0,0,1,2,3,1,3,1,3,0
7672,2,3,209,2017,8,4,18,0,0,1,0,0,0,0,1,2,6,3,0,3,0
7673,2,1,206,2017,8,4,13,0,0,1,0,0,0,1,2,3,6,3,0,3,0
7674,7,2,703,2017,8,3,10,0,0,1,0,0,0,0,1,0,7,3,0,3,0
7675,1,16,136,2017,8,3,13,0,0,1,0,0,0,1,2,2,6,3,0,3,0
7676,1,16,135,2017,8,3,13,0,0,1,0,0,0,1,2,3,6,3,0,3,0
7677,4,7,417,2017,8,3,13,0,0,1,0,1,0,0,2,3,2,3,0,3,0
7678,3,5,317,2017,8,3,12,0,1,0,1,0,0,0,2,6,3,3,0,3,0
7679,2,3,208,2017,8,3,1,0,1,0,1,0,0,0,2,6,6,3,0,3,0
7680,2,14,227,2017,8,2,17,0,0,1,0,0,0,0,1,2,6,3,0,3,0
7681,1,8,124,2017,5,4,18,0,1,1,0,0,0,0,2,3,2,3,0,3,0
7682,2,5,216,2017,8,2,9,0,1,1,0,0,0,0,2,3,2,3,0,3,0
7683,3,6,318,2017,8,2,15,0,0,1,0,0,0,0,1,9,7,3,0,3,0
7684,1,6,115,2017,5,4,9,0,0,1,0,1,0,1,3,1,6,3,1,2,1
7685,2,3,209,2017,8,2,9,0,0,1,0,0,0,1,2,2,6,3,0,3,0
7686,1,7,120,2017,8,1,11,0,0,1,0,0,0,0,1,4,2,3,0,3,0
7687,2,12,225,2017,5,4,12,0,0,1,0,0,0,0,1,2,6,3,0,3,0
7688,3,9,321,2017,8,1,7,0,0,1,0,0,0,0,1,1,6,3,0,3,0
7689,1,4,110,2017,5,4,10,0,0,1,0,0,0,1,2,3,6,3,0,3,0
7690,7,4,705,2017,8,7,17,0,0,1,0,0,0,0,1,3,6,3,1,3,0
7691,6,1,601,2017,5,3,16,0,0,1,0,0,0,0,1,2,6,3,0,3,0
7692,1,6,117,2017,12,5,21,0,0,1,0,0,0,0,1,4,2,3,1,3,0
7693,2,5,216,2017,5,3,17,0,0,1,0,0,0,0,1,2,6,3,0,3,0
7694,3,1,306,2017,5,3,16,0,1,0,1,0,0,0,2,6,4,3,0,3,0
7695,2,5,216,2017,12,5,13,0,0,1,0,0,0,0,1,5,2,3,0,3,0
7696,3,4,316,2017,5,3,18,0,1,0,0,0,0,1,2,5,2,3,0,3,0
7697,7,10,711,2017,5,2,23,0,0,0,0,0,0,1,1,2,6,3,0,3,0
7698,1,1,102,2017,12,5,8,0,0,1,0,1,0,0,2,3,6,3,0,3,0
7699,6,9,610,2017,5,1,15,0,0,1,0,0,0,1,2,3,6,3,0,3,0
7700,3,4,316,2017,5,1,15,0,1,1,0,0,0,0,2,5,3,3,0,3,0
7701,7,9,710,2017,12,4,7,0,0,1,0,0,0,1,2,3,6,3,0,3,0
7702,7,8,709,2017,5,7,16,0,0,1,0,0,0,0,1,5,3,3,0,3,0
7703,3,8,320,2017,12,4,6,0,0,1,0,0,0,0,1,2,6,3,1,3,0
7704,6,9,610,2017,5,7,16,0,0,1,0,0,0,0,1,8,1,3,0,2,1
7705,3,9,321,2017,12,4,7,0,0,1,0,0,0,0,1,5,3,3,0,3,0
7706,3,5,317,2017,5,7,16,0,0,1,0,0,0,0,1,3,7,3,0,3,0
7707,2,3,208,2017,12,4,19,0,0,1,0,0,0,0,1,4,2,3,0,3,0
7708,3,8,320,2017,12,3,9,0,0,1,0,0,0,1,2,2,6,3,1,3,0
7709,1,1,102,2017,5,7,17,0,1,0,1,0,0,0,2,0,7,3,0,3,0
7710,2,9,221,2017,12,3,13,0,0,1,0,1,0,0,2,0,6,3,1,3,0
7711,1,12,130,2017,5,6,13,0,0,1,0,0,0,1,2,2,6,3,1,3,0
7712,2,5,215,2017,12,3,8,0,1,0,0,0,0,1,2,0,1,3,1,3,0
7713,2,7,219,2017,8,7,12,0,0,1,0,0,0,0,1,2,7,3,1,3,0
7714,4,2,404,2017,8,7,17,0,0,1,0,0,0,0,1,3,2,3,1,3,0
7715,1,15,134,2017,5,6,6,0,0,1,0,0,0,0,1,1,6,3,0,3,0
7716,4,13,432,2017,8,6,2,0,0,1,0,0,0,0,1,8,1,3,0,2,1
7717,3,7,319,2017,8,6,17,0,0,1,0,0,0,1,2,2,6,3,1,3,0
7718,3,7,319,2017,12,3,17,0,0,1,1,0,0,0,2,6,4,3,0,2,1
7719,4,2,405,2017,8,6,14,0,0,1,0,0,0,1,2,4,7,3,1,2,1
7720,7,10,711,2017,12,2,10,0,0,1,0,0,0,0,1,2,6,3,1,3,0
7721,6,10,611,2017,12,2,7,0,0,1,0,0,0,0,1,3,6,3,1,3,0
7722,1,8,124,2017,12,2,7,0,1,1,0,0,0,0,2,5,2,3,1,3,0
7723,4,5,409,2017,12,2,16,0,1,0,0,0,0,0,1,4,6,3,0,3,0
7724,2,13,226,2017,12,2,18,0,1,0,0,0,0,0,1,0,7,3,0,3,0
7725,2,5,216,2017,12,2,17,0,0,1,0,0,0,0,1,2,6,3,0,3,0
7726,3,8,320,2017,5,6,15,0,0,1,0,0,0,0,1,2,6,3,1,2,1
7727,3,7,319,2017,12,2,7,0,0,1,0,0,0,0,1,4,7,3,0,3,0
7728,2,5,216,2017,5,6,14,0,0,1,0,0,0,0,1,2,6,3,1,3,0
7729,7,14,715,2017,12,1,19,0,0,1,1,0,0,0,2,6,2,3,1,3,0
7730,3,7,319,2017,5,6,20,0,0,1,0,0,0,1,2,1,6,3,0,3,0
7731,3,7,319,2017,5,6,2,0,0,0,0,0,0,1,1,8,1,3,1,3,0
7732,4,5,411,2017,12,1,16,0,0,1,0,0,0,0,1,1,6,3,1,3,0
7733,6,1,601,2017,5,4,12,0,1,1,0,0,0,0,2,5,3,3,0,2,1
7734,3,6,318,2017,12,1,19,0,0,1,0,0,0,0,1,4,2,3,1,3,0
7735,1,12,130,2017,5,4,7,0,0,1,0,1,0,0,2,3,6,3,0,3,0
7736,6,11,612,2017,12,7,23,0,0,1,0,0,0,0,1,2,6,3,1,3,0
7737,1,1,102,2017,5,3,17,0,0,1,0,0,0,0,1,2,6,3,1,3,0
7738,6,1,601,2017,12,7,13,0,0,1,0,0,0,0,1,2,6,3,0,3,0
7739,4,2,403,2017,12,7,17,0,0,1,0,0,0,0,1,2,6,3,0,3,0
7740,1,15,134,2017,5,2,18,0,0,1,0,0,0,0,1,0,6,3,0,3,0
7741,6,11,612,2017,12,6,22,0,0,1,0,0,0,0,1,9,1,3,0,2,1
7742,3,5,317,2017,8,6,21,0,0,1,0,0,0,0,1,1,6,3,1,3,0
7743,3,9,321,2017,5,2,11,0,0,1,0,0,0,0,1,5,2,3,0,3,0
7744,1,6,115,2017,12,6,14,0,0,1,0,0,0,0,1,1,6,3,0,3,0
7745,3,8,320,2017,8,5,8,0,0,1,0,0,0,1,2,3,6,3,0,3,0
7746,1,8,124,2017,12,6,20,0,0,1,0,0,0,0,1,4,2,3,0,2,1
7747,1,19,140,2017,8,5,15,0,0,1,0,0,0,0,1,2,6,3,0,3,0
7748,2,5,216,2017,8,5,17,0,1,0,0,0,0,1,2,5,2,3,0,3,0
7749,3,1,304,2017,8,5,11,0,0,1,0,1,0,0,2,2,6,3,0,2,1
7750,1,4,111,2017,8,5,8,0,1,1,0,0,0,0,2,5,3,3,0,3,0
7751,1,16,135,2017,8,4,21,0,0,1,0,0,0,0,1,8,1,3,0,3,0
7752,3,8,320,2017,8,4,13,0,0,1,0,0,0,1,2,3,2,3,0,3,0
7753,4,5,412,2017,11,5,15,0,1,1,0,0,0,0,2,3,2,3,0,3,0
7754,1,7,119,2017,8,3,7,0,1,0,1,0,0,0,2,6,7,3,0,3,0
7755,1,19,140,2017,11,5,11,0,0,1,0,0,0,1,2,3,6,3,0,2,1
7756,4,5,411,2017,8,2,17,0,1,0,1,0,0,0,2,6,3,3,0,2,1
7757,7,14,715,2017,11,4,16,0,1,1,0,0,0,0,2,5,3,3,0,3,0
7758,4,5,409,2017,8,2,17,0,0,1,0,0,0,0,1,5,3,3,0,3,0
7759,3,9,321,2017,8,2,11,0,0,1,0,0,0,1,2,2,6,3,0,3,0
7760,1,6,117,2017,8,1,21,0,0,1,0,0,0,0,1,3,6,3,0,3,0
7761,6,2,602,2017,8,7,10,0,0,1,0,0,0,0,1,5,3,3,0,3,0
7762,1,6,117,2017,8,7,0,0,0,1,0,0,0,0,1,5,3,3,0,3,0
7763,3,7,319,2017,8,7,16,0,0,1,0,0,0,0,1,5,3,3,0,3,0
7764,3,9,321,2017,8,6,7,0,0,1,0,0,0,1,2,3,6,3,0,3,0
7765,2,14,227,2017,8,6,18,0,0,1,0,0,0,0,1,5,3,3,0,3,0
7766,3,4,316,2017,5,2,19,0,1,0,0,0,0,0,1,2,6,3,0,3,0
7767,4,2,405,2017,8,6,10,0,0,1,0,0,0,0,1,1,6,3,0,3,0
7768,1,1,101,2017,8,6,11,0,0,1,0,0,0,1,2,5,3,3,0,3,0
7769,1,16,136,2017,8,5,17,0,0,1,0,0,0,1,2,3,6,3,0,3,0
7770,3,7,319,2017,4,1,22,0,0,1,0,0,0,0,1,8,7,3,0,2,1
7771,3,9,321,2017,8,5,17,0,0,1,0,0,0,0,1,3,7,3,0,3,0
7772,1,12,130,2017,4,7,11,0,0,1,0,0,0,0,1,1,6,3,0,3,0
7773,2,5,216,2017,4,7,11,0,1,1,0,0,0,0,2,5,2,3,0,2,1
7774,6,11,612,2017,11,4,7,0,0,1,0,0,0,1,2,2,6,3,1,3,0
7775,1,3,107,2017,4,7,16,0,1,0,1,0,0,0,2,6,4,3,0,3,0
7776,1,16,136,2017,11,3,6,0,0,1,0,0,0,1,2,2,6,3,0,3,0
7777,7,14,715,2017,4,6,14,0,0,1,0,0,0,1,2,5,3,3,0,3,0
7778,1,11,129,2017,11,3,13,0,0,1,0,0,0,0,1,3,6,3,0,3,0
7779,1,14,132,2017,4,6,17,0,0,1,0,0,0,1,2,1,6,3,1,3,0
7780,3,9,321,2017,11,3,23,0,0,1,0,0,0,0,1,4,2,3,1,3,0
7781,4,5,409,2017,4,6,16,0,0,1,0,0,0,0,1,2,6,3,1,3,0
7782,2,5,217,2017,11,3,15,0,0,1,1,0,0,0,2,6,2,3,1,3,0
7783,2,13,226,2017,4,6,7,0,1,1,0,0,0,0,2,5,3,3,0,3,0
7784,3,1,306,2017,11,3,15,0,1,1,0,0,0,0,2,4,2,3,0,3,0
7785,1,12,130,2017,4,5,17,0,0,1,0,0,0,0,1,2,6,3,0,3,0
7786,4,12,431,2017,4,5,22,0,0,1,0,0,0,0,1,5,3,3,0,3,0
7787,1,3,107,2017,11,3,8,0,1,0,0,0,0,1,2,5,2,3,0,3,0
7788,4,4,407,2017,4,5,18,0,0,1,0,1,0,0,2,3,6,3,0,3,0
7789,7,9,710,2017,11,2,19,0,0,1,1,0,0,0,2,6,2,3,1,3,0
7790,4,6,414,2017,11,2,16,0,0,1,1,0,0,0,2,6,2,3,1,3,0
7791,4,5,411,2017,4,4,12,0,0,1,0,0,0,0,1,2,6,3,0,3,0
7792,3,9,321,2017,11,2,4,0,0,0,0,0,0,1,1,2,6,3,1,3,0
7793,2,7,219,2017,4,4,19,0,0,0,0,0,0,1,1,0,6,3,0,3,0
7794,1,19,140,2017,11,2,7,0,0,1,0,0,0,0,1,7,1,3,0,3,0
7795,2,5,216,2017,11,2,0,0,0,1,0,0,0,0,1,9,1,3,0,3,0
7796,1,3,106,2017,8,5,13,0,0,1,0,0,0,0,1,2,6,3,0,3,0
7797,7,14,715,2017,4,3,7,0,0,1,0,0,0,0,1,2,6,3,1,3,0
7798,7,2,703,2017,4,3,17,0,0,0,0,0,0,1,1,2,6,3,0,3,0
7799,4,2,405,2017,11,2,14,0,0,1,0,1,0,0,2,4,6,3,1,2,1
7800,1,6,115,2017,4,3,18,0,0,1,0,0,0,0,1,2,6,3,0,3,0
7801,4,5,409,2017,11,1,20,0,0,1,0,0,0,0,1,9,7,3,1,3,0
7802,4,12,431,2017,4,3,8,0,0,1,0,0,0,0,1,9,1,3,1,3,0
7803,1,7,119,2017,4,2,16,0,0,1,0,0,0,0,1,2,6,3,1,3,0
7804,3,9,321,2017,11,1,15,0,0,1,0,0,0,1,2,5,3,3,1,3,0
7805,1,19,140,2017,4,2,18,0,0,1,0,0,0,0,1,2,6,3,0,3,0
7806,1,6,117,2017,11,7,17,0,0,1,0,0,0,0,1,5,3,3,0,3,0
7807,2,7,219,2017,4,2,13,0,0,1,0,0,0,1,2,3,6,3,0,3,0
7808,3,7,319,2017,11,7,0,0,0,1,0,1,0,0,2,5,7,3,0,3,0
7809,1,1,102,2017,4,2,10,0,0,1,0,0,0,1,2,3,2,3,0,3,0
7810,1,3,106,2017,11,7,20,0,0,1,0,0,0,0,1,5,3,3,0,3,0
7811,1,6,116,2017,11,6,17,0,0,1,0,0,0,0,1,2,6,3,0,3,0
7812,7,13,714,2017,4,1,13,0,0,1,0,0,0,0,1,2,6,3,1,3,0
7813,1,6,117,2017,11,6,10,0,0,1,0,0,0,1,2,3,2,3,0,3,0
7814,2,9,221,2017,11,6,16,0,1,0,0,0,0,0,1,0,7,3,1,3,0
7815,1,16,137,2017,4,1,6,0,0,1,0,0,0,1,2,4,6,3,1,3,0
7816,3,9,321,2017,11,5,18,0,0,1,0,0,0,0,1,2,6,3,1,3,0
7817,1,6,117,2017,8,4,17,0,1,1,0,0,0,0,2,3,2,3,0,3,0
7818,3,9,321,2017,11,5,7,0,0,1,0,0,0,1,2,2,6,3,0,3,0
7819,3,9,321,2017,8,4,13,0,0,1,0,0,0,0,1,4,2,3,0,3,0
7820,3,5,317,2017,8,4,0,0,0,1,0,0,0,0,1,1,5,3,1,3,0
7821,1,6,117,2017,8,3,20,0,0,1,0,0,0,1,2,5,3,3,1,3,0
7822,3,9,321,2017,8,3,11,0,0,1,0,0,0,0,1,2,6,3,0,3,0
7823,4,4,407,2017,8,3,8,0,1,0,0,0,0,0,1,0,7,3,1,3,0
7824,3,4,316,2017,11,5,22,0,0,1,1,0,0,0,2,6,7,3,1,3,0
7825,1,6,117,2017,7,2,11,0,0,1,0,0,0,1,2,3,6,3,0,3,0
7826,2,1,206,2017,11,5,13,0,0,1,1,0,0,0,2,6,4,3,0,3,0
7827,1,1,101,2017,11,5,22,0,0,1,0,0,0,0,1,3,6,3,1,3,0
7828,7,10,711,2017,11,4,19,0,0,1,1,0,0,0,2,6,2,3,0,3,0
7829,7,10,711,2017,11,4,9,0,0,1,0,0,0,0,1,4,2,3,1,3,0
7830,7,2,703,2017,11,4,11,0,0,1,0,0,0,0,1,2,6,3,1,3,0
7831,4,8,418,2017,11,4,17,0,1,1,0,0,0,0,2,5,2,3,1,3,0
7832,3,9,321,2017,7,2,4,0,0,1,0,0,0,1,2,3,6,3,1,3,0
7833,3,7,319,2017,7,2,14,0,0,1,0,1,0,0,2,5,3,3,0,2,1
7834,1,1,102,2017,7,2,14,0,0,1,1,0,0,0,2,6,4,3,0,2,1
7835,7,14,715,2017,7,1,13,0,0,1,0,0,0,1,2,4,6,3,0,3,0
7836,7,9,710,2017,7,1,14,0,0,1,0,0,0,1,2,2,6,3,0,3,0
7837,3,8,320,2017,7,1,17,0,1,1,0,0,0,0,2,5,2,3,0,3,0
7838,2,5,216,2017,7,1,18,0,0,1,0,0,0,0,1,9,1,3,0,3,0
7839,7,2,703,2017,7,6,11,0,0,1,0,0,0,1,2,2,6,3,0,3,0
7840,3,7,319,2017,7,6,15,0,0,1,0,0,0,0,1,2,6,3,1,3,0
7841,3,1,307,2017,7,5,13,0,1,1,0,0,0,0,2,3,2,3,0,3,0
7842,1,3,106,2017,7,5,23,0,0,1,0,0,0,1,2,5,3,3,0,3,0
7843,6,1,601,2017,4,1,23,0,0,0,0,0,0,1,1,8,1,3,0,2,1
7844,6,1,601,2017,4,1,21,0,0,1,0,0,0,0,1,5,2,3,0,3,0
7845,3,7,319,2017,4,1,9,0,0,1,0,0,0,1,2,5,3,3,1,3,0
7846,4,2,403,2017,4,1,12,0,1,0,0,0,0,0,1,0,7,3,0,3,0
7847,1,4,111,2017,4,1,22,0,1,0,0,0,0,1,2,0,6,3,0,3,0
7848,2,9,221,2017,11,4,17,0,0,1,0,0,0,0,1,2,6,3,1,3,0
7849,1,12,130,2017,4,7,0,0,0,0,0,1,0,0,1,0,1,3,1,3,0
7850,2,5,215,2017,11,4,7,0,0,1,0,0,0,1,2,2,6,3,1,3,0
7851,1,14,132,2017,4,7,17,0,1,1,0,0,0,0,2,4,2,3,0,2,1
7852,2,5,217,2017,11,4,9,0,1,0,0,0,0,0,1,0,7,3,1,1,1
7853,1,16,136,2017,7,4,8,0,0,1,0,0,0,0,1,8,1,3,1,3,0
7854,1,16,136,2017,7,4,14,0,0,1,0,0,0,1,2,3,6,3,0,2,1
7855,1,8,125,2017,7,4,16,0,0,1,0,0,0,1,2,5,3,3,0,3,0
7856,4,6,414,2017,7,4,8,0,1,1,0,0,0,0,2,0,7,3,1,3,0
7857,2,9,221,2017,4,7,13,0,1,0,1,0,0,0,2,6,7,3,0,3,0
7858,3,8,320,2017,7,4,20,0,0,1,0,0,0,1,2,3,6,3,0,3,0
7859,3,8,320,2017,7,4,9,0,0,1,0,0,0,1,2,3,6,3,1,3,0
7860,1,1,102,2017,4,7,12,0,0,1,0,0,0,0,1,2,6,3,0,3,0
7861,4,2,404,2017,7,4,19,0,0,1,0,0,0,0,1,5,3,3,0,3,0
7862,1,15,134,2017,7,3,11,0,0,1,0,0,0,1,2,2,6,3,1,3,0
7863,7,10,711,2017,4,6,12,0,0,1,0,0,0,0,1,3,6,3,0,3,0
7864,7,12,713,2017,7,3,10,0,0,0,0,0,0,1,1,1,6,3,1,3,0
7865,3,7,319,2017,4,6,11,0,0,1,0,0,0,0,1,2,6,3,0,3,0
7866,7,14,715,2017,7,2,12,0,0,1,0,0,0,0,1,2,2,3,0,3,0
7867,6,1,601,2017,4,5,15,0,0,0,0,1,0,1,2,2,2,3,0,3,0
7868,1,11,128,2017,7,1,3,0,0,1,0,0,0,1,2,2,6,3,0,2,1
7869,1,1,101,2017,4,5,19,0,0,1,0,0,0,0,1,2,6,3,0,3,0
7870,2,9,221,2017,4,4,17,0,1,1,0,0,0,0,2,0,3,3,0,3,0
7871,3,6,318,2017,11,4,17,0,0,1,0,0,0,0,1,4,7,3,0,3,0
7872,1,6,115,2017,4,3,16,0,0,1,0,0,0,0,1,2,6,3,0,3,0
7873,2,5,215,2017,4,3,13,0,1,1,0,0,0,0,2,3,2,3,0,3,0
7874,3,6,318,2017,11,4,17,0,0,1,0,0,0,0,1,5,3,3,1,3,0
7875,3,1,306,2017,4,3,18,0,1,0,0,0,0,0,1,4,6,3,0,3,0
7876,3,5,317,2017,11,4,18,0,0,0,0,1,0,0,1,0,7,3,0,3,0
7877,3,1,304,2017,4,3,16,0,1,1,0,0,0,0,2,5,3,3,0,3,0
7878,2,3,209,2017,4,3,17,0,0,1,0,0,0,1,2,2,6,3,0,3,0
7879,7,10,711,2017,11,3,17,0,0,1,1,0,0,0,2,6,2,3,1,3,0
7880,2,7,219,2017,4,2,14,0,0,1,0,0,0,0,1,9,1,3,0,3,0
7881,1,6,115,2017,11,3,16,0,0,1,0,0,0,1,2,3,6,3,1,3,0
7882,3,7,319,2017,4,2,15,0,0,1,0,0,0,0,1,2,6,3,0,3,0
7883,4,12,431,2017,11,3,5,0,0,1,0,0,0,0,1,2,6,3,1,3,0
7884,1,6,115,2017,4,7,13,0,0,1,0,0,0,0,1,2,6,3,1,3,0
7885,3,7,319,2017,11,3,16,0,1,1,0,0,0,0,2,5,3,3,1,3,0
7886,2,3,209,2017,11,3,16,0,1,1,0,0,0,0,2,3,2,3,1,3,0
7887,3,7,319,2017,4,7,14,0,0,1,0,0,0,0,1,2,6,3,1,3,0
7888,3,8,320,2017,11,2,19,0,0,1,0,0,0,0,1,4,2,3,1,3,0
7889,4,1,402,2017,11,2,16,0,0,1,1,0,0,0,2,6,2,3,1,3,0
7890,7,14,715,2017,4,6,4,0,0,1,0,0,0,0,1,8,1,3,0,3,0
7891,7,2,703,2017,11,7,23,0,0,1,0,0,0,1,2,3,1,3,1,3,0
7892,2,3,209,2017,11,7,15,0,0,1,0,0,0,0,1,2,6,3,1,3,0
7893,2,6,218,2017,7,1,9,0,0,1,0,0,0,0,1,5,3,3,1,3,0
7894,3,7,319,2017,7,1,23,0,0,1,0,0,0,0,1,0,6,3,0,3,0
7895,3,8,320,2017,11,6,16,0,0,1,0,0,0,1,2,2,6,3,0,3,0
7896,3,5,317,2017,7,7,3,0,1,0,0,0,0,0,1,0,7,3,0,3,0
7897,1,15,134,2017,11,5,10,0,0,1,0,0,0,1,2,3,6,3,1,3,0
7898,6,2,603,2017,11,5,14,0,0,1,0,0,0,1,2,2,6,3,0,2,1
7899,6,1,601,2017,11,5,7,0,1,1,0,0,0,0,2,5,3,3,0,3,0
7900,1,6,117,2017,11,5,12,0,0,1,0,0,0,1,2,2,2,3,1,3,0
7901,3,7,319,2017,11,5,20,0,1,1,0,0,0,0,2,5,3,3,0,3,0
7902,4,4,407,2017,11,5,19,0,0,1,0,0,0,1,2,1,6,3,1,3,0
7903,2,3,208,2017,11,5,10,0,0,0,0,0,0,1,1,0,5,3,0,3,0
7904,4,5,409,2017,11,4,9,0,0,0,0,1,0,1,2,2,6,3,1,3,0
7905,3,6,318,2017,7,6,18,0,0,1,0,0,0,0,1,5,2,3,0,3,0
7906,3,7,319,2017,7,6,14,0,0,1,0,0,0,1,2,3,6,3,0,3,0
7907,1,1,101,2017,7,6,21,0,0,0,0,1,0,0,1,8,1,3,0,3,0
7908,7,14,715,2017,7,5,13,0,0,1,0,0,0,0,1,2,6,3,1,3,0
7909,1,6,117,2017,7,5,19,0,0,1,0,0,0,0,1,2,2,3,0,3,0
7910,4,5,410,2017,7,5,17,0,1,0,1,0,0,0,2,6,6,3,0,3,0
7911,3,8,320,2017,7,5,17,0,0,1,0,0,0,0,1,5,2,3,0,3,0
7912,2,5,216,2017,7,5,18,0,1,1,0,0,0,0,2,4,2,3,0,3,0
7913,2,7,219,2017,7,5,13,0,0,1,0,0,0,1,2,2,6,3,0,3,0
7914,2,5,216,2017,7,5,12,0,0,1,0,0,0,1,2,1,2,3,1,3,0
7915,1,1,102,2017,7,5,12,0,0,1,0,0,0,1,2,2,6,3,1,3,0
7916,7,9,710,2017,11,3,13,0,0,1,0,0,0,1,2,3,6,3,1,3,0
7917,6,1,601,2017,11,3,7,0,1,1,0,0,0,0,2,5,3,3,0,3,0
7918,6,2,603,2017,11,3,9,0,0,1,0,0,0,0,1,3,6,3,0,3,0
7919,7,14,715,2017,7,4,15,0,1,1,0,0,0,0,2,5,3,3,0,3,0
7920,3,1,306,2017,11,3,19,0,1,1,0,0,0,0,2,3,2,3,1,3,0
7921,1,14,133,2017,7,4,16,0,0,0,0,1,0,1,2,3,6,3,0,3,0
7922,6,2,602,2017,7,3,8,0,1,1,0,0,0,0,2,4,2,3,0,3,0
7923,1,6,117,2017,7,3,15,0,1,1,0,0,0,0,2,5,2,3,0,3,0
7924,4,2,403,2017,7,3,21,0,0,1,0,0,0,0,1,5,2,3,0,3,0
7925,6,2,602,2017,7,1,18,0,0,1,0,0,0,0,1,2,6,3,1,3,0
7926,3,7,319,2017,7,1,9,0,0,1,0,0,0,0,1,4,7,3,0,3,0
7927,1,12,130,2017,7,7,16,0,0,1,0,0,0,1,2,3,6,3,0,3,0
7928,1,6,117,2017,7,7,16,0,0,1,0,0,0,0,1,2,6,3,0,3,0
7929,2,6,218,2017,7,7,19,0,0,1,0,0,0,0,1,2,6,3,0,3,0
7930,1,12,130,2017,7,6,7,0,0,1,0,0,0,1,2,2,6,3,0,3,0
7931,7,14,715,2017,4,6,2,0,0,1,0,0,0,0,1,5,3,3,0,2,1
7932,1,8,124,2017,7,6,7,0,0,1,0,1,0,0,2,0,2,3,0,2,1
7933,7,1,702,2017,4,6,7,0,0,1,0,0,0,0,1,8,1,3,0,2,1
7934,4,4,407,2017,4,6,18,0,0,1,0,0,0,0,1,2,6,3,1,3,0
7935,7,9,710,2017,4,5,8,0,0,1,0,0,0,1,2,3,6,3,0,3,0
7936,7,10,711,2017,11,2,13,0,0,1,0,0,0,0,1,2,2,3,0,3,0
7937,1,16,136,2017,4,5,8,0,0,1,0,0,0,1,2,3,6,3,0,3,0
7938,2,6,218,2017,11,2,12,0,0,1,0,0,0,1,2,3,6,3,0,3,0
7939,1,8,125,2017,4,5,15,0,1,1,0,0,0,0,2,5,3,3,1,3,0
7940,3,1,304,2017,11,2,8,0,0,0,0,1,0,1,2,3,6,3,0,3,0
7941,4,1,402,2017,11,2,7,0,1,1,0,0,0,0,2,5,3,3,0,3,0
7942,1,8,124,2017,4,5,10,0,0,1,0,0,0,1,2,2,6,3,0,3,0
7943,4,2,403,2017,11,2,8,0,0,1,0,0,0,0,1,5,2,3,0,3,0
7944,2,12,225,2017,4,5,13,0,0,1,1,0,0,0,2,6,4,3,0,2,1
7945,3,7,319,2017,11,1,18,0,0,1,0,0,0,0,1,2,6,3,0,3,0
7946,7,14,715,2017,4,4,18,0,0,1,0,0,0,0,1,3,6,3,1,3,0
7947,7,13,714,2017,4,4,12,0,0,1,0,0,0,1,2,2,6,3,1,3,0
7948,3,5,317,2017,11,1,17,0,0,1,1,0,0,0,2,6,4,3,0,2,1
7949,7,10,711,2017,4,4,17,0,0,1,0,0,0,1,2,2,6,3,1,3,0
7950,7,1,702,2017,11,7,3,0,0,1,0,0,0,0,1,8,1,3,1,3,0
7951,7,10,711,2017,4,4,12,0,1,1,0,0,0,0,2,5,3,3,0,3,0
7952,4,5,409,2017,11,7,16,0,0,1,0,1,0,0,2,4,1,3,1,3,0
7953,4,8,418,2017,11,7,5,0,0,1,0,0,0,1,2,2,6,3,1,3,0
7954,1,7,120,2017,4,4,15,0,0,0,1,0,0,1,2,6,4,3,1,3,0
7955,3,9,321,2017,11,7,22,0,0,1,0,0,0,0,1,2,6,3,1,3,0