SN,District,Imperial_Circle,Community,Year,Month,Weekday,Hour,Road,Cycle,Car,Pedestrians,Motorcycle,Goods Vehicle,Others,Total,Collision Type,Accident Type,Light Condition,Road Condition,Accident_Severity,Severity
7956,3,6,318,2017,11,7,16,0,0,1,1,0,0,0,2,6,2,3,1,3,0
7957,3,5,317,2017,4,4,12,0,0,1,0,0,0,1,2,0,5,3,1,3,0
7958,6,11,612,2017,4,3,13,0,0,1,0,0,0,0,1,2,6,3,1,3,0
7959,4,2,404,2017,11,7,5,0,0,1,0,0,0,0,1,0,1,3,1,3,0
7960,1,6,117,2017,7,6,9,0,1,0,0,0,0,0,1,4,6,3,0,3,0
7961,7,14,715,2017,4,2,15,0,0,0,0,0,0,1,1,0,7,3,0,3,0
7962,7,14,715,2017,11,6,11,0,0,0,0,0,0,1,1,2,6,3,1,3,0
7963,6,2,603,2017,4,2,16,0,0,1,1,0,0,0,2,6,4,3,0,2,1
7964,7,10,711,2017,11,6,20,0,0,1,0,0,0,1,2,3,1,3,1,3,0
7965,2,5,215,2017,11,6,13,0,0,1,1,0,0,0,2,6,7,3,1,3,0
7966,7,14,715,2017,11,5,18,0,0,1,0,0,0,0,1,2,6,3,0,3,0
7967,1,6,115,2017,11,5,14,0,0,0,0,0,0,1,1,3,6,3,0,3,0
7968,1,14,133,2017,11,5,15,0,0,1,0,0,0,0,1,2,6,3,0,3,0
7969,2,5,217,2017,11,5,15,0,0,1,0,0,0,0,1,1,6,3,0,3,0
7970,3,6,318,2017,11,5,15,0,0,1,0,0,0,1,2,4,2,3,0,3,0
7971,1,8,124,2017,7,6,11,0,0,1,0,0,0,0,1,4,2,3,0,3,0
7972,1,16,136,2017,11,4,9,0,0,1,0,0,0,1,2,3,6,3,0,3,0
7973,4,5,411,2017,7,6,12,0,1,0,0,0,0,0,1,4,6,3,0,3,0
7974,3,6,318,2017,7,5,8,0,0,1,0,0,0,0,1,2,6,3,0,3,0
7975,1,14,132,2017,4,2,2,0,0,1,0,0,0,0,1,5,3,3,0,3,0
7976,1,14,133,2017,11,4,0,0,0,1,0,0,0,0,1,4,2,3,0,3,0
7977,3,9,321,2017,11,4,17,0,0,1,0,0,0,0,1,2,6,3,0,3,0
7978,4,5,409,2017,4,2,19,0,1,1,0,0,0,0,2,0,7,3,1,3,0
7979,2,3,208,2017,11,4,8,0,1,0,0,0,0,0,1,0,7,3,0,3,0
7980,7,2,703,2017,11,3,16,0,0,1,0,0,0,1,2,2,6,3,1,3,0
7981,7,8,709,2017,7,4,18,0,0,1,0,0,0,1,2,2,2,3,1,3,0
7982,1,15,134,2017,11,3,5,0,0,1,0,0,0,1,2,3,6,3,1,3,0
7983,1,16,136,2017,7,4,14,0,0,1,0,0,0,1,2,1,6,3,1,3,0
7984,6,2,602,2017,7,4,14,0,0,1,1,0,0,0,2,6,2,3,1,3,0
7985,1,12,130,2017,7,4,6,0,0,1,0,0,0,0,1,2,6,3,1,3,0
7986,1,12,130,2017,7,4,6,0,0,1,0,0,0,0,1,5,6,3,1,3,0
7987,6,1,601,2017,11,3,9,0,0,1,0,0,0,0,1,4,2,3,1,3,0
7988,3,7,319,2017,7,4,20,0,0,1,0,0,0,0,1,2,6,3,0,3,0
7989,2,9,221,2017,11,3,10,0,0,1,0,0,0,0,1,5,3,3,0,2,1
7990,2,3,209,2017,11,3,7,0,0,1,0,0,0,1,2,5,2,3,1,3,0
7991,7,14,715,2017,11,2,18,0,0,1,0,0,0,0,1,2,6,3,0,3,0
7992,7,14,715,2017,11,2,8,0,0,1,1,0,0,0,2,6,4,3,0,3,0
7993,2,14,227,2017,11,2,16,0,1,1,0,0,0,0,2,4,2,3,1,3,0
7994,2,5,216,2017,11,2,18,0,0,1,0,0,0,0,1,2,6,3,0,3,0
7995,7,11,712,2017,7,3,12,0,0,1,0,0,0,1,2,1,6,3,0,3,0
7996,7,1,702,2017,7,3,17,0,0,1,0,0,0,1,2,4,3,3,0,3,0
7997,3,7,319,2017,7,3,11,0,0,1,0,0,0,0,1,2,6,3,1,3,0
7998,2,1,206,2017,7,3,16,0,1,0,1,0,0,0,2,6,6,3,1,3,0
7999,1,16,136,2017,7,2,7,0,0,1,0,0,0,1,2,3,6,3,0,3,0
8000,4,7,417,2017,7,2,17,0,0,1,0,0,0,0,1,2,6,3,1,3,0
8001,4,2,403,2017,7,2,14,0,1,1,0,0,0,0,2,5,3,3,1,3,0
8002,1,19,140,2017,7,1,14,0,0,0,1,1,0,0,2,6,7,3,0,3,0
8003,4,2,405,2017,7,1,18,0,0,1,0,1,0,0,2,3,6,3,0,3,0
8004,3,4,316,2017,7,1,15,0,1,1,0,0,0,0,2,4,2,3,0,3,0
8005,4,6,414,2017,7,7,18,0,0,1,0,0,0,0,1,1,6,3,0,3,0
8006,2,5,216,2017,4,2,16,0,0,1,0,1,0,0,2,0,7,3,0,3,0
8007,1,6,117,2017,4,1,15,0,0,0,0,1,0,0,1,0,1,3,0,2,1
8008,3,1,306,2017,4,1,12,0,1,1,0,0,0,0,2,5,3,3,0,2,1
8009,3,6,318,2017,4,7,10,0,1,1,0,0,0,0,2,5,3,3,0,3,0
8010,4,2,403,2017,4,6,15,0,1,1,0,0,0,0,2,5,3,3,0,3,0
8011,3,6,318,2017,11,2,9,0,1,1,0,0,0,0,2,0,2,3,0,3,0
8012,1,12,130,2017,4,5,12,0,0,1,0,0,0,1,2,2,6,3,0,3,0
8013,1,11,129,2017,4,5,7,0,0,1,0,0,0,1,2,2,6,3,0,2,1
8014,3,7,319,2017,11,2,14,0,0,1,0,0,0,1,2,1,6,3,0,3,0
8015,3,9,321,2017,4,5,16,0,0,1,0,0,0,0,1,2,6,3,0,3,0
8016,1,3,107,2017,11,2,11,0,1,0,0,0,0,1,2,3,2,3,0,3,0
8017,1,1,101,2017,11,2,7,0,0,0,0,1,0,0,1,0,1,3,0,3,0
8018,2,7,219,2017,4,5,16,0,0,1,0,0,0,0,1,2,6,3,0,3,0
8019,7,3,704,2017,11,1,10,0,0,1,0,0,0,0,1,9,1,3,1,3,0
8020,4,7,417,2017,4,4,10,0,0,1,1,0,0,0,2,6,3,3,0,3,0
8021,1,7,119,2017,11,1,16,0,1,0,0,0,0,1,2,5,2,3,0,3,0
8022,1,4,111,2017,11,1,16,0,1,1,0,0,0,0,2,0,2,3,0,3,0
8023,2,5,216,2017,4,4,7,0,1,0,0,0,0,1,2,5,3,3,0,3,0
8024,2,5,217,2017,11,7,13,0,0,1,0,1,0,0,2,1,6,3,0,3,0
8025,2,3,209,2017,4,4,16,0,1,1,0,0,0,0,2,4,2,3,0,3,0
8026,3,4,316,2017,11,7,14,0,0,1,0,0,0,0,1,2,6,3,0,3,0
8027,7,14,715,2017,11,6,8,0,0,1,0,0,0,1,2,2,6,3,0,3,0
8028,1,8,121,2017,4,3,19,0,0,1,0,0,0,0,1,2,2,3,0,3,0
8029,3,9,321,2017,4,3,7,0,0,1,0,0,0,0,1,2,6,3,0,3,0
8030,1,6,117,2017,11,6,11,0,0,1,1,0,0,0,2,6,2,3,0,3,0
8031,4,3,406,2017,4,3,18,0,0,1,0,0,0,0,1,2,6,3,0,3,0
8032,4,5,411,2017,11,6,8,0,1,0,0,0,0,0,1,7,7,3,0,3,0
8033,4,6,414,2017,4,2,16,0,0,1,0,1,0,0,2,3,7,3,0,3,0
8034,1,1,102,2017,4,2,11,0,0,1,0,0,0,1,2,2,6,3,0,3,0
8035,3,6,318,2017,11,6,13,0,0,1,0,0,0,0,1,4,2,3,0,3,0
8036,7,9,710,2017,4,1,3,0,0,1,0,0,0,0,1,9,1,3,0,3,0
8037,7,2,703,2017,11,5,15,0,0,0,0,0,0,1,1,3,6,3,0,2,1
8038,1,8,124,2017,4,1,3,0,0,1,0,0,0,0,1,2,6,3,0,3,0
8039,2,5,217,2017,4,1,18,0,0,1,0,0,0,0,1,2,6,3,0,3,0
8040,6,2,603,2017,11,5,8,0,0,1,1,0,0,0,2,6,3,3,1,3,0
8041,3,6,318,2017,4,1,5,0,0,1,0,0,0,0,1,9,1,3,0,3,0
8042,3,7,319,2017,11,5,8,0,0,1,0,0,0,0,1,5,3,3,1,3,0
8043,7,9,710,2017,4,7,14,0,0,1,0,0,0,1,2,3,6,3,0,3,0
8044,6,1,601,2017,4,7,11,0,1,1,0,0,0,0,2,5,3,3,0,3,0
8045,3,6,318,2017,11,5,13,0,0,1,0,0,0,1,2,2,6,3,0,3,0
8046,1,7,120,2017,4,7,19,0,0,1,0,1,0,0,2,0,6,3,0,2,1
8047,4,2,403,2017,11,5,13,0,1,0,1,0,0,0,2,6,3,3,0,3,0
8048,1,14,132,2017,4,7,8,0,0,1,0,0,0,1,2,3,2,3,0,3,0
8049,6,1,601,2017,11,4,7,0,0,1,0,0,0,0,1,2,6,3,1,3,0
8050,2,9,221,2017,4,7,11,0,0,1,0,0,0,0,1,2,2,3,0,3,0
8051,1,6,117,2017,11,4,5,0,0,0,0,0,0,1,1,5,3,3,1,3,0
8052,3,6,318,2017,10,3,18,0,0,1,0,0,0,1,2,2,6,3,0,3,0
8053,2,5,216,2017,4,7,16,0,1,1,0,0,0,0,2,5,3,3,0,3,0
8054,3,7,319,2017,10,3,22,0,0,1,0,0,0,1,2,5,3,3,1,3,0
8055,1,6,117,2017,10,2,12,0,0,1,0,0,0,0,1,4,2,3,0,3,0
8056,4,1,402,2017,10,2,19,0,1,1,0,0,0,1,3,3,6,3,0,3,0
8057,7,14,715,2017,7,6,12,0,0,1,0,0,0,0,1,5,3,3,0,3,0
8058,4,5,411,2017,7,6,11,0,1,0,1,0,0,0,2,6,7,3,0,3,0
8059,3,6,318,2017,4,7,13,0,1,1,0,0,0,0,2,5,3,3,0,3,0
8060,7,1,702,2017,7,5,18,0,0,1,0,1,0,0,2,1,6,3,0,3,0
8061,2,5,216,2017,10,1,18,0,0,1,0,0,0,0,1,2,6,3,0,3,0
8062,1,14,132,2017,7,5,1,0,0,1,0,0,0,0,1,4,2,3,0,3,0
8063,2,5,216,2017,10,1,17,0,0,1,0,0,0,0,1,2,6,3,1,3,0
8064,1,19,140,2017,10,7,15,0,0,1,0,0,0,0,1,2,6,3,1,3,0
8065,3,7,319,2017,10,7,6,0,0,1,0,0,0,0,1,4,6,3,1,3,0
8066,3,1,305,2017,10,7,6,0,0,1,0,0,0,0,1,9,1,3,1,3,0
8067,1,3,107,2017,10,7,17,0,0,1,0,0,0,0,1,2,6,3,1,3,0
8068,1,16,137,2017,10,6,18,0,0,1,0,0,0,0,1,2,6,3,1,3,0
8069,1,16,136,2017,10,6,14,0,0,1,0,0,0,0,1,2,6,3,0,3,0
8070,1,6,117,2017,10,6,15,0,1,1,0,0,0,0,2,5,2,3,0,3,0
8071,1,8,125,2017,10,6,14,0,1,1,0,0,0,0,2,3,2,3,0,3,0
8072,3,8,320,2017,10,6,18,0,0,1,0,0,0,0,1,4,2,3,0,3,0
8073,4,8,418,2017,7,5,17,0,1,0,0,0,0,0,1,4,6,3,0,3,0
8074,4,7,417,2017,7,5,15,0,0,1,0,0,0,1,2,3,6,3,0,3,0
8075,3,9,321,2017,7,5,13,0,1,0,0,0,0,0,1,0,3,3,0,2,1
8076,2,7,219,2017,7,5,17,0,0,1,0,0,0,0,1,3,6,3,0,3,0
8077,3,6,318,2017,7,5,15,0,0,1,0,0,0,0,1,2,6,3,0,3,0
8078,1,4,111,2017,7,5,18,0,1,0,1,0,0,0,2,6,6,3,0,3,0
8079,1,12,130,2017,7,4,7,0,0,1,0,0,0,0,1,2,6,3,1,3,0
8080,3,5,317,2017,7,4,15,0,1,0,0,0,0,1,2,5,2,3,0,3,0
8081,7,14,715,2017,7,3,15,0,0,1,0,0,0,0,1,3,6,3,0,3,0
8082,3,8,320,2017,7,3,13,0,0,1,0,0,0,0,1,5,2,3,0,3,0
8083,4,2,404,2017,7,3,14,0,1,0,1,0,0,0,2,6,6,3,0,3,0
8084,4,2,405,2017,4,7,14,0,1,0,1,0,0,0,2,6,6,3,0,3,0
8085,2,3,209,2017,7,3,9,0,1,0,0,0,0,1,2,1,7,3,0,3,0
8086,1,1,102,2017,4,7,13,0,0,0,0,1,0,0,1,0,1,3,0,3,0
8087,7,14,715,2017,3,6,17,0,0,1,0,0,0,0,1,3,7,3,0,3,0
8088,1,16,136,2017,3,6,11,0,0,1,0,0,0,1,2,3,6,3,0,2,1
8089,1,6,117,2017,3,6,17,0,1,1,0,0,0,0,2,5,2,3,0,3,0
8090,1,8,124,2017,3,6,11,0,0,1,0,0,0,0,1,1,6,3,0,3,0
8091,4,3,406,2017,3,6,15,0,0,1,1,0,0,0,2,6,4,3,0,3,0
8092,4,6,414,2017,3,6,8,0,1,0,0,0,0,0,1,3,2,3,0,3,0
8093,3,1,306,2017,3,6,16,0,1,0,1,0,0,0,2,6,6,3,0,3,0
8094,4,2,403,2017,10,6,7,0,0,1,0,0,0,0,1,1,6,3,1,3,0
8095,2,3,209,2017,3,6,10,0,0,0,1,0,0,1,2,6,2,3,0,3,0
8096,4,2,405,2017,10,6,13,0,0,1,0,0,0,0,1,9,1,3,0,3,0
8097,2,1,206,2017,3,6,19,0,1,0,1,0,0,0,2,6,7,3,0,3,0
8098,7,14,715,2017,10,5,11,0,1,1,0,0,0,0,2,5,3,3,0,3,0
8099,3,7,319,2017,10,5,12,0,1,1,0,0,0,0,2,1,3,3,0,3,0
8100,3,9,321,2017,10,5,16,0,0,1,0,0,0,1,2,3,6,3,0,3,0
8101,7,10,711,2017,3,5,10,0,0,1,0,0,0,0,1,2,6,3,1,3,0
8102,2,1,206,2017,7,3,19,0,1,0,1,0,0,0,2,6,4,3,0,3,0
8103,1,4,110,2017,7,3,9,0,1,0,0,0,0,1,2,3,2,3,0,3,0
8104,1,3,106,2017,7,3,13,0,1,0,0,0,0,1,2,0,3,3,0,3,0
8105,6,2,602,2017,3,5,17,0,0,1,1,0,0,0,2,6,4,3,0,3,0
8106,3,7,319,2017,3,5,7,0,1,1,0,0,0,0,2,5,3,3,0,3,0
8107,3,4,316,2017,3,4,22,0,0,1,0,0,0,0,1,4,2,3,1,3,0
8108,1,4,111,2017,3,4,18,0,1,1,0,0,0,0,2,5,2,3,1,3,0
8109,2,3,208,2017,10,5,9,0,0,0,1,0,0,1,2,6,7,3,0,3,0
8110,1,6,117,2017,3,3,9,0,1,0,0,0,0,0,1,4,6,3,0,3,0
8111,6,2,602,2017,10,4,17,0,0,1,1,0,0,0,2,6,4,3,0,2,1
8112,4,6,415,2017,3,3,15,0,1,0,1,0,0,0,2,6,4,3,0,3,0
8113,1,6,115,2017,10,4,10,0,0,1,0,0,0,0,1,2,6,3,1,3,0
8114,3,8,320,2017,3,3,10,0,0,0,0,0,0,1,1,4,2,3,0,3,0
8115,2,5,216,2017,10,4,6,0,0,1,0,0,0,0,1,3,2,3,1,3,0
8116,1,12,130,2017,3,2,10,0,0,1,0,0,0,1,2,3,6,3,0,2,1
8117,2,5,216,2017,10,4,6,0,0,1,0,0,0,1,2,2,6,3,1,3,0
8118,2,14,227,2017,3,2,17,0,0,1,0,0,0,0,1,4,6,3,0,3,0
8119,2,12,225,2017,3,2,8,0,1,1,0,0,0,0,2,5,3,3,0,3,0
8120,3,9,321,2017,10,4,6,0,0,1,0,0,0,1,2,1,6,3,1,3,0
8121,2,5,216,2017,3,2,5,0,0,1,0,0,0,0,1,2,6,3,0,3,0
8122,7,14,715,2017,10,3,10,0,0,1,0,0,0,0,1,2,6,3,0,3,0
8123,1,12,130,2017,10,3,13,0,0,1,0,0,0,0,1,9,1,3,1,3,0
8124,4,2,405,2017,3,2,7,0,0,1,0,0,0,0,1,2,6,3,0,3,0
8125,1,6,117,2017,10,3,17,0,0,1,0,0,0,0,1,1,6,3,1,3,0
8126,4,5,409,2017,10,3,22,0,0,1,0,0,0,0,1,9,1,3,1,3,0
8127,3,9,321,2017,10,3,7,0,0,1,0,0,0,0,1,2,6,3,1,3,0
8128,4,5,412,2017,3,1,22,0,0,1,0,0,0,0,1,5,7,3,0,3,0
8129,4,4,407,2017,3,7,13,0,0,1,0,0,0,1,2,2,2,3,0,3,0
8130,1,1,102,2017,10,3,17,0,0,1,0,0,0,0,1,2,6,3,0,3,0
8131,4,4,407,2017,3,7,10,0,0,1,0,0,0,1,2,1,6,3,0,3,0
8132,1,8,124,2017,10,2,16,0,0,1,0,0,0,0,1,4,2,3,1,3,0
8133,6,2,602,2017,3,6,10,0,0,0,0,0,0,1,1,3,6,3,0,3,0
8134,2,7,219,2017,10,2,18,0,0,1,0,0,0,0,1,2,6,3,1,3,0
8135,1,6,117,2017,3,6,9,0,0,1,0,0,0,0,1,2,6,3,0,3,0
8136,1,3,106,2017,10,1,14,0,0,1,0,0,0,0,1,5,3,3,1,3,0
8137,1,3,106,2017,10,1,2,0,0,1,1,0,0,0,2,6,4,3,1,2,1
8138,7,14,715,2017,10,7,19,0,0,1,0,0,0,0,1,3,6,3,1,3,0
8139,1,15,134,2017,10,7,16,0,0,1,0,0,0,0,1,8,1,3,0,3,0
8140,1,3,107,2017,7,3,9,0,1,0,0,0,0,0,1,2,2,3,0,3,0
8141,6,11,612,2017,10,7,13,0,0,1,0,0,0,0,1,0,7,3,0,3,0
8142,3,9,321,2017,10,7,3,0,0,1,1,0,0,0,2,6,4,3,1,3,0
8143,7,13,714,2017,10,6,13,0,1,1,0,0,0,0,2,5,3,3,1,2,1
8144,1,12,130,2017,10,6,17,0,0,1,0,0,0,0,1,2,6,3,1,3,0
8145,1,2,104,2017,7,2,23,0,0,1,0,0,0,0,1,9,1,3,0,3,0
8146,3,8,320,2017,7,2,15,0,0,1,0,0,0,0,1,2,6,3,0,3,0
8147,2,9,221,2017,7,2,5,0,1,0,0,0,0,0,1,0,6,3,0,3,0
8148,3,7,319,2017,7,2,13,0,0,1,0,0,0,1,2,2,6,3,0,3,0
8149,3,6,318,2017,7,2,9,0,0,1,0,0,0,1,2,2,6,3,0,3,0
8150,4,2,405,2017,7,2,18,0,0,1,0,1,0,0,2,2,6,3,1,3,0
8151,3,1,304,2017,7,2,6,0,1,1,0,0,0,0,2,5,2,3,0,3,0
8152,7,14,715,2017,7,1,21,0,0,1,0,0,0,0,1,5,2,3,0,3,0
8153,1,12,130,2017,6,6,11,0,0,1,0,0,0,0,1,8,1,3,1,2,1
8154,4,3,406,2017,6,6,9,0,0,1,0,0,0,1,2,2,6,3,1,3,0
8155,3,1,306,2017,6,6,9,0,0,1,0,0,0,0,1,2,6,3,1,3,0
8156,1,4,111,2017,6,6,0,0,1,0,0,0,0,0,1,0,7,3,1,3,0
8157,2,5,216,2017,3,6,11,0,1,1,0,0,0,0,2,4,2,3,0,3,0
8158,1,3,106,2017,6,6,15,0,1,1,0,0,0,0,2,5,3,3,1,3,0
8159,1,1,102,2017,3,6,19,0,0,1,0,0,0,0,1,1,6,3,0,3,0
8160,1,3,106,2017,6,6,9,0,1,0,0,0,0,0,1,3,6,3,1,3,0
8161,7,2,703,2017,3,5,15,0,0,1,0,0,0,0,1,8,7,3,0,3,0
8162,3,1,307,2017,3,5,14,0,0,1,0,0,0,0,1,2,6,3,0,3,0
8163,4,5,409,2017,6,5,18,0,0,1,0,0,0,0,1,4,2,3,0,3,0
8164,1,8,124,2017,10,6,16,0,0,1,0,0,0,0,1,2,6,3,1,3,0
8165,4,2,403,2017,6,5,18,0,1,0,0,0,0,0,1,3,6,3,0,3,0
8166,4,5,409,2017,6,4,16,0,0,1,0,0,0,0,1,2,6,3,1,3,0
8167,3,9,321,2017,6,4,14,0,0,1,0,0,0,0,1,2,6,3,0,3,0
8168,2,13,226,2017,6,4,15,0,1,1,0,0,0,0,2,5,3,3,0,3,0
8169,3,6,318,2017,6,4,18,0,0,1,0,0,0,0,1,2,6,3,1,3,0
8170,3,7,319,2017,6,4,8,0,0,1,0,0,0,1,2,5,3,3,0,3,0
8171,3,1,306,2017,6,4,16,0,0,1,0,0,0,1,2,2,6,3,0,3,0
8172,2,13,226,2017,6,2,7,0,1,0,0,0,0,0,1,0,7,3,0,3,0
8173,3,6,318,2017,6,2,4,0,0,1,0,0,0,0,1,8,1,3,1,3,0
8174,3,5,317,2017,6,2,16,0,0,1,0,1,0,0,2,0,6,3,0,3,0
8175,7,14,715,2017,3,4,11,0,1,0,0,0,0,1,2,5,2,3,0,3,0
8176,6,11,612,2017,3,4,6,0,0,1,0,0,0,1,2,1,6,3,0,3,0
8177,2,9,221,2017,3,4,11,0,0,1,1,0,0,0,2,6,4,3,0,3,0
8178,3,1,307,2017,3,4,12,0,0,1,0,0,0,0,1,2,7,3,0,3,0
8179,2,3,209,2017,3,4,7,0,1,1,0,0,0,0,2,5,3,3,0,3,0
8180,2,1,206,2017,3,4,9,0,1,0,0,0,0,1,2,5,2,3,0,2,1
8181,2,5,216,2017,10,6,6,0,0,1,0,0,0,1,2,2,6,3,0,3,0
8182,1,4,111,2017,3,4,7,0,0,0,0,0,0,1,1,0,6,3,0,3,0
8183,6,11,612,2017,3,3,9,0,0,1,0,0,0,0,1,8,1,3,0,3,0
8184,2,6,218,2017,10,6,20,0,0,1,0,0,0,0,1,2,6,3,0,3,0
8185,7,11,712,2017,3,3,18,0,0,0,0,1,0,0,1,0,1,3,0,3,0
8186,1,16,136,2017,10,5,16,0,0,1,0,0,0,1,2,3,6,3,0,3,0
8187,1,16,136,2017,10,5,15,0,0,1,0,0,0,1,2,3,6,3,0,3,0
8188,3,9,321,2017,3,3,7,0,0,1,0,0,0,0,1,2,6,3,0,3,0
8189,1,6,117,2017,10,5,13,0,0,1,0,0,0,0,1,5,3,3,0,3,0
8190,3,4,316,2017,3,3,9,0,1,0,1,0,0,0,2,6,7,3,0,3,0
8191,4,2,403,2017,10,5,11,0,1,0,0,0,0,0,1,4,6,3,0,3,0
8192,7,14,715,2017,10,4,7,0,0,1,0,1,0,0,2,4,2,3,0,3,0
8193,1,1,102,2017,3,3,11,0,1,1,0,0,0,0,2,5,2,3,0,3,0
8194,2,5,215,2017,10,4,5,0,1,0,0,0,0,1,2,5,2,3,0,3,0
8195,7,14,715,2017,10,3,17,0,0,1,0,0,0,1,2,3,6,3,0,3,0
8196,3,4,316,2017,3,2,23,0,0,1,0,0,0,0,1,1,7,3,1,3,0
8197,1,12,130,2017,3,1,23,0,0,1,0,0,0,0,1,9,1,3,1,3,0
8198,3,4,316,2017,11,6,15,0,0,1,1,0,0,0,2,6,2,3,0,3,0
8199,3,8,320,2017,3,1,15,0,0,1,0,0,0,0,1,1,6,3,1,3,0
8200,3,5,317,2017,10,3,18,0,0,1,0,1,0,0,2,2,6,3,0,2,1
8201,4,2,403,2017,3,1,5,0,1,1,0,0,0,0,2,5,3,3,0,2,1
8202,7,14,715,2017,3,7,5,0,0,1,1,0,0,0,2,6,2,3,1,3,0
8203,7,9,710,2017,10,2,11,0,0,1,0,0,0,0,1,5,2,3,0,3,0
8204,3,6,318,2017,3,7,12,0,0,1,0,0,0,0,1,2,6,3,1,3,0
8205,3,8,320,2017,10,2,9,0,0,1,0,0,0,1,2,3,6,3,0,3,0
8206,2,5,215,2017,10,2,22,0,0,1,0,0,0,0,1,2,6,3,0,3,0
8207,1,16,136,2017,3,6,12,0,0,1,0,0,0,0,1,1,6,3,0,3,0
8208,7,1,702,2017,10,1,11,0,0,1,0,0,0,1,2,0,3,3,0,3,0
8209,2,3,209,2017,10,1,19,0,0,1,0,0,0,1,2,4,1,3,0,3,0
8210,2,3,208,2017,6,2,6,0,0,1,0,0,0,0,1,4,2,3,0,3,0
8211,3,1,306,2017,10,7,13,0,0,1,0,0,0,0,1,0,6,3,0,3,0
8212,1,15,134,2017,10,6,17,0,0,1,0,0,0,0,1,2,6,3,0,3,0
8213,1,4,111,2017,6,2,13,0,0,1,0,1,0,0,2,3,6,3,0,3,0
8214,1,16,136,2017,10,6,13,0,0,1,0,0,0,0,1,2,6,3,0,3,0
8215,1,6,115,2017,6,7,23,0,0,0,1,1,0,0,2,6,4,3,0,2,1
8216,6,11,612,2017,10,6,14,0,0,1,0,0,0,1,2,3,6,3,0,3,0
8217,1,14,133,2017,6,7,16,0,1,1,0,0,0,0,2,5,3,3,0,3,0
8218,4,3,406,2017,6,7,7,0,1,0,0,0,0,1,2,1,5,3,0,3,0
8219,7,9,710,2017,6,6,14,0,0,1,0,0,0,0,1,2,2,3,0,3,0
8220,1,11,128,2017,6,6,10,0,0,1,0,0,0,0,1,2,6,3,1,3,0
8221,2,7,219,2017,6,6,18,0,0,1,0,0,0,0,1,2,6,3,0,3,0
8222,3,1,307,2017,6,6,8,0,1,1,0,0,0,0,2,5,2,3,1,3,0
8223,1,1,102,2017,6,6,10,0,0,1,1,0,0,0,2,6,4,3,0,3,0
8224,7,13,714,2017,6,5,9,0,0,1,0,0,0,1,2,2,7,3,0,3,0
8225,1,12,130,2017,3,6,20,0,0,1,0,0,0,0,1,2,6,3,1,3,0
8226,1,7,120,2017,3,6,8,0,0,1,0,0,0,1,2,3,6,3,0,3,0
8227,7,8,709,2017,6,5,13,0,0,1,0,0,0,0,1,5,3,3,0,3,0
8228,1,8,124,2017,10,6,22,0,0,1,0,0,0,0,1,4,2,3,0,3,0
8229,7,2,703,2017,6,5,10,0,0,1,0,0,0,0,1,2,6,3,0,3,0
8230,3,8,320,2017,3,6,21,0,0,1,0,0,0,0,1,4,2,3,1,3,0
8231,1,14,132,2017,10,6,7,0,0,1,0,0,0,0,1,2,6,3,0,3,0
8232,3,9,321,2017,10,6,19,0,0,1,0,0,0,1,2,3,6,3,0,3,0
8233,2,5,217,2017,10,6,14,0,0,1,0,1,0,0,2,2,6,3,0,3,0
8234,3,4,316,2017,10,6,13,0,0,1,0,1,0,0,2,0,7,3,0,3,0
8235,3,1,307,2017,10,6,12,0,1,1,1,0,0,0,3,3,2,3,0,3,0
8236,1,16,136,2017,10,5,17,0,0,1,0,0,0,1,2,2,6,3,0,3,0
8237,1,6,115,2017,10,5,14,0,1,1,0,0,0,0,2,5,3,3,0,2,1
8238,1,8,124,2017,10,5,5,0,0,0,0,1,0,1,2,0,7,3,1,3,0
8239,2,5,216,2017,10,5,8,0,0,1,0,0,0,0,1,5,3,3,1,3,0
8240,1,15,134,2017,6,5,12,0,0,1,0,0,0,1,2,3,6,3,0,2,1
8241,2,6,218,2017,10,5,7,0,0,0,0,1,0,0,1,0,1,3,1,3,0
8242,1,15,134,2017,6,5,12,0,0,1,0,0,0,1,2,3,6,3,0,2,1
8243,4,5,412,2017,6,5,16,0,0,1,0,0,0,1,2,0,2,3,0,3,0
8244,2,5,217,2017,6,5,15,0,1,0,0,0,0,1,2,3,2,3,0,3,0
8245,3,7,319,2017,6,5,20,0,0,0,0,0,0,1,1,8,1,3,1,3,0
8246,3,7,319,2017,6,5,22,0,0,1,0,0,0,1,2,2,6,3,1,3,0
8247,2,3,209,2017,6,5,20,0,0,1,0,0,0,0,1,2,6,3,1,3,0
8248,1,3,107,2017,6,5,15,0,0,1,0,0,0,1,2,3,6,3,1,3,0
8249,2,5,216,2017,6,4,15,0,0,1,0,1,0,0,2,2,6,3,0,3,0
8250,3,1,305,2017,6,4,19,0,1,0,1,0,0,0,2,6,3,3,0,3,0
8251,3,6,318,2017,3,6,11,0,1,1,0,0,0,0,2,5,3,3,0,3,0
8252,1,1,102,2017,6,4,13,0,0,1,0,0,0,1,2,1,2,3,0,3,0
8253,4,4,407,2017,3,6,14,0,0,1,0,0,0,0,1,3,6,3,1,3,0
8254,3,1,304,2017,3,6,8,0,1,1,0,0,0,0,2,5,2,3,0,3,0
8255,1,1,102,2017,3,5,9,0,0,1,0,0,0,0,1,2,6,3,0,3,0
8256,3,6,318,2017,6,3,15,0,1,1,0,0,0,0,2,5,3,3,0,3,0
8257,7,8,709,2017,3,4,8,0,0,0,0,0,0,1,1,2,6,3,1,2,1
8258,4,6,415,2017,3,4,13,0,0,1,0,0,0,0,1,2,6,3,0,3,0
8259,3,9,321,2017,3,4,10,0,0,1,0,0,0,0,1,2,6,3,0,3,0
8260,3,4,316,2017,3,4,9,0,0,1,0,0,0,0,1,8,1,3,0,3,0