SN,District,Imperial_Circle,Community,Year,Month,Weekday,Hour,Road,Cycle,Car,Pedestrians,Motorcycle,Goods Vehicle,Others,Total,Collision Type,Accident Type,Light Condition,Road Condition,Accident_Severity,Severity
9180,5,17,525,2017,3,3,10,0,0,1,0,0,0,0,1,5,3,3,0,3,0
9181,4,13,432,2017,3,3,12,0,0,0,1,0,0,1,2,0,4,3,0,3,0
9182,4,13,432,2017,3,3,13,0,0,0,1,0,0,1,2,6,4,3,0,1,1
9183,3,8,320,2017,3,3,19,0,0,1,0,0,0,1,2,5,3,3,0,3,0
9184,1,5,114,2017,3,3,17,0,0,1,0,0,0,0,1,3,7,3,0,3,0
9185,7,12,713,2017,3,2,5,0,0,1,0,0,0,1,2,2,6,3,0,3,0
9186,1,16,137,2017,3,2,14,0,0,1,0,0,0,1,2,5,3,3,0,3,0
9187,1,12,130,2017,3,2,15,0,0,1,0,0,0,1,2,2,6,3,1,3,0
9188,1,6,117,2017,3,2,22,0,0,1,0,0,0,0,1,5,3,3,0,3,0
9189,5,4,512,2017,3,2,12,0,1,1,0,0,0,0,2,5,3,3,0,3,0
9190,4,13,432,2017,3,2,13,0,1,0,0,0,0,1,2,5,2,3,1,3,0
9191,4,12,431,2017,3,2,11,0,0,1,0,0,0,0,1,2,6,3,0,3,0
9192,5,1,501,2017,3,2,10,0,0,1,0,0,0,0,1,5,3,3,1,3,0
9193,4,8,419,2017,3,2,8,0,0,1,0,0,0,0,1,5,3,3,1,3,0
9194,2,12,225,2017,3,2,15,0,0,0,1,0,0,1,2,5,2,3,1,3,0
9195,4,4,407,2017,3,2,23,0,0,0,0,1,0,0,1,9,1,3,0,3,0
9196,3,2,311,2017,3,2,8,0,1,1,0,0,0,0,2,3,2,3,1,3,0
9197,6,2,602,2017,3,1,16,0,0,1,0,1,0,0,2,2,6,3,0,3,0
9198,7,15,716,2017,3,7,23,0,0,0,0,1,0,0,1,8,1,3,0,2,1
9199,7,13,714,2017,3,7,22,0,0,1,0,0,0,1,2,9,7,3,0,3,0
9200,7,1,702,2017,3,7,9,0,1,1,0,0,0,0,2,1,5,3,0,3,0
9201,1,12,130,2017,3,7,14,0,0,1,0,0,0,0,1,2,6,3,0,3,0
9202,1,8,126,2017,3,7,11,0,0,1,0,1,0,0,2,5,3,3,0,3,0
9203,1,6,117,2017,3,7,6,0,0,1,0,0,0,0,1,3,6,3,1,3,0
9204,5,2,506,2017,3,7,15,0,0,1,1,0,0,0,2,6,2,3,0,2,1
9205,4,9,425,2017,3,7,16,0,0,1,0,0,0,0,1,2,2,3,0,3,0
9206,4,13,432,2017,3,7,12,0,0,1,0,1,0,0,2,1,5,3,0,3,0
9207,2,8,220,2017,3,7,14,0,0,1,0,0,0,0,1,2,6,3,0,3,0
9208,2,8,220,2017,3,7,5,0,0,1,0,0,0,0,1,4,6,3,0,3,0
9209,2,8,220,2017,3,7,14,0,0,1,0,0,0,0,1,5,3,3,0,3,0
9210,1,4,112,2017,3,7,20,0,0,1,1,0,0,0,2,6,4,3,0,3,0
9211,1,20,141,2017,3,6,18,0,1,1,0,0,0,0,2,5,2,3,0,3,0
9212,7,9,710,2017,3,6,8,0,1,1,0,0,0,0,2,5,3,3,0,2,1
9213,7,4,705,2017,3,6,14,0,1,1,0,0,0,0,2,5,2,3,0,3,0
9214,1,16,137,2017,3,6,16,0,0,1,0,0,0,1,2,5,3,3,0,3,0
9215,6,6,607,2017,3,6,12,0,0,1,0,0,0,0,1,4,6,3,0,3,0
9216,6,6,607,2017,3,6,7,0,0,1,0,0,0,0,1,1,5,3,1,3,0
9217,1,12,130,2017,3,6,13,0,1,1,0,0,0,0,2,5,3,3,0,3,0
9218,1,13,131,2017,3,6,11,0,0,1,0,0,0,1,2,2,6,3,0,3,0
9219,1,8,123,2017,3,6,15,0,0,1,0,0,0,1,2,2,6,3,0,3,0
9220,5,4,512,2017,3,6,6,0,0,1,1,0,0,1,3,6,4,3,1,2,1
9221,5,5,513,2017,3,6,12,0,0,1,0,0,0,0,1,2,2,3,0,3,0
9222,5,2,508,2017,3,6,15,0,0,1,0,0,0,1,2,5,2,3,0,3,0
9223,4,10,429,2017,3,6,12,0,0,1,1,0,0,0,2,6,4,3,0,3,0
9224,5,7,515,2017,3,6,11,0,1,0,0,0,0,1,2,0,3,3,0,2,1
9225,5,11,519,2017,3,6,14,0,0,1,1,0,0,0,2,6,7,3,0,3,0
9226,5,11,519,2017,3,6,10,0,0,1,1,0,0,0,2,6,4,3,0,3,0
9227,4,5,411,2017,3,6,8,0,0,1,0,0,0,0,1,5,3,3,1,3,0
9228,4,8,420,2017,3,6,20,0,0,1,0,0,0,0,1,5,7,3,0,3,0
9229,4,8,420,2017,3,6,10,0,1,1,0,0,0,0,2,5,3,3,0,3,0
9230,2,14,227,2017,3,6,5,0,0,1,0,0,0,0,1,8,1,3,1,3,0
9231,2,5,215,2017,3,6,14,0,0,1,0,0,0,1,2,2,6,3,0,3,0
9232,3,6,318,2017,3,6,19,0,0,1,0,0,0,0,1,5,2,3,0,3,0
9233,4,2,404,2017,3,6,13,0,0,1,0,0,0,1,2,3,6,3,0,3,0
9234,2,1,201,2017,3,6,21,0,1,1,0,0,0,0,2,3,6,3,0,3,0
9235,1,4,109,2017,3,6,8,0,0,1,0,0,0,0,1,2,6,3,0,3,0
9236,1,2,103,2017,3,6,15,0,1,0,0,0,0,0,1,0,1,3,0,3,0
9237,1,5,114,2017,3,6,23,0,0,1,1,0,0,0,2,6,2,3,1,3,0
9238,1,5,113,2017,3,6,9,0,1,1,0,0,0,0,2,3,6,3,0,3,0
9239,7,2,703,2017,3,5,11,0,0,1,0,0,0,0,1,0,3,3,1,3,0
9240,1,16,137,2017,3,5,14,0,0,1,0,0,0,0,1,2,6,3,1,3,0
9241,1,6,118,2017,3,5,13,0,0,0,1,0,0,1,2,6,4,3,0,3,0
9242,5,6,514,2017,3,5,17,0,0,1,1,0,0,0,2,6,4,3,1,3,0
9243,5,7,515,2017,3,5,6,0,0,1,0,0,0,0,1,3,7,3,1,3,0
9244,5,16,524,2017,3,5,17,0,0,1,0,0,0,0,1,5,3,3,0,3,0
9245,4,13,432,2017,3,5,11,0,0,1,0,0,0,0,1,4,2,3,0,3,0
9246,4,7,416,2017,3,5,10,0,0,1,0,0,0,1,2,3,6,3,1,2,1
9247,4,8,419,2017,3,5,9,0,0,1,0,0,0,0,1,1,5,3,1,3,0
9248,2,10,222,2017,3,5,11,0,0,1,1,0,0,0,2,6,7,3,0,3,0
9249,2,5,216,2017,3,5,14,0,1,1,0,0,0,0,2,5,3,3,1,2,1
9250,3,7,319,2017,3,5,15,0,0,1,0,0,0,0,1,2,6,3,1,3,0
9251,3,1,302,2017,3,5,20,0,0,1,0,1,0,0,2,0,5,3,1,3,0
9252,2,4,213,2017,3,5,11,0,1,1,0,0,0,0,2,5,6,3,1,3,0
9253,2,1,203,2017,3,5,10,0,0,1,1,0,0,0,2,6,4,3,1,1,1
9254,1,1,102,2017,3,5,9,0,1,1,0,0,0,0,2,4,2,3,1,3,0
9255,1,5,114,2017,3,5,11,0,0,0,0,1,0,0,1,0,1,3,1,2,1
9256,1,20,141,2017,3,4,21,0,1,0,0,0,0,0,1,0,7,3,0,3,0
9257,6,2,602,2017,3,4,20,0,0,1,0,0,0,0,1,1,5,3,1,3,0
9258,5,2,508,2017,3,4,18,0,0,1,0,0,0,0,1,5,2,3,0,3,0
9259,5,7,515,2017,3,4,13,0,1,1,0,0,0,0,2,5,3,3,0,2,1
9260,5,7,515,2017,3,4,15,0,0,1,1,0,0,0,2,6,4,3,0,3,0
9261,5,17,525,2017,3,4,8,0,1,0,0,0,0,1,2,3,6,3,0,3,0
9262,4,13,432,2017,3,4,19,0,1,1,0,0,0,0,2,1,5,3,0,3,0
9263,4,5,413,2017,3,4,18,0,0,1,1,0,0,0,2,6,3,3,0,3,0
9264,4,6,415,2017,3,4,18,0,0,1,0,0,0,0,1,5,2,3,0,3,0
9265,3,7,319,2017,3,4,14,0,1,0,0,0,0,1,2,5,2,3,0,3,0
9266,4,2,405,2017,3,4,17,0,0,1,1,0,0,0,2,6,4,3,0,3,0
9267,2,4,213,2017,3,4,17,0,1,1,0,0,0,0,2,0,5,3,0,3,0
9268,3,2,312,2017,3,4,19,0,0,1,0,1,0,0,2,5,7,3,0,3,0
9269,1,5,114,2017,3,4,19,0,0,1,1,0,0,0,2,6,4,3,0,3,0
9270,1,19,140,2017,2,3,15,0,0,1,0,0,0,0,1,2,6,3,0,3,0
9271,7,4,705,2017,2,3,21,0,0,1,0,0,0,0,1,5,3,3,1,3,0
9272,7,1,701,2017,2,3,19,0,0,1,1,0,0,0,2,6,7,3,1,2,1
9273,1,16,137,2017,2,3,13,0,0,1,1,0,0,0,2,6,4,3,1,3,0
9274,1,16,136,2017,2,3,8,0,0,1,0,0,0,0,1,2,2,3,0,3,0
9275,6,1,601,2017,2,3,8,0,0,1,0,0,0,0,1,1,6,3,0,3,0
9276,1,11,129,2017,2,3,19,0,0,1,1,0,0,0,2,6,2,3,1,3,0
9277,1,12,130,2017,2,3,9,0,0,1,0,0,0,0,1,4,6,3,0,2,1
9278,2,9,221,2017,3,7,11,0,0,1,0,0,0,0,1,2,6,3,0,3,0
9279,5,4,512,2017,2,3,6,0,0,1,1,0,0,0,2,6,4,3,1,2,1
9280,5,18,526,2017,2,3,12,0,0,1,1,0,0,0,2,6,7,3,0,3,0
9281,7,7,708,2017,3,6,14,0,0,1,1,0,0,0,2,6,4,3,0,3,0
9282,7,2,703,2017,3,6,12,0,0,1,0,0,0,1,2,1,6,3,0,3,0
9283,5,8,516,2017,2,3,14,0,0,1,0,0,0,0,1,4,2,3,0,3,0
9284,5,8,516,2017,2,3,5,0,0,1,0,0,0,0,1,5,2,3,1,3,0
9285,4,11,430,2017,2,3,7,0,0,1,1,0,0,0,2,6,7,3,0,3,0
9286,5,12,520,2017,2,3,17,0,1,1,0,0,0,0,2,5,3,3,0,3,0
9287,4,5,408,2017,2,3,13,0,0,0,0,0,0,1,1,2,6,3,1,3,0
9288,5,1,503,2017,2,3,21,0,0,1,0,0,0,1,2,0,3,3,1,3,0
9289,4,6,415,2017,2,3,7,0,1,0,0,0,0,1,2,0,7,3,0,3,0
9290,4,8,421,2017,2,3,13,0,0,1,1,0,0,0,2,6,4,3,1,3,0
9291,2,5,217,2017,2,3,6,0,0,1,0,0,0,0,1,1,6,3,1,3,0
9292,3,5,317,2017,2,3,10,0,0,1,0,0,0,1,2,2,6,3,0,3,0
9293,2,3,210,2017,2,3,13,0,1,1,0,0,0,0,2,4,2,3,0,3,0
9294,3,2,312,2017,2,3,10,0,0,1,0,0,0,1,2,5,3,3,0,3,0
9295,1,1,101,2017,2,3,8,0,0,1,1,0,0,0,2,6,4,3,0,3,0
9296,1,19,140,2017,2,2,14,0,0,1,0,0,0,0,1,2,6,3,0,3,0
9297,7,1,702,2017,2,2,13,0,0,0,1,0,0,1,2,6,4,3,0,3,0
9298,1,16,137,2017,3,6,10,0,1,1,0,0,0,0,2,5,3,3,0,3,0
9299,6,5,606,2017,3,6,21,0,0,1,0,0,0,0,1,4,6,3,1,3,0
9300,1,14,132,2017,3,6,11,0,0,1,0,0,0,1,2,0,7,3,0,3,0
9301,7,10,711,2017,2,2,6,0,0,1,0,1,0,0,2,4,2,3,0,3,0
9302,1,12,130,2017,2,2,15,0,0,1,1,0,0,0,2,6,4,3,0,2,1
9303,5,6,514,2017,3,6,20,0,0,1,0,0,0,1,2,1,6,3,1,3,0
9304,1,8,123,2017,2,2,9,0,1,1,0,0,0,0,2,5,3,3,0,3,0
9305,4,10,429,2017,2,2,14,0,1,0,1,0,0,0,2,6,6,3,0,3,0
9306,5,12,520,2017,2,2,9,0,1,1,0,0,0,0,2,5,3,3,0,2,1
9307,5,17,525,2017,2,2,15,0,0,1,0,0,0,1,2,0,3,3,0,3,0
9308,4,10,427,2017,2,2,8,0,1,1,0,0,0,0,2,3,2,3,0,3,0
9309,2,5,215,2017,2,2,19,0,1,1,0,0,0,0,2,5,3,3,0,3,0
9310,3,7,319,2017,2,2,19,0,0,1,0,0,0,0,1,2,7,3,0,3,0
9311,2,4,211,2017,2,2,16,0,1,1,0,0,0,0,2,1,5,3,0,3,0
9312,2,4,214,2017,2,2,8,0,1,1,0,0,0,0,2,3,6,3,0,3,0
9313,3,2,312,2017,2,2,17,0,1,0,0,0,0,0,1,2,6,3,0,3,0
9314,3,1,309,2017,2,2,21,0,1,0,1,0,0,0,2,6,4,3,1,3,0
9315,1,1,101,2017,2,2,16,0,0,1,0,0,0,0,1,2,6,3,0,3,0
9316,1,3,106,2017,2,2,8,0,1,1,0,0,0,0,2,5,3,3,0,3,0
9317,1,5,114,2017,2,2,17,0,0,1,0,0,0,0,1,2,6,3,0,3,0
9318,1,5,113,2017,2,2,18,0,0,1,0,0,0,0,1,2,6,3,0,3,0
9319,1,12,130,2017,2,1,13,0,0,1,0,0,0,0,1,8,1,3,1,3,0
9320,5,5,513,2017,2,1,19,0,0,1,0,0,0,0,1,5,2,3,0,3,0
9321,5,7,515,2017,2,1,2,0,0,1,1,0,0,0,2,6,4,3,1,3,0
9322,5,4,512,2017,3,6,12,0,0,1,0,0,0,1,2,3,6,3,0,3,0
9323,4,9,424,2017,3,6,19,0,0,1,1,0,0,0,2,6,3,3,1,3,0
9324,3,9,321,2017,2,1,16,0,0,1,0,0,0,0,1,4,2,3,1,3,0
9325,2,11,223,2017,2,1,7,0,0,1,0,0,0,0,1,7,1,3,1,3,0
9326,2,5,215,2017,2,1,1,0,1,1,0,0,0,0,2,5,2,3,1,3,0
9327,3,7,319,2017,2,1,17,0,1,0,0,0,0,1,2,0,7,3,1,3,0
9328,3,2,311,2017,2,1,14,0,0,1,0,0,0,0,1,2,6,3,1,3,0
9329,3,3,313,2017,2,1,13,0,0,0,1,0,0,1,2,6,4,3,1,3,0
9330,1,1,101,2017,2,1,17,0,0,1,1,0,0,0,2,6,7,3,1,3,0
9331,5,7,515,2017,3,6,11,0,0,1,0,1,0,0,2,2,2,3,0,3,0
9332,7,9,710,2017,2,7,16,0,0,1,0,0,0,1,2,0,6,3,1,3,0
9333,7,4,705,2017,2,7,15,0,0,1,0,1,0,0,2,5,3,3,1,3,0
9334,5,12,520,2017,3,6,20,0,0,1,1,0,0,0,2,6,2,3,1,3,0
9335,4,13,432,2017,2,7,21,0,0,1,0,0,0,0,1,5,3,3,1,3,0
9336,4,11,430,2017,2,7,14,0,1,1,0,0,0,0,2,3,6,3,1,2,1
9337,4,7,416,2017,2,7,20,0,0,1,0,0,0,1,2,0,6,3,1,3,0
9338,2,9,221,2017,2,7,9,0,1,1,0,0,0,0,2,1,6,3,1,2,1
9339,2,5,217,2017,2,7,5,0,0,1,0,0,0,1,2,4,2,3,2,3,0
9340,1,3,108,2017,2,7,20,0,0,1,1,0,0,0,2,6,2,3,1,3,0
9341,1,5,114,2017,2,7,1,0,0,1,1,0,0,0,2,6,7,3,1,3,0
9342,1,19,140,2017,2,7,13,0,0,0,0,0,0,1,1,8,1,3,1,3,0
9343,7,10,711,2017,2,6,6,0,0,0,1,0,0,1,2,6,4,3,1,3,0
9344,7,4,705,2017,2,6,16,0,1,1,0,0,0,0,2,1,5,3,1,3,0
9345,7,10,711,2017,2,6,20,0,0,1,1,0,0,0,2,6,2,3,1,3,0
9346,1,12,130,2017,2,6,6,0,0,1,0,1,0,0,2,0,3,3,1,3,0
9347,5,3,510,2017,2,6,5,0,0,1,0,0,0,0,1,2,6,3,1,3,0
9348,5,3,510,2017,2,6,9,0,0,1,0,0,0,0,1,4,2,3,1,3,0
9349,5,2,509,2017,2,6,14,0,0,1,1,0,0,0,2,6,4,3,0,3,0
9350,5,11,519,2017,2,6,18,0,0,0,1,0,0,1,2,6,2,3,1,2,1
9351,4,3,406,2017,2,6,12,0,0,1,0,0,0,0,1,4,2,3,0,3,0
9352,4,6,414,2017,2,6,12,0,0,1,0,0,0,0,1,2,6,3,0,3,0
9353,2,9,221,2017,2,6,18,0,0,1,1,0,0,0,2,6,3,3,0,2,1
9354,2,10,222,2017,2,6,13,0,0,1,0,1,0,0,2,2,6,3,0,3,0
9355,1,1,101,2017,2,6,12,0,1,1,0,0,0,0,2,5,3,3,0,3,0
9356,1,1,101,2017,2,6,9,0,0,1,0,0,0,0,1,2,6,3,0,3,0
9357,1,5,114,2017,2,6,14,0,0,1,1,0,0,0,2,6,4,3,0,3,0
9358,1,5,114,2017,2,6,9,0,0,0,1,0,0,1,2,0,4,3,1,3,0
9359,7,9,710,2017,2,5,14,0,0,1,1,0,0,0,2,6,4,3,1,3,0
9360,5,3,511,2017,2,5,20,0,0,1,1,0,0,0,2,6,4,3,1,3,0
9361,4,10,428,2017,3,6,16,0,0,1,0,0,0,0,1,2,6,3,0,3,0
9362,5,6,514,2017,2,5,16,0,0,1,0,0,0,0,1,3,6,3,1,3,0
9363,5,3,510,2017,2,5,19,0,0,1,0,0,0,0,1,2,6,3,1,3,0
9364,4,10,429,2017,2,5,13,0,0,1,0,0,0,0,1,4,6,3,1,3,0
9365,5,11,519,2017,2,5,19,0,0,1,0,0,0,0,1,4,2,3,1,3,0
9366,4,10,428,2017,3,6,20,0,0,1,1,0,0,0,2,6,4,3,1,3,0
9367,5,17,525,2017,2,5,18,0,0,1,1,0,0,0,2,6,3,3,1,2,1
9368,4,13,432,2017,2,5,19,0,0,0,0,1,0,0,1,0,1,3,1,3,0
9369,4,10,429,2017,3,6,11,0,0,1,0,1,0,0,2,2,2,3,0,3,0
9370,4,5,408,2017,2,5,13,0,0,1,1,0,0,0,2,6,4,3,1,3,0
9371,4,10,428,2017,2,5,14,0,1,1,0,0,0,0,2,3,6,3,1,3,0
9372,4,10,429,2017,2,5,7,0,1,0,0,0,0,1,2,3,6,3,1,3,0
9373,2,11,224,2017,2,5,18,0,0,1,0,1,0,0,2,5,3,3,1,3,0
9374,2,5,215,2017,2,5,14,0,1,1,0,0,0,0,2,4,2,3,1,3,0
9375,2,1,203,2017,2,5,17,0,0,1,0,0,0,0,1,5,3,3,1,3,0
9376,2,4,213,2017,2,5,8,0,1,0,1,0,0,0,2,0,4,3,1,3,0
9377,4,2,405,2017,3,6,18,0,0,1,0,1,0,0,2,2,6,3,1,3,0
9378,3,2,311,2017,2,5,15,0,0,1,1,0,0,0,2,6,7,3,1,3,0
9379,2,2,207,2017,2,5,8,0,1,1,0,0,0,0,2,5,3,3,1,3,0
9380,1,3,108,2017,2,5,23,0,0,0,0,0,0,1,1,0,6,3,1,3,0
9381,1,16,136,2017,2,4,6,0,0,0,0,0,0,1,1,5,3,3,1,2,1
9382,6,2,602,2017,2,4,7,0,0,1,0,0,0,1,2,2,6,3,1,3,0
9383,1,12,130,2017,2,4,11,0,0,1,0,0,0,0,1,4,2,3,1,3,0
9384,1,6,117,2017,2,4,23,0,0,1,0,0,0,0,1,1,6,3,0,3,0
9385,1,8,121,2017,2,4,20,0,0,1,0,0,0,0,1,4,2,3,0,3,0
9386,5,18,526,2017,2,4,7,0,0,1,0,0,0,0,1,2,2,3,1,3,0
9387,5,2,509,2017,2,4,8,0,0,1,0,0,0,0,1,5,3,3,1,3,0
9388,5,7,515,2017,2,4,17,0,1,1,0,0,0,0,2,5,3,3,0,3,0
9389,4,13,432,2017,2,4,14,0,0,1,0,0,0,0,1,3,7,3,0,3,0
9390,5,1,502,2017,2,4,14,0,0,1,0,0,0,1,2,5,7,3,0,3,0
9391,3,2,312,2017,2,4,11,0,0,1,0,0,0,0,1,2,6,3,1,3,0
9392,3,2,312,2017,2,4,10,0,0,1,0,0,0,0,1,2,6,3,1,3,0
9393,3,1,310,2017,2,4,17,0,1,1,0,0,0,0,2,5,3,3,1,3,0
9394,1,3,108,2017,2,4,11,0,0,1,0,0,0,0,1,2,6,3,1,3,0
9395,1,5,113,2017,2,4,17,0,0,1,1,0,0,0,2,6,4,3,0,3,0
9396,3,2,311,2017,3,6,13,0,1,0,1,0,0,0,2,6,4,3,0,3,0
9397,1,1,102,2017,3,6,7,0,0,1,1,1,0,0,3,6,3,3,0,3,0
9398,7,14,715,2017,2,3,17,0,0,0,0,1,0,0,1,8,1,3,0,3,0
9399,1,16,136,2017,2,3,18,0,0,1,0,0,0,0,1,5,3,3,0,3,0
9400,1,5,114,2017,3,6,7,0,0,1,0,0,0,0,1,5,3,3,0,3,0
9401,1,17,138,2017,2,3,15,0,0,1,0,0,0,1,2,2,6,3,0,3,0
9402,1,16,137,2017,3,5,17,0,1,1,0,0,0,0,2,4,2,3,0,3,0
9403,1,16,137,2017,2,3,13,0,0,1,0,0,0,1,2,2,6,3,0,3,0
9404,1,16,135,2017,2,3,7,0,0,1,0,0,0,1,2,1,6,3,1,3,0
9405,1,13,131,2017,3,5,17,0,0,1,0,0,0,0,1,2,6,3,0,3,0
9406,5,6,514,2017,2,3,15,0,0,1,0,1,0,0,2,3,6,3,0,3,0
9407,4,5,410,2017,2,3,18,0,0,1,0,0,0,0,1,2,6,3,0,3,0
9408,4,6,415,2017,2,3,9,0,0,1,0,0,0,0,1,5,3,3,1,3,0
9409,3,7,319,2017,2,3,18,0,0,1,1,0,0,0,2,6,4,3,1,3,0
9410,3,1,304,2017,2,3,15,0,0,1,1,0,0,0,2,6,7,3,0,3,0
9411,3,5,317,2017,2,3,7,0,1,1,0,0,0,0,2,5,3,3,0,3,0
9412,3,3,313,2017,2,3,9,0,0,1,0,0,0,1,2,3,6,3,1,3,0
9413,1,3,105,2017,2,3,6,0,0,1,0,0,0,0,1,2,6,3,1,3,0
9414,1,5,114,2017,2,3,17,0,0,1,1,0,0,0,2,0,4,3,0,2,1
9415,7,14,715,2017,2,2,13,0,0,1,0,0,0,1,2,2,6,3,1,3,0
9416,6,1,601,2017,2,2,12,0,0,1,0,0,0,0,1,2,2,3,1,3,0
9417,6,2,602,2017,2,2,7,0,0,1,0,0,0,1,2,2,6,3,1,3,0
9418,1,12,130,2017,2,2,17,0,0,1,0,0,0,1,2,2,6,3,1,3,0
9419,1,12,130,2017,2,2,11,0,0,1,0,0,0,0,1,5,3,3,1,3,0
9420,1,13,131,2017,3,5,11,0,1,1,0,0,0,0,2,5,3,3,0,3,0
9421,5,9,517,2017,3,5,12,0,0,1,0,0,0,0,1,1,6,3,0,3,0
9422,5,17,525,2017,3,5,11,0,1,1,0,0,0,0,2,3,6,3,0,3,0
9423,5,4,512,2017,3,5,8,0,0,1,0,0,0,0,1,1,6,3,0,3,0
9424,5,7,515,2017,3,5,20,0,0,1,0,0,0,0,1,1,6,3,0,3,0
9425,5,7,515,2017,3,5,2,0,1,0,1,0,0,0,2,0,6,3,0,3,0
9426,5,7,515,2017,3,5,11,0,0,1,0,0,0,0,1,8,1,3,1,3,0
9427,1,11,129,2017,4,3,23,0,0,1,0,0,0,0,1,4,2,3,1,3,0
9428,1,12,130,2017,4,3,18,0,0,1,0,0,0,0,1,5,3,3,0,3,0
9429,5,11,519,2017,3,5,17,0,1,1,0,0,0,0,2,4,2,3,0,3,0
9430,1,11,128,2017,4,3,7,0,1,1,0,0,0,0,2,5,3,3,1,3,0
9431,1,8,123,2017,4,3,7,0,1,1,0,0,0,0,2,5,3,3,0,3,0
9432,5,5,513,2017,4,3,9,0,0,1,0,0,0,1,2,5,7,3,1,3,0
9433,5,18,526,2017,4,3,8,0,0,1,0,0,0,0,1,5,3,3,1,3,0
9434,5,5,513,2017,4,3,7,0,0,1,0,0,0,0,1,5,3,3,1,3,0
9435,5,2,508,2017,4,3,0,0,0,0,0,0,0,1,1,1,5,3,1,3,0
9436,5,1,504,2017,4,3,16,0,0,1,1,0,0,0,2,6,4,3,0,3,0
9437,4,6,414,2017,4,3,10,0,0,1,0,0,0,0,1,5,3,3,1,3,0
9438,2,11,224,2017,4,3,11,0,0,0,0,1,0,0,1,0,1,3,1,3,0
9439,2,11,223,2017,4,3,9,0,0,0,0,1,0,0,1,0,1,3,1,3,0
9440,2,7,219,2017,4,3,9,0,0,1,0,0,0,0,1,2,6,3,1,3,0
9441,2,5,215,2017,4,3,7,0,1,1,0,0,0,0,2,5,2,3,1,3,0
9442,2,5,216,2017,4,3,14,0,0,1,0,0,0,1,2,1,5,3,0,3,0
9443,3,6,318,2017,4,3,19,0,0,1,0,0,0,0,1,3,6,3,1,3,0
9444,3,1,309,2017,4,3,8,0,1,1,0,0,0,0,2,1,6,3,1,3,0
9445,3,2,311,2017,4,3,8,0,0,1,0,1,0,0,2,1,6,3,1,3,0
9446,1,5,114,2017,4,3,9,0,0,1,0,0,0,1,2,2,6,3,1,3,0
9447,7,10,711,2017,4,2,19,0,0,0,0,1,0,0,1,2,2,3,0,3,0
9448,1,16,136,2017,4,2,20,0,0,1,0,0,0,0,1,5,2,3,0,3,0
9449,5,2,505,2017,4,2,17,0,0,1,0,0,0,0,1,3,6,3,0,3,0
9450,5,2,505,2017,4,2,14,0,1,1,0,0,0,0,2,2,6,3,0,3,0
9451,5,7,515,2017,4,2,16,0,0,1,0,0,0,1,2,5,3,3,0,3,0
9452,4,13,432,2017,4,2,9,0,0,1,0,0,0,1,2,2,6,3,0,3,0
9453,3,9,321,2017,4,2,18,0,0,1,1,0,0,0,2,0,7,3,0,3,0
9454,3,9,321,2017,4,2,17,0,0,1,0,0,0,0,1,3,6,3,0,3,0
9455,2,8,220,2017,4,2,13,0,0,0,1,0,0,1,2,6,4,3,0,3,0
9456,2,3,210,2017,4,2,16,0,1,1,0,0,0,0,2,2,6,3,0,3,0
9457,3,3,314,2017,4,2,12,0,0,1,0,1,0,0,2,0,3,3,0,3,0
9458,5,14,522,2017,3,5,11,0,0,1,0,1,0,0,2,1,5,3,1,3,0
9459,4,5,409,2017,3,5,9,0,1,0,0,0,0,1,2,3,2,3,0,3,0
9460,2,7,219,2017,3,5,7,0,0,1,1,0,0,0,2,6,4,3,0,3,0
9461,1,16,137,2017,4,2,10,0,0,1,0,0,0,1,2,2,6,3,0,3,0
9462,7,11,712,2017,4,1,12,0,0,1,0,1,0,0,2,4,6,3,0,2,1
9463,3,6,318,2017,3,5,8,0,1,1,0,0,0,0,2,2,6,3,0,3,0
9464,6,4,605,2017,4,1,18,0,0,1,0,1,0,0,2,4,6,3,0,1,1
9465,1,12,130,2017,4,1,16,0,1,1,0,0,0,0,2,5,3,3,0,3,0
9466,4,2,405,2017,3,5,15,0,0,1,1,0,0,0,2,6,3,3,0,3,0
9467,5,18,526,2017,4,1,18,0,0,0,0,1,0,0,1,9,1,3,0,3,0
9468,3,1,306,2017,3,5,10,0,1,1,0,0,0,0,2,5,2,3,0,3,0
9469,4,5,408,2017,4,1,18,0,0,1,0,0,0,1,2,0,3,3,0,3,0
9470,3,2,311,2017,3,5,7,0,1,1,0,0,0,0,2,3,2,3,0,3,0
9471,4,5,409,2017,4,1,11,0,0,1,0,0,0,0,1,2,6,3,0,3,0
9472,3,8,320,2017,4,1,21,0,0,1,1,0,0,0,2,6,4,3,0,2,1
9473,3,1,305,2017,4,1,4,0,1,0,1,0,0,0,2,6,6,3,0,3,0
9474,2,4,211,2017,4,1,15,0,0,1,1,1,0,0,3,3,2,3,0,3,0
9475,1,3,108,2017,4,1,5,0,0,1,0,0,0,0,1,5,3,3,0,3,0
9476,6,2,602,2017,3,4,8,0,1,1,0,0,0,0,2,1,3,3,0,3,0
9477,1,4,112,2017,4,1,14,0,1,0,0,0,0,0,1,0,7,3,0,3,0
9478,1,19,140,2017,4,7,13,0,0,1,0,1,0,0,2,3,6,3,0,3,0
9479,1,11,128,2017,3,4,7,0,0,1,0,0,0,0,1,5,3,3,0,3,0
9480,1,16,136,2017,4,7,19,0,0,1,1,0,0,0,2,6,4,3,0,3,0
9481,6,14,615,2017,4,7,12,0,1,1,0,0,0,0,2,5,3,3,0,3,0
9482,1,8,126,2017,3,4,17,0,0,1,0,0,0,0,1,5,3,3,0,3,0
9483,1,12,130,2017,4,7,16,0,0,0,1,0,0,1,2,6,4,3,0,2,1
9484,5,18,526,2017,4,7,21,0,1,1,0,0,0,0,2,1,5,3,0,3,0
9485,4,9,424,2017,4,7,6,0,1,1,0,0,0,0,2,5,2,3,0,3,0
9486,5,14,522,2017,4,7,17,0,0,1,0,1,0,0,2,5,3,3,0,3,0