SN,District,Imperial_Circle,Community,Year,Month,Weekday,Hour,Road,Cycle,Car,Pedestrians,Motorcycle,Goods Vehicle,Others,Total,Collision Type,Accident Type,Light Condition,Road Condition,Accident_Severity,Severity
9487,4,13,432,2017,4,7,16,0,1,0,0,0,0,1,2,5,3,3,0,3,0
9488,4,5,411,2017,4,7,13,0,1,0,0,0,0,0,1,0,7,3,0,3,0
9489,4,7,417,2017,4,7,19,0,1,1,0,0,0,0,2,1,5,3,0,3,0
9490,5,1,504,2017,4,7,13,0,1,1,0,0,0,0,2,5,2,3,0,3,0
9491,2,8,220,2017,4,7,0,0,0,1,0,0,0,0,1,5,2,3,0,3,0
9492,3,2,312,2017,4,7,17,0,1,1,0,0,0,0,2,1,7,3,0,3,0
9493,7,13,714,2017,4,6,8,0,0,1,0,0,0,0,1,5,7,3,0,3,0
9494,7,1,702,2017,4,6,17,0,1,1,0,0,0,0,2,5,3,3,0,3,0
9495,1,12,130,2017,4,6,16,0,1,1,0,0,0,0,2,5,3,3,0,3,0
9496,1,8,124,2017,4,6,18,0,1,1,0,0,0,0,2,5,3,3,0,3,0
9497,1,14,133,2017,4,6,11,0,0,1,0,0,0,1,2,3,6,3,0,3,0
9498,5,18,526,2017,4,6,17,0,0,1,0,0,0,0,1,4,2,3,0,3,0
9499,5,18,526,2017,3,4,14,0,0,1,0,0,0,1,2,0,7,3,0,3,0
9500,5,4,512,2017,3,4,9,0,0,1,0,0,0,0,1,1,6,3,0,3,0
9501,5,6,514,2017,3,4,13,0,0,1,0,0,0,0,1,4,2,3,0,2,1
9502,5,6,514,2017,4,6,16,0,0,1,0,0,0,0,1,1,6,3,0,3,0
9503,5,18,526,2017,3,4,9,0,0,1,0,0,0,0,1,5,3,3,0,3,0
9504,5,2,509,2017,4,6,13,0,0,1,1,0,0,0,2,6,4,3,0,2,1
9505,5,2,507,2017,3,4,12,0,0,1,0,0,0,1,2,2,6,3,0,3,0
9506,5,17,525,2017,3,4,11,0,0,1,0,1,0,0,2,5,3,3,0,3,0
9507,5,7,515,2017,4,6,17,0,1,1,0,0,0,0,2,5,2,3,0,3,0
9508,5,7,515,2017,4,6,10,0,1,1,0,0,0,0,2,5,2,3,0,3,0
9509,4,11,430,2017,4,6,8,0,1,0,1,0,0,0,2,0,4,3,0,3,0
9510,5,7,515,2017,4,6,18,0,1,0,0,0,0,0,1,8,1,3,0,3,0
9511,5,7,515,2017,4,6,18,0,1,0,1,0,0,0,2,0,7,3,0,3,0
9512,5,9,517,2017,4,6,10,0,0,1,0,0,0,0,1,1,6,3,0,3,0
9513,4,5,409,2017,4,6,14,0,0,1,0,0,0,0,1,2,6,3,0,3,0
9514,2,9,221,2017,4,6,16,0,1,0,0,0,0,0,1,5,3,3,0,3,0
9515,4,12,431,2017,3,4,8,0,0,1,0,0,0,0,1,5,3,3,0,3,0
9516,4,13,432,2017,3,4,18,0,0,0,0,1,0,0,1,0,7,3,0,3,0
9517,4,5,409,2017,3,4,8,0,0,1,0,0,0,0,1,2,6,3,0,3,0
9518,2,10,222,2017,4,6,23,0,1,0,0,0,0,0,1,0,1,3,0,2,1
9519,2,8,220,2017,4,6,23,0,0,1,0,1,0,0,2,3,7,3,0,2,1
9520,2,5,216,2017,4,6,7,0,0,0,0,1,0,1,2,1,6,3,0,3,0
9521,3,6,318,2017,4,6,18,0,0,1,1,0,0,0,2,0,3,3,0,3,0
9522,1,3,107,2017,4,6,11,0,1,1,0,0,0,0,2,5,2,3,1,2,1
9523,1,1,101,2017,4,6,13,0,0,0,1,0,0,1,2,6,4,3,0,3,0
9524,1,5,114,2017,4,6,9,0,0,1,0,0,0,0,1,5,3,3,0,3,0
9525,4,5,408,2017,3,4,10,0,0,1,0,1,0,0,2,3,6,3,0,3,0
9526,2,5,217,2017,3,4,12,0,0,0,0,1,0,0,1,0,7,3,0,3,0
9527,2,5,215,2017,3,4,16,0,0,1,0,0,0,0,1,2,6,3,0,3,0
9528,4,1,401,2017,3,4,18,0,1,1,0,0,0,0,2,3,2,3,0,3,0
9529,1,13,131,2017,4,5,7,0,0,1,0,0,0,0,1,5,2,3,0,3,0
9530,1,14,133,2017,4,5,16,0,0,1,0,1,0,0,2,4,2,3,0,2,1
9531,5,7,515,2017,4,5,12,0,1,1,0,0,0,0,2,4,2,3,0,2,1
9532,5,9,517,2017,4,5,11,0,0,1,1,0,0,0,2,0,4,3,0,3,0
9533,4,3,406,2017,3,4,9,0,0,1,0,0,0,0,1,2,6,3,0,3,0
9534,5,9,517,2017,4,5,12,0,1,0,0,0,0,1,2,5,2,3,0,3,0
9535,2,1,204,2017,3,4,18,0,0,1,0,1,0,0,2,5,2,3,0,3,0
9536,4,13,432,2017,4,5,15,0,0,1,1,0,0,0,2,6,4,3,0,3,0
9537,4,3,406,2017,4,5,7,0,0,1,0,1,0,0,2,5,3,3,0,3,0
9538,4,6,414,2017,4,5,10,0,1,0,0,0,0,0,1,0,7,3,0,3,0
9539,5,1,504,2017,4,5,16,0,0,1,0,0,0,0,1,1,6,3,0,3,0
9540,2,5,216,2017,4,5,13,0,0,1,0,0,0,0,1,5,7,3,0,3,0
9541,3,6,318,2017,4,5,13,0,0,1,0,0,0,0,1,5,3,3,0,3,0
9542,2,3,209,2017,4,5,8,0,1,1,0,0,0,0,2,5,3,3,0,3,0
9543,3,2,312,2017,4,5,9,0,0,1,0,1,0,0,2,4,2,3,0,3,0
9544,3,1,310,2017,4,5,23,0,0,1,0,1,0,0,2,4,2,3,0,3,0
9545,1,1,101,2017,4,5,10,0,0,1,0,0,0,0,1,4,2,3,0,3,0
9546,1,3,108,2017,4,5,14,0,1,0,0,0,0,0,1,0,2,3,0,3,0
9547,1,19,140,2017,4,5,9,0,0,1,0,0,0,1,2,3,6,3,0,2,1
9548,6,1,601,2017,4,4,13,0,0,1,1,0,0,0,2,0,7,3,0,3,0
9549,6,3,604,2017,4,4,14,0,0,1,0,0,0,1,2,2,6,3,0,2,1
9550,1,11,129,2017,4,4,7,0,1,1,0,0,0,0,2,5,3,3,0,3,0
9551,5,18,526,2017,4,4,13,0,0,1,0,0,0,0,1,2,6,3,1,3,0
9552,5,18,526,2017,4,4,8,0,0,1,0,1,0,0,2,4,6,3,0,3,0
9553,5,4,512,2017,4,4,21,0,0,1,0,0,0,1,2,1,5,3,1,3,0
9554,5,4,512,2017,4,4,20,0,0,1,1,0,0,0,2,6,2,3,1,3,0
9555,5,1,502,2017,4,4,11,0,0,1,0,0,0,0,1,5,3,3,0,3,0
9556,4,10,427,2017,4,4,9,0,1,1,0,0,0,0,2,1,5,3,0,3,0
9557,3,9,321,2017,4,4,7,0,0,1,0,0,0,0,1,1,6,3,0,3,0
9558,3,7,319,2017,4,4,13,0,0,1,1,0,0,0,2,6,4,3,0,2,1
9559,3,2,312,2017,3,4,8,0,1,0,0,0,0,1,2,5,3,3,0,3,0
9560,1,4,112,2017,3,4,22,0,0,1,0,0,0,0,1,5,3,3,0,3,0
9561,7,12,713,2017,3,3,16,0,0,1,0,0,0,1,2,1,6,3,0,3,0
9562,7,13,714,2017,3,3,14,0,1,1,0,0,0,0,2,5,3,3,0,3,0
9563,3,5,317,2017,4,4,7,0,1,1,0,0,0,0,2,5,3,3,0,3,0
9564,7,15,716,2017,3,3,15,0,0,1,0,0,0,0,1,1,6,3,0,3,0
9565,7,7,708,2017,3,3,7,0,1,1,0,0,0,0,2,5,2,3,1,2,1
9566,3,1,303,2017,4,4,8,0,0,0,1,1,0,0,2,6,4,3,0,3,0
9567,2,1,202,2017,4,4,16,0,1,0,0,0,0,0,1,0,7,3,0,3,0
9568,2,3,208,2017,4,4,23,0,1,0,1,0,0,0,2,6,7,3,0,3,0
9569,7,4,705,2017,4,3,13,0,1,1,0,0,0,0,2,2,6,3,0,3,0
9570,6,2,602,2017,4,3,14,0,0,1,0,1,0,0,2,4,2,3,0,3,0
9571,1,12,130,2017,4,3,18,0,1,1,0,0,0,0,2,5,7,3,0,3,0
9572,1,8,124,2017,4,3,16,0,0,1,0,0,0,0,1,1,6,3,0,3,0
9573,1,8,126,2017,4,3,15,0,1,0,0,0,0,1,2,0,3,3,0,3,0
9574,1,6,116,2017,4,3,17,0,0,1,0,0,0,0,1,2,6,3,0,3,0
9575,5,18,526,2017,4,3,11,0,0,1,0,0,0,0,1,2,6,3,0,3,0
9576,5,5,513,2017,4,3,12,0,1,1,0,0,0,0,2,5,2,3,0,3,0
9577,1,16,136,2017,3,3,12,0,0,1,0,0,0,0,1,5,3,3,0,3,0
9578,5,18,526,2017,4,3,15,0,1,0,0,0,0,0,1,0,7,3,0,3,0
9579,5,18,526,2017,4,3,14,0,1,1,0,0,0,0,2,5,3,3,0,3,0
9580,1,16,137,2017,3,3,6,0,0,1,0,0,0,1,2,2,6,3,0,3,0
9581,4,9,424,2017,4,3,14,0,1,1,0,0,0,0,2,0,2,3,0,3,0
9582,1,12,130,2017,3,3,11,0,0,1,0,0,0,0,1,2,2,3,0,3,0
9583,5,3,510,2017,4,3,17,0,0,1,1,0,0,0,2,6,2,3,0,3,0
9584,4,11,430,2017,4,3,19,0,0,1,0,0,0,0,1,4,6,3,0,3,0
9585,5,7,515,2017,4,3,13,0,1,1,0,0,0,0,2,5,2,3,0,3,0
9586,5,7,515,2017,4,3,13,0,0,1,0,0,0,0,1,1,6,3,0,3,0
9587,5,7,515,2017,4,3,15,0,1,1,0,0,0,0,2,4,2,3,0,3,0
9588,5,16,524,2017,4,3,16,0,0,1,0,0,0,0,1,1,6,3,0,3,0
9589,5,16,524,2017,4,3,15,0,0,1,0,0,0,0,1,5,3,3,0,3,0
9590,4,8,418,2017,4,3,16,0,1,0,0,0,0,0,1,3,6,3,0,3,0
9591,4,10,426,2017,4,3,12,0,1,0,0,0,0,0,1,3,7,3,0,3,0
9592,5,1,501,2017,4,3,20,0,0,1,0,0,0,0,1,1,6,3,0,3,0
9593,2,8,220,2017,4,3,7,0,1,1,0,0,0,0,2,1,7,3,0,3,0
9594,3,6,318,2017,4,3,13,0,0,1,0,0,0,1,2,2,6,3,0,3,0
9595,3,1,303,2017,4,3,18,0,1,1,1,0,0,0,3,6,4,3,0,3,0
9596,3,1,309,2017,4,3,11,0,0,1,0,0,0,0,1,1,6,3,0,3,0
9597,1,7,120,2017,3,3,19,0,0,1,0,0,0,0,1,2,2,3,0,3,0
9598,1,14,132,2017,3,3,9,0,0,1,0,0,0,1,2,0,5,3,0,3,0
9599,1,14,132,2017,3,3,8,0,0,1,0,0,0,1,2,5,3,3,0,2,1
9600,1,1,101,2017,4,3,12,0,0,1,0,0,0,0,1,2,6,3,0,3,0
9601,1,3,108,2017,4,3,3,0,0,1,0,0,0,0,1,5,3,3,0,3,0
9602,5,6,514,2017,3,3,9,0,0,1,0,0,0,0,1,2,6,3,0,3,0
9603,7,12,713,2017,4,2,10,0,0,0,0,1,0,0,1,8,1,3,0,2,1
9604,5,18,526,2017,3,3,10,0,0,1,1,0,0,0,2,6,4,3,0,3,0
9605,7,4,705,2017,4,2,18,0,0,1,0,0,0,0,1,2,6,3,0,2,1
9606,1,16,137,2017,4,2,22,0,1,1,0,0,0,0,2,4,2,3,0,3,0
9607,1,16,137,2017,4,2,13,0,1,0,0,0,0,1,2,0,3,3,0,3,0
9608,6,2,602,2017,4,2,11,0,1,1,0,0,0,0,2,5,3,3,0,3,0
9609,1,12,130,2017,4,2,15,0,0,1,0,0,0,0,1,2,6,3,0,3,0
9610,5,6,514,2017,4,2,15,0,0,1,0,0,0,0,1,1,6,3,0,3,0
9611,4,13,432,2017,4,2,17,0,0,1,0,0,0,1,2,2,2,3,0,3,0
9612,4,4,407,2017,4,2,5,0,0,1,0,1,0,0,2,5,3,3,0,1,1
9613,5,1,501,2017,4,2,20,0,0,1,0,0,0,0,1,5,3,3,0,2,1
9614,4,10,427,2017,4,2,13,0,0,1,0,1,0,1,3,0,5,3,0,2,1
9615,4,7,416,2017,4,2,16,0,0,1,0,0,0,0,1,2,6,3,0,3,0
9616,2,8,220,2017,4,2,17,0,1,1,0,0,0,0,2,5,3,3,0,3,0
9617,2,7,219,2017,4,2,21,0,0,1,0,0,0,0,1,5,2,3,0,3,0
9618,5,7,515,2017,3,3,15,0,0,1,0,0,0,0,1,5,3,3,0,3,0
9619,4,4,407,2017,3,3,8,0,1,1,0,0,0,0,2,5,3,3,0,3,0
9620,3,5,317,2017,4,2,16,0,1,1,0,0,0,0,2,5,2,3,0,3,0
9621,4,8,419,2017,3,3,8,0,1,1,0,0,0,0,2,5,3,3,0,3,0
9622,2,14,227,2017,3,3,18,0,1,1,0,0,0,0,2,5,3,3,0,3,0
9623,3,3,313,2017,3,3,13,0,0,1,0,1,0,0,2,0,7,3,0,3,0
9624,1,1,102,2017,3,3,12,0,0,1,0,0,0,0,1,2,6,3,0,3,0
9625,1,1,101,2017,3,3,8,0,0,1,0,0,0,0,1,2,6,3,0,3,0
9626,2,4,213,2017,4,2,5,0,1,0,0,0,0,1,2,5,3,3,0,3,0
9627,2,3,210,2017,4,2,12,0,0,0,0,0,0,1,1,5,2,3,0,3,0
9628,3,3,313,2017,4,2,17,0,1,1,0,0,0,0,2,5,2,3,0,3,0
9629,1,4,111,2017,4,2,17,0,1,1,0,0,0,0,2,3,2,3,0,3,0
9630,1,5,114,2017,4,2,17,0,0,1,0,0,0,1,2,0,3,3,0,3,0
9631,1,1,101,2017,4,2,16,0,0,1,0,0,0,0,1,3,2,3,0,3,0
9632,7,1,702,2017,4,1,19,0,1,1,0,0,0,0,2,1,5,3,0,2,1
9633,6,1,601,2017,4,1,15,0,0,1,0,0,0,0,1,2,6,3,0,3,0
9634,5,4,512,2017,4,1,11,0,0,1,0,0,0,0,1,2,6,3,0,3,0
9635,5,5,513,2017,4,1,8,0,0,1,0,0,0,0,1,5,3,3,0,2,1
9636,5,7,515,2017,4,1,13,0,0,1,0,0,0,0,1,5,3,3,0,3,0
9637,5,11,519,2017,4,1,12,0,1,1,0,0,0,0,2,1,7,3,0,3,0
9638,5,1,502,2017,4,1,18,0,0,1,0,0,0,0,1,3,6,3,0,3,0
9639,4,10,426,2017,4,1,15,0,0,1,0,0,0,0,1,2,6,3,0,3,0
9640,2,5,216,2017,4,1,18,0,0,1,1,0,0,0,2,6,7,3,0,3,0
9641,1,4,112,2017,4,1,12,0,0,1,0,1,0,0,2,2,6,3,0,3,0
9642,1,5,113,2017,4,1,1,0,0,1,1,0,0,0,2,6,4,3,1,2,1
9643,1,16,137,2017,4,7,13,0,0,1,1,0,0,0,2,6,4,3,0,3,0
9644,1,16,137,2017,4,7,11,0,0,1,0,1,0,0,2,5,3,3,0,2,1
9645,1,12,130,2017,4,7,19,0,0,0,1,0,0,1,2,6,3,3,1,3,0
9646,1,13,131,2017,4,7,16,0,0,1,0,1,0,0,2,4,2,3,0,3,0
9647,5,2,509,2017,4,7,20,0,1,0,0,0,0,0,1,4,6,3,0,2,1
9648,4,10,429,2017,4,7,21,0,1,0,0,0,0,0,1,0,7,3,0,2,1
9649,5,10,518,2017,4,7,12,0,0,1,0,0,0,0,1,1,6,3,0,2,1
9650,4,13,432,2017,4,7,13,0,0,1,0,0,0,1,2,3,6,3,0,3,0
9651,4,10,427,2017,4,7,21,0,0,1,0,0,0,0,1,2,6,3,0,3,0
9652,6,10,611,2017,3,2,7,0,1,1,0,0,0,0,2,5,3,3,1,3,0
9653,5,18,526,2017,3,2,18,0,0,1,0,0,0,0,1,1,7,3,1,3,0
9654,5,1,502,2017,4,7,20,0,0,1,0,1,0,0,2,5,3,3,0,2,1
9655,3,5,317,2017,4,7,18,0,0,1,0,0,0,0,1,0,5,3,0,3,0
9656,2,1,206,2017,4,7,23,0,1,1,0,0,0,0,2,3,2,3,0,3,0
9657,1,4,112,2017,4,7,23,0,1,0,1,0,0,0,2,6,3,3,0,3,0
9658,1,1,102,2017,4,7,13,0,1,0,1,0,0,0,2,6,4,3,0,3,0
9659,1,1,101,2017,4,7,0,0,0,1,0,0,0,0,1,2,6,3,0,3,0
9660,7,14,715,2017,3,6,17,0,0,1,0,1,0,0,2,0,5,3,0,3,0
9661,7,14,715,2017,3,6,20,0,0,1,0,0,0,0,1,3,7,3,0,3,0
9662,7,1,702,2017,3,6,18,0,0,0,0,0,0,1,1,0,2,3,0,3,0
9663,6,11,612,2017,3,6,15,0,0,1,0,1,0,0,2,5,2,3,0,2,1
9664,6,2,603,2017,3,6,9,0,0,1,0,0,0,1,2,1,6,3,0,3,0
9665,5,7,515,2017,3,2,16,0,0,1,0,0,0,0,1,3,2,3,0,3,0
9666,1,11,129,2017,3,6,22,0,0,1,1,0,0,0,2,6,4,3,0,3,0
9667,5,10,518,2017,3,2,12,0,0,1,0,0,0,0,1,1,6,3,1,3,0
9668,1,8,124,2017,3,6,19,0,1,1,0,0,0,0,2,5,3,3,0,2,1
9669,5,18,526,2017,3,6,16,0,1,1,0,0,0,0,2,5,3,3,0,2,1
9670,5,6,514,2017,3,6,7,0,1,1,0,0,0,0,2,5,3,3,0,3,0
9671,5,2,505,2017,3,6,14,0,0,1,0,0,0,0,1,1,5,3,0,3,0
9672,4,10,429,2017,3,6,10,0,0,1,0,0,0,1,2,3,7,3,0,3,0
9673,4,13,432,2017,3,6,18,0,0,1,0,0,0,1,2,0,7,3,0,3,0
9674,4,10,427,2017,3,6,22,0,0,0,0,1,0,0,1,0,1,3,0,2,1
9675,2,9,221,2017,3,6,8,0,0,1,1,0,0,0,2,6,4,3,0,3,0
9676,3,6,318,2017,3,6,18,0,0,1,0,0,0,1,2,3,6,3,0,3,0
9677,3,7,319,2017,3,6,9,0,0,1,0,0,0,0,1,4,2,3,0,3,0
9678,4,2,405,2017,3,6,11,0,0,1,0,0,0,0,1,2,6,3,0,3,0
9679,3,2,311,2017,3,6,13,0,0,1,1,0,0,0,2,6,4,3,0,2,1
9680,3,2,311,2017,3,6,11,0,0,0,0,1,0,1,2,5,3,3,0,3,0
9681,1,5,114,2017,3,6,18,0,1,1,0,0,0,0,2,4,2,3,0,3,0
9682,7,16,717,2017,3,5,20,0,0,1,0,0,0,0,1,4,6,3,0,2,1
9683,7,2,703,2017,3,5,17,0,0,1,0,1,0,0,2,4,2,3,0,3,0
9684,5,10,518,2017,3,2,18,0,0,1,1,0,0,0,2,6,4,3,1,3,0
9685,6,9,610,2017,3,5,15,0,0,1,0,0,0,0,1,5,3,3,0,3,0
9686,1,12,130,2017,3,5,7,0,0,0,0,1,0,1,2,5,3,3,1,3,0
9687,4,5,408,2017,3,2,13,0,0,1,0,0,0,0,1,2,6,3,1,3,0
9688,4,5,408,2017,3,2,10,0,0,1,0,0,0,0,1,2,6,3,1,3,0
9689,1,14,132,2017,3,5,6,0,0,1,0,0,0,1,2,4,2,3,1,2,1
9690,1,6,115,2017,3,5,6,0,0,1,0,1,0,0,2,3,7,3,1,3,0
9691,5,18,526,2017,3,5,17,0,0,1,0,0,0,0,1,1,6,3,0,3,0
9692,5,2,508,2017,3,5,17,0,0,1,0,0,0,0,1,5,3,3,0,3,0
9693,4,11,430,2017,3,5,7,0,1,1,0,0,0,0,2,5,3,3,1,2,1
9694,4,5,408,2017,3,5,13,0,1,0,1,0,0,0,2,6,7,3,0,3,0
9695,4,7,416,2017,3,5,17,0,0,1,0,0,0,1,2,0,6,3,0,3,0
9696,4,8,422,2017,3,5,7,0,0,1,0,0,0,0,1,4,7,3,0,3,0
9697,3,9,321,2017,3,5,15,0,0,1,0,0,0,0,1,1,7,3,0,3,0
9698,3,9,321,2017,3,5,18,0,1,1,0,0,0,0,2,5,3,3,0,3,0
9699,1,16,137,2017,3,5,14,0,1,1,0,0,0,0,2,5,3,3,0,3,0
9700,7,7,708,2017,3,4,17,0,0,1,0,0,0,0,1,3,7,3,1,3,0
9701,1,16,136,2017,3,4,16,0,0,1,1,0,0,0,2,6,4,3,0,3,0
9702,1,8,122,2017,3,4,9,0,0,1,0,0,0,0,1,2,6,3,1,3,0
9703,4,9,424,2017,3,4,9,0,0,1,0,0,0,0,1,2,2,3,1,3,0
9704,2,5,215,2017,3,2,17,0,1,1,0,0,0,0,2,4,2,3,1,3,0
9705,2,5,217,2017,3,2,16,0,0,1,0,0,0,0,1,5,3,3,1,3,0
9706,4,2,404,2017,3,2,8,0,0,1,0,0,0,0,1,5,3,3,1,3,0
9707,5,10,518,2017,3,4,7,0,0,1,0,0,0,0,1,4,2,3,1,3,0
9708,4,4,407,2017,3,4,9,0,0,1,0,0,0,1,2,1,6,3,1,3,0
9709,2,1,205,2017,3,2,11,0,0,1,1,0,0,0,2,6,4,3,1,3,0
9710,4,12,431,2017,3,4,8,0,1,1,0,0,0,0,2,5,2,3,1,2,1
9711,4,5,410,2017,3,4,11,0,1,0,0,0,0,1,2,0,2,3,1,3,0
9712,4,5,408,2017,3,4,7,0,0,1,0,1,0,0,2,0,6,3,1,3,0
9713,4,10,428,2017,3,4,8,0,0,1,0,0,0,1,2,0,3,3,1,3,0
9714,3,8,320,2017,3,4,23,0,0,1,0,0,0,1,2,3,6,3,1,3,0
9715,3,6,318,2017,3,4,12,0,0,1,0,0,0,1,2,1,6,3,0,3,0
9716,3,9,321,2017,3,4,18,0,0,1,0,0,0,1,2,3,2,3,1,3,0
9717,1,3,108,2017,3,4,7,0,0,1,1,0,0,0,2,6,4,3,0,3,0
9718,7,16,717,2017,3,3,6,0,1,0,0,0,0,0,1,0,7,3,0,3,0
9719,7,1,701,2017,3,3,16,0,0,1,0,0,0,0,1,2,6,3,0,3,0
9720,6,1,601,2017,3,3,18,0,0,1,0,1,0,0,2,5,3,3,0,2,1
9721,1,6,115,2017,3,3,12,0,0,1,0,0,0,0,1,3,2,3,0,3,0
9722,5,2,507,2017,3,3,17,0,0,1,0,0,0,0,1,2,6,3,0,3,0
9723,5,2,507,2017,3,3,20,0,0,1,0,1,0,0,2,2,6,3,0,3,0
9724,5,2,505,2017,3,3,13,0,0,1,0,0,0,0,1,3,6,3,0,3,0
9725,5,17,525,2017,3,3,18,0,1,0,0,0,0,0,1,3,6,3,0,2,1
9726,5,11,519,2017,3,3,15,0,0,1,0,0,0,0,1,4,2,3,0,3,0
9727,5,16,524,2017,3,3,7,0,0,1,0,0,0,0,1,5,3,3,0,3,0
9728,3,2,311,2017,3,2,17,0,0,1,0,0,0,0,1,2,6,3,1,3,0
9729,1,4,112,2017,3,2,12,0,0,1,0,0,0,0,1,2,6,3,1,3,0
9730,5,11,519,2017,3,3,16,0,1,1,0,0,0,0,2,5,3,3,0,3,0
9731,4,5,409,2017,3,3,16,0,0,1,0,0,0,0,1,2,6,3,0,3,0
9732,4,5,408,2017,3,3,21,0,0,1,0,0,0,0,1,1,5,3,0,3,0
9733,4,6,414,2017,3,3,5,0,0,1,0,0,0,0,1,3,6,3,0,3,0
9734,2,5,217,2017,3,3,9,0,1,1,0,0,0,0,2,4,2,3,0,3,0
9735,2,4,211,2017,3,3,9,0,1,0,0,0,0,0,1,5,3,3,0,3,0
9736,3,3,314,2017,3,3,23,0,0,1,0,1,0,0,2,5,3,3,0,3,0
9737,1,12,130,2017,3,1,20,0,0,1,1,0,0,0,2,6,2,3,1,3,0
9738,2,2,207,2017,3,3,1,0,1,1,0,0,0,0,2,5,3,3,0,3,0
9739,1,3,106,2017,3,3,13,0,0,1,0,0,0,1,2,1,6,3,0,3,0
9740,4,13,432,2017,3,1,21,0,0,1,0,0,0,0,1,9,6,3,1,2,1
9741,1,3,108,2017,3,3,10,0,0,1,0,0,0,0,1,2,6,3,0,3,0
9742,6,2,603,2017,3,2,7,0,1,1,0,0,0,0,2,2,6,3,0,3,0
9743,6,2,602,2017,3,2,17,0,0,1,0,1,0,0,2,0,1,3,0,3,0
9744,1,11,129,2017,3,2,12,0,1,0,1,0,0,0,2,6,3,3,0,3,0
9745,5,4,512,2017,3,2,16,0,0,1,1,0,0,0,2,6,4,3,0,3,0
9746,5,6,514,2017,3,2,8,0,1,1,0,0,0,0,2,5,3,3,0,3,0
9747,5,3,511,2017,3,2,10,0,0,1,0,0,0,1,2,4,6,3,0,2,1
9748,5,2,507,2017,3,2,8,0,1,1,0,0,0,0,2,5,3,3,0,3,0
9749,5,7,515,2017,3,2,13,0,1,1,0,0,0,0,2,5,3,3,0,3,0
9750,4,12,431,2017,3,2,9,0,0,1,1,0,0,0,2,6,2,3,0,3,0
9751,4,5,408,2017,3,2,9,0,0,1,0,0,0,1,2,2,6,3,0,3,0
9752,4,10,427,2017,3,2,8,0,0,1,0,0,0,0,1,5,3,3,0,3,0
9753,4,5,408,2017,3,2,17,0,0,0,0,1,0,0,1,9,7,3,0,3,0
9754,4,10,427,2017,3,2,18,0,0,1,1,0,0,0,2,6,4,3,0,3,0
9755,3,7,319,2017,3,2,16,0,0,1,1,0,0,0,2,6,4,3,0,3,0
9756,3,6,318,2017,3,2,7,0,0,1,1,0,0,0,2,6,7,3,0,3,0
9757,3,5,317,2017,3,2,10,0,1,1,0,0,0,0,2,1,5,3,0,3,0
9758,3,2,312,2017,3,2,14,0,0,0,0,0,0,1,1,0,5,3,0,3,0
9759,1,4,111,2017,3,2,19,0,1,0,0,0,0,0,1,5,3,3,0,3,0
9760,1,2,103,2017,3,2,12,0,0,1,0,1,0,0,2,3,2,3,0,3,0
9761,1,2,104,2017,3,2,8,0,0,1,0,0,0,0,1,1,6,3,0,3,0
9762,1,3,108,2017,3,2,17,0,0,1,0,1,0,0,2,3,7,3,0,3,0
9763,1,6,116,2017,3,1,9,0,0,1,0,0,0,0,1,3,6,3,0,3,0
9764,5,18,526,2017,3,1,18,0,0,1,0,0,0,0,1,4,7,3,0,3,0
9765,4,12,431,2017,3,1,14,0,0,1,0,0,0,1,2,3,2,3,0,3,0
9766,4,13,432,2017,3,1,14,0,0,1,0,1,0,0,2,4,2,3,0,2,1
9767,4,5,409,2017,3,1,11,0,0,1,0,0,0,0,1,5,2,3,1,3,0
9768,4,13,432,2017,3,1,18,0,0,1,1,0,0,0,2,6,4,3,0,2,1
9769,4,12,431,2017,3,1,0,0,0,1,0,0,0,0,1,3,2,3,0,3,0
9770,4,10,428,2017,3,1,20,0,0,1,0,1,0,0,2,4,2,3,0,3,0
9771,4,3,406,2017,3,1,16,0,0,1,0,0,0,0,1,4,2,3,0,3,0
9772,4,7,417,2017,3,1,19,0,0,1,0,0,0,0,1,3,7,3,1,3,0
9773,3,4,315,2017,3,1,3,0,1,1,0,0,0,0,2,1,5,3,0,3,0
9774,3,1,309,2017,3,1,22,0,0,1,0,0,0,0,1,5,3,3,0,3,0
9775,4,6,415,2017,3,1,15,0,1,1,0,0,0,0,2,5,3,3,1,3,0
9776,1,16,136,2017,3,7,23,0,0,1,0,0,0,0,1,2,6,3,0,3,0
9777,5,2,506,2017,3,7,1,0,0,1,1,0,0,0,2,6,7,3,0,3,0
9778,4,9,425,2017,3,7,17,0,0,1,0,0,0,0,1,4,2,3,0,2,1
9779,4,11,430,2017,3,7,18,0,0,1,0,0,0,0,1,9,7,3,0,3,0
9780,5,1,501,2017,3,7,22,0,1,1,0,0,0,0,2,3,2,3,0,3,0
9781,4,6,415,2017,3,7,9,0,0,1,0,0,0,0,1,5,3,3,0,3,0
9782,2,8,220,2017,3,7,17,0,1,1,0,0,0,0,2,4,2,3,0,3,0
9783,4,10,427,2017,3,1,20,0,0,1,1,0,0,0,2,6,2,3,1,3,0
9784,2,8,220,2017,3,7,1,0,0,1,0,0,0,0,1,3,7,3,0,3,0
9785,1,4,111,2017,3,7,14,0,0,1,0,0,0,1,2,0,2,3,0,3,0
9786,1,4,112,2017,3,7,16,0,0,1,0,0,0,0,1,2,2,3,0,3,0
9787,1,3,108,2017,3,7,12,0,0,1,0,0,0,0,1,4,3,3,0,3,0
9788,7,10,711,2017,3,6,14,0,0,1,0,1,0,0,2,2,6,3,0,3,0
9789,7,1,702,2017,3,6,7,0,0,1,0,0,0,0,1,2,6,3,0,2,1
9790,1,16,136,2017,3,6,18,0,0,1,0,0,0,0,1,1,7,3,0,3,0
9791,6,1,601,2017,3,6,14,0,0,1,0,0,0,0,1,2,6,3,0,3,0
9792,6,1,601,2017,3,6,9,0,0,1,0,0,0,0,1,1,6,3,0,3,0