SN,District,Imperial_Circle,Community,Year,Month,Weekday,Hour,Road,Cycle,Car,Pedestrians,Motorcycle,Goods Vehicle,Others,Total,Collision Type,Accident Type,Light Condition,Road Condition,Accident_Severity,Severity
9793,1,12,130,2017,3,6,8,0,0,1,0,0,0,0,1,2,2,3,0,3,0
9794,1,8,121,2017,3,6,15,0,1,0,0,0,0,0,1,3,2,3,0,3,0
9795,1,8,122,2017,3,6,8,0,0,1,0,0,0,0,1,2,6,3,0,3,0
9796,5,18,526,2017,3,6,7,0,0,1,1,0,0,0,2,6,3,3,0,3,0
9797,5,2,507,2017,3,6,14,0,0,1,0,0,0,0,1,2,6,3,0,2,1
9798,4,9,424,2017,3,6,12,0,1,0,1,0,0,0,2,6,3,3,0,2,1
9799,5,2,508,2017,3,6,16,0,0,1,0,1,0,0,2,2,2,3,0,3,0
9800,5,11,519,2017,3,6,14,0,0,1,0,0,0,0,1,1,6,3,0,3,0
9801,5,11,519,2017,3,6,15,0,0,0,0,1,0,0,1,0,7,3,0,3,0
9802,2,1,206,2017,3,1,4,0,1,1,0,0,0,0,2,5,3,3,0,3,0
9803,1,16,137,2017,3,7,22,0,0,0,0,1,0,0,1,9,1,3,0,3,0
9804,4,7,416,2017,3,6,19,0,0,1,0,0,0,0,1,0,2,3,0,3,0
9805,1,5,113,2017,3,6,16,0,0,1,0,0,0,0,1,1,6,3,0,3,0
9806,6,1,601,2017,3,7,11,0,0,1,0,0,0,0,1,2,7,3,0,2,1
9807,4,8,423,2017,3,6,13,0,0,1,0,0,0,0,1,2,6,3,0,3,0
9808,1,8,122,2017,3,7,5,0,0,1,0,0,0,0,1,0,1,3,1,3,0
9809,5,1,504,2017,3,6,16,0,0,1,0,0,0,0,1,2,6,3,0,3,0
9810,4,7,416,2017,3,6,21,0,1,1,0,0,0,0,2,5,3,3,0,3,0
9811,4,9,425,2017,3,7,13,0,0,1,0,0,0,1,2,2,6,3,1,3,0
9812,2,11,224,2017,3,6,9,0,1,1,0,0,0,0,2,5,3,3,0,3,0
9813,4,2,405,2017,3,6,17,0,1,1,0,0,0,0,2,5,3,3,0,3,0
9814,2,1,206,2017,3,6,15,0,0,1,0,0,0,1,2,2,6,3,0,3,0
9815,2,1,206,2017,3,6,9,0,1,0,0,0,0,0,1,4,6,3,0,3,0
9816,3,2,311,2017,3,6,17,0,0,1,1,0,0,0,2,6,4,3,0,3,0
9817,1,4,111,2017,3,6,19,0,0,0,1,0,0,1,2,6,4,3,0,3,0
9818,1,1,101,2017,3,6,14,0,0,1,0,0,0,0,1,5,2,3,0,3,0
9819,7,1,702,2017,3,6,13,0,0,1,0,1,0,0,2,5,3,3,0,3,0
9820,7,13,714,2017,3,5,6,0,0,1,0,0,0,0,1,1,6,3,0,3,0
9821,7,10,711,2017,3,5,12,0,0,1,0,0,0,0,1,2,7,3,0,3,0
9822,6,2,603,2017,3,5,7,0,1,1,0,0,0,0,2,5,2,3,0,3,0
9823,1,12,130,2017,3,5,16,0,0,1,1,0,0,0,2,6,4,3,0,3,0
9824,1,8,124,2017,3,5,18,0,0,1,0,0,0,0,1,4,6,3,0,2,1
9825,5,5,513,2017,3,5,15,0,0,1,0,0,0,0,1,2,6,3,0,3,0
9826,5,17,525,2017,3,7,23,0,1,0,0,0,0,0,1,0,7,3,0,3,0
9827,4,5,413,2017,3,7,23,0,0,1,0,0,0,0,1,2,2,3,0,3,0
9828,4,8,419,2017,5,1,13,0,0,1,0,1,0,0,2,2,6,3,0,3,0
9829,2,7,219,2017,5,1,15,0,1,1,0,0,0,0,2,1,7,3,0,3,0
9830,3,1,307,2017,5,1,19,0,1,0,0,0,0,0,1,3,2,3,0,3,0
9831,2,7,219,2017,5,1,14,0,1,1,0,0,0,0,2,0,5,3,0,3,0
9832,3,2,312,2017,5,1,19,0,0,1,0,0,0,0,1,3,5,3,0,3,0
9833,3,2,311,2017,5,1,14,0,0,1,0,0,0,0,1,1,7,3,0,3,0
9834,1,4,109,2017,5,1,2,0,1,1,0,0,0,0,2,1,5,3,0,3,0
9835,5,18,526,2017,4,2,13,0,0,0,0,1,0,0,1,0,7,3,1,3,0
9836,6,2,602,2017,5,7,12,0,0,1,0,0,0,0,1,5,2,3,0,3,0
9837,5,2,505,2017,4,2,16,0,1,1,0,0,0,0,2,5,3,3,0,3,0
9838,5,7,515,2017,4,2,14,0,0,1,0,0,0,0,1,2,2,3,0,3,0
9839,4,12,431,2017,4,2,17,0,0,1,0,0,0,0,1,2,6,3,0,3,0
9840,1,14,132,2017,5,7,14,0,0,1,1,0,0,0,2,6,7,3,0,3,0
9841,1,14,133,2017,5,7,16,0,0,1,0,0,0,0,1,4,2,3,0,3,0
9842,3,9,321,2017,4,2,12,0,1,1,0,0,0,0,2,0,5,3,0,3,0
9843,1,14,132,2017,5,7,14,0,1,1,0,0,0,0,2,1,5,3,0,3,0
9844,5,11,519,2017,5,7,11,0,0,1,0,1,0,0,2,1,5,3,0,3,0
9845,5,14,522,2017,5,7,17,0,0,1,1,0,0,0,2,6,7,3,0,3,0
9846,4,10,428,2017,5,7,15,0,0,1,0,0,0,0,1,2,6,3,0,3,0
9847,3,9,321,2017,5,7,17,0,0,1,0,0,0,0,1,2,6,3,0,3,0
9848,1,1,101,2017,5,7,20,0,0,1,0,1,0,0,2,1,6,3,0,3,0
9849,1,3,108,2017,5,7,19,0,1,0,1,0,0,0,2,6,3,3,0,3,0
9850,4,7,416,2017,5,2,8,0,0,1,0,0,0,1,2,2,6,3,0,3,0
9851,7,9,710,2017,5,6,16,0,0,1,0,0,0,0,1,4,1,3,1,3,0
9852,7,1,701,2017,5,6,4,0,0,1,1,0,0,0,2,6,4,3,1,3,0
9853,1,12,130,2017,5,6,12,0,0,1,1,0,0,0,2,6,4,3,1,3,0
9854,1,8,122,2017,5,6,6,0,1,1,0,0,0,0,2,5,2,3,1,3,0
9855,5,5,513,2017,5,6,22,0,0,1,0,0,0,1,2,4,1,3,0,3,0
9856,5,18,526,2017,5,6,5,0,0,1,0,0,0,1,2,4,6,3,1,3,0
9857,5,2,507,2017,5,6,13,0,0,1,0,0,0,0,1,2,6,3,0,3,0
9858,5,2,507,2017,5,6,12,0,0,1,0,0,0,0,1,2,6,3,1,2,1
9859,5,7,515,2017,5,6,11,0,1,1,0,0,0,0,2,0,2,3,1,3,0
9860,5,7,515,2017,5,6,10,0,0,1,0,0,0,0,1,5,3,3,1,3,0
9861,5,7,515,2017,5,6,11,0,0,1,0,0,0,0,1,1,6,3,1,3,0
9862,5,7,515,2017,5,6,16,0,0,1,0,0,0,0,1,5,5,3,1,3,0
9863,5,17,525,2017,5,6,13,0,1,1,0,0,0,0,2,5,3,3,1,3,0
9864,5,17,525,2017,5,6,16,0,0,1,0,0,0,0,1,8,7,3,1,3,0
9865,4,13,432,2017,5,6,17,0,0,1,0,0,0,0,1,5,2,3,1,3,0
9866,4,12,431,2017,5,6,13,0,0,1,0,0,0,0,1,3,7,3,1,3,0
9867,4,5,413,2017,5,6,8,0,1,1,0,0,0,0,2,5,3,3,1,3,0
9868,3,9,321,2017,5,6,8,0,1,1,0,0,0,0,2,5,3,3,1,3,0
9869,3,9,321,2017,5,6,5,0,0,0,0,1,0,0,1,0,7,3,1,3,0
9870,2,9,221,2017,5,6,13,0,0,0,0,0,0,1,1,2,6,3,1,3,0
9871,3,7,319,2017,5,6,14,0,0,1,0,0,0,0,1,4,2,3,1,3,0
9872,6,3,604,2017,4,1,0,0,0,1,0,0,0,0,1,1,5,3,1,3,0
9873,5,4,512,2017,4,1,18,0,0,1,0,0,0,1,2,3,6,3,0,3,0
9874,5,2,509,2017,4,1,15,0,0,1,0,0,0,0,1,2,6,3,0,3,0
9875,3,2,311,2017,5,6,11,0,0,0,1,0,0,1,2,0,4,3,1,3,0
9876,1,3,106,2017,5,6,15,0,0,1,1,0,0,0,2,6,2,3,0,3,0
9877,2,4,212,2017,4,1,12,0,0,1,1,0,0,0,2,6,7,3,0,3,0
9878,1,1,102,2017,5,6,12,0,0,1,1,0,0,0,2,6,4,3,1,3,0
9879,1,5,114,2017,5,6,11,0,0,1,0,0,0,0,1,1,6,3,1,3,0
9880,2,8,220,2017,4,1,11,0,0,1,0,0,0,0,1,1,5,3,0,3,0
9881,7,11,712,2017,5,6,15,0,0,1,0,0,0,0,1,2,6,3,1,3,0
9882,2,6,218,2017,4,1,0,0,0,1,0,0,0,0,1,8,1,3,1,3,0
9883,7,1,702,2017,5,5,19,0,0,1,0,0,0,1,2,4,6,3,1,3,0
9884,1,4,111,2017,4,1,20,0,1,0,0,0,0,0,1,0,1,3,1,3,0
9885,7,10,711,2017,5,5,10,0,0,1,0,1,0,0,2,0,1,3,1,3,0
9886,6,14,615,2017,5,5,16,0,0,1,0,0,0,0,1,5,2,3,1,3,0
9887,6,2,603,2017,5,5,8,0,0,1,0,0,0,0,1,2,3,3,1,3,0
9888,1,12,130,2017,5,5,16,0,0,1,0,1,0,0,2,5,3,3,1,2,1
9889,1,14,132,2017,5,5,13,0,0,1,0,0,0,0,1,2,6,3,1,3,0
9890,7,16,717,2017,4,7,11,0,0,1,1,0,0,0,2,6,4,3,1,3,0
9891,1,6,117,2017,5,5,9,0,0,1,0,0,0,1,2,2,6,3,1,3,0
9892,1,8,121,2017,5,5,0,0,0,1,0,0,0,1,2,4,2,3,0,3,0
9893,7,13,714,2017,4,7,11,0,0,1,0,0,0,0,1,1,7,3,1,3,0
9894,5,10,518,2017,5,5,7,0,0,1,0,0,0,0,1,2,6,3,1,3,0
9895,4,12,431,2017,5,5,22,0,0,1,0,0,0,0,1,0,3,3,1,3,0
9896,7,14,715,2017,4,7,14,0,0,1,0,0,0,0,1,3,6,3,1,3,0
9897,4,3,406,2017,5,5,8,0,1,1,0,0,0,0,2,5,3,3,1,3,0
9898,4,5,411,2017,5,5,7,0,0,1,0,0,0,0,1,5,3,3,1,3,0
9899,3,8,320,2017,5,5,14,0,0,1,0,0,0,1,2,1,1,3,0,3,0
9900,3,7,319,2017,5,5,12,0,0,1,0,0,0,1,2,2,6,3,0,3,0
9901,2,1,204,2017,5,5,15,0,1,1,0,0,0,0,2,5,2,3,0,3,0
9902,2,4,214,2017,5,5,9,0,0,1,0,0,0,0,1,2,6,3,1,3,0
9903,3,2,312,2017,5,5,20,0,1,0,0,0,0,0,1,4,6,3,1,3,0
9904,3,2,311,2017,5,5,9,0,1,0,0,0,0,0,1,0,7,3,1,3,0
9905,3,1,310,2017,5,5,16,0,1,1,0,0,0,0,2,5,2,3,0,3,0
9906,1,1,101,2017,5,5,4,0,0,1,0,0,0,0,1,4,1,3,0,1,1
9907,1,1,101,2017,5,5,13,0,0,0,1,0,0,1,2,6,4,3,0,3,0
9908,7,12,713,2017,5,4,15,0,0,1,0,0,0,0,1,1,6,3,0,3,0
9909,6,2,602,2017,5,4,11,0,1,0,0,0,0,0,1,3,6,3,0,3,0
9910,1,11,129,2017,5,4,14,0,0,1,0,0,0,0,1,2,6,3,0,3,0
9911,5,18,526,2017,5,4,11,0,0,1,0,0,0,0,1,5,2,3,0,3,0
9912,5,18,526,2017,5,4,12,0,1,1,0,0,0,0,2,5,7,3,0,3,0
9913,1,16,137,2017,4,7,15,0,0,1,1,0,0,0,2,6,4,3,1,2,1
9914,1,16,136,2017,4,7,12,0,0,1,0,0,0,0,1,2,6,3,0,3,0
9915,6,2,602,2017,4,7,17,0,0,0,1,0,0,1,2,6,7,3,1,3,0
9916,5,3,510,2017,5,4,15,0,0,1,0,0,0,0,1,2,6,3,0,3,0
9917,6,2,602,2017,4,7,2,0,0,1,0,0,0,0,1,8,1,3,1,3,0
9918,5,2,509,2017,5,4,12,0,1,1,0,0,0,0,2,5,3,3,0,3,0
9919,5,2,509,2017,4,7,14,0,1,1,0,0,0,0,2,5,3,3,1,3,0
9920,5,9,517,2017,4,7,17,0,0,1,0,0,0,0,1,1,6,3,0,3,0
9921,4,11,430,2017,5,1,17,0,0,1,0,0,0,0,1,5,3,3,0,3,0
9922,5,10,518,2017,5,4,8,0,1,0,0,0,0,1,2,4,2,3,0,3,0
9923,4,13,432,2017,5,4,15,0,1,1,0,0,0,0,2,4,3,3,0,3,0
9924,4,5,408,2017,5,4,17,0,1,1,0,0,0,0,2,0,7,3,0,3,0
9925,3,8,320,2017,5,4,15,0,0,1,0,0,0,1,2,0,7,3,0,3,0
9926,3,9,321,2017,5,4,9,0,1,1,0,0,0,0,2,5,3,3,0,3,0
9927,4,2,404,2017,5,4,18,0,1,0,0,0,0,0,1,0,7,3,0,3,0
9928,3,1,305,2017,5,4,16,0,0,1,0,1,0,0,2,0,7,3,0,3,0
9929,3,5,317,2017,5,4,13,0,0,1,0,0,0,0,1,5,3,3,0,3,0
9930,4,2,403,2017,4,7,13,0,0,1,0,0,0,0,1,3,6,3,1,3,0
9931,2,1,206,2017,4,7,15,0,0,1,0,0,0,0,1,1,6,3,1,3,0
9932,3,2,312,2017,4,7,13,0,0,1,1,0,0,0,2,6,7,3,0,3,0
9933,4,1,401,2017,5,4,8,0,1,1,0,0,0,0,2,4,2,3,0,3,0
9934,3,5,317,2017,5,4,18,0,1,1,0,0,0,0,2,2,6,3,0,3,0
9935,2,3,208,2017,5,4,15,0,0,1,0,0,0,0,1,2,6,3,0,3,0
9936,2,3,209,2017,5,4,13,0,0,1,0,0,0,1,2,3,6,3,0,3,0
9937,3,3,313,2017,5,4,15,0,0,1,0,0,0,0,1,1,6,3,0,3,0
9938,3,3,313,2017,5,4,18,0,1,1,0,0,0,0,2,5,3,3,0,3,0
9939,2,2,207,2017,5,4,18,0,1,1,0,0,0,0,2,1,5,3,0,3,0
9940,3,3,313,2017,4,7,9,0,0,1,0,0,0,0,1,4,2,3,0,3,0
9941,6,2,602,2017,4,6,21,0,0,1,1,0,0,0,2,6,4,3,1,3,0
9942,1,12,130,2017,4,6,20,0,0,1,0,0,0,0,1,3,7,3,1,3,0
9943,5,18,526,2017,4,6,17,0,0,1,0,0,0,0,1,5,3,3,1,3,0
9944,1,4,112,2017,5,4,17,0,1,0,0,0,0,0,1,0,7,3,0,3,0
9945,1,3,108,2017,5,4,15,0,1,1,0,0,0,0,2,5,3,3,0,3,0
9946,1,5,114,2017,5,4,16,0,0,1,1,0,0,0,2,6,7,3,0,3,0
9947,1,5,113,2017,5,4,11,0,1,1,0,0,0,0,2,5,3,3,0,3,0
9948,5,8,516,2017,4,6,20,0,0,1,0,0,0,0,1,2,6,3,1,3,0
9949,6,14,615,2017,5,3,7,0,1,1,0,0,0,0,2,5,3,3,0,3,0
9950,4,6,415,2017,4,6,20,0,0,1,1,0,0,0,2,6,4,3,1,2,1
9951,1,12,130,2017,5,3,16,0,0,1,0,0,0,0,1,2,6,3,1,3,0
9952,1,8,124,2017,5,3,16,0,1,1,0,0,0,0,2,0,3,3,1,3,0
9953,1,8,122,2017,5,3,17,0,0,1,1,0,0,0,2,6,4,3,1,2,1
9954,5,6,514,2017,5,3,18,0,0,1,0,0,0,0,1,1,6,3,1,3,0
9955,5,4,512,2017,5,3,17,0,0,1,1,0,0,0,2,6,4,3,1,3,0
9956,5,2,505,2017,5,3,18,0,1,0,1,0,0,0,2,6,4,3,0,3,0
9957,5,2,507,2017,5,3,6,0,1,0,0,0,0,1,2,3,2,3,0,2,1
9958,5,7,515,2017,5,3,19,0,1,0,1,0,0,0,2,6,3,3,0,3,0
9959,2,5,215,2017,5,2,18,0,0,1,0,0,0,1,2,5,3,3,0,3,0
9960,5,7,515,2017,5,3,17,0,1,1,0,0,0,0,2,5,2,3,1,3,0
9961,4,4,407,2017,5,3,12,0,1,0,1,0,0,0,2,6,3,3,0,3,0
9962,4,5,413,2017,5,3,9,0,1,0,0,0,0,0,1,0,7,3,0,3,0
9963,4,7,416,2017,5,3,21,0,1,1,0,0,0,0,2,5,2,3,1,3,0
9964,4,8,419,2017,5,3,13,0,1,1,0,0,0,0,2,5,3,3,0,3,0
9965,4,7,416,2017,5,3,8,0,1,1,0,0,0,0,2,5,2,3,0,3,0
9966,3,8,320,2017,5,3,6,0,0,1,0,1,0,0,2,3,6,3,0,3,0
9967,3,1,304,2017,5,3,17,0,0,1,1,0,0,0,2,6,5,3,1,3,0
9968,3,1,304,2017,5,3,7,0,1,1,0,0,0,0,2,5,3,3,0,3,0
9969,3,2,311,2017,5,3,18,0,1,1,0,0,0,0,2,5,3,3,1,3,0
9970,1,3,108,2017,5,3,21,0,0,1,0,0,0,0,1,4,2,3,1,3,0
9971,1,5,114,2017,5,3,18,0,1,0,1,0,0,0,2,6,4,3,0,3,0
9972,2,8,220,2017,5,2,14,0,0,1,0,1,0,0,2,2,6,3,0,3,0
9973,2,4,214,2017,5,2,13,0,1,0,1,0,0,0,2,0,7,3,0,3,0
9974,1,3,106,2017,5,2,12,0,0,0,1,0,0,1,2,6,4,3,0,3,0
9975,7,14,715,2017,4,5,11,0,1,1,0,0,0,0,2,5,3,3,1,3,0
9976,7,1,702,2017,4,5,19,0,1,1,0,0,0,0,2,3,2,3,0,3,0
9977,6,1,601,2017,4,5,15,0,0,1,0,0,0,1,2,1,1,3,0,3,0
9978,6,1,601,2017,4,5,11,0,1,1,0,0,0,0,2,5,3,3,0,3,0
9979,1,3,107,2017,5,2,16,0,1,0,1,0,0,0,2,6,6,3,0,2,1
9980,6,5,606,2017,4,5,11,0,1,0,0,0,0,1,2,1,5,3,0,2,1
9981,1,11,128,2017,4,5,18,0,0,1,0,0,0,0,1,5,3,3,1,3,0
9982,7,12,713,2017,4,1,14,0,0,0,0,1,0,0,1,3,2,3,0,3,0
9983,7,11,712,2017,4,1,13,0,0,1,0,1,0,0,2,8,1,3,0,2,1
9984,7,3,704,2017,4,1,13,0,1,0,0,1,0,0,2,2,6,3,0,3,0
9985,5,18,526,2017,4,1,5,0,0,1,0,0,0,0,1,9,7,3,0,3,0
9986,3,8,320,2017,4,1,12,0,0,1,0,0,0,0,1,3,7,3,0,3,0
9987,2,7,219,2017,4,1,9,0,0,1,0,0,0,1,2,2,6,3,0,3,0
9988,6,1,601,2017,4,7,12,0,0,1,1,0,0,0,2,6,3,3,0,3,0
9989,5,18,526,2017,4,7,16,0,0,1,0,0,0,0,1,1,5,3,0,3,0
9990,5,2,507,2017,4,7,8,0,0,1,0,0,0,0,1,5,2,3,0,3,0
9991,5,7,515,2017,4,7,15,0,0,1,0,0,0,0,1,2,6,3,0,3,0
9992,5,7,515,2017,4,7,17,0,0,1,1,0,0,0,2,6,4,3,0,2,1
9993,1,13,131,2017,4,5,14,0,0,0,0,1,0,0,1,0,1,3,0,3,0
9994,5,11,519,2017,4,7,9,0,0,0,0,1,0,0,1,0,7,3,1,3,0
9995,4,11,430,2017,4,7,10,0,0,1,0,0,0,0,1,2,2,3,0,3,0
9996,5,2,508,2017,4,5,14,0,0,1,0,1,0,0,2,1,5,3,0,2,1
9997,5,1,501,2017,4,7,17,0,0,1,0,0,0,0,1,5,2,3,1,3,0
9998,5,12,520,2017,4,5,10,0,0,1,0,0,0,0,1,2,6,3,0,3,0
9999,4,7,417,2017,4,7,8,0,0,1,1,0,0,0,2,6,4,3,1,3,0
10000,4,6,414,2017,4,7,8,0,0,1,0,0,0,0,1,3,2,3,1,3,0
10001,2,14,227,2017,4,7,16,0,0,1,0,0,0,0,1,1,5,3,0,3,0
10002,2,5,217,2017,4,7,8,0,0,1,0,0,0,0,1,2,6,3,0,3,0
10003,3,5,317,2017,4,7,13,0,0,1,0,0,0,0,1,4,2,3,0,3,0
10004,1,5,114,2017,4,7,15,0,0,1,0,0,0,0,1,1,6,3,1,3,0
10005,7,12,713,2017,4,6,16,0,0,1,0,0,0,1,2,2,6,3,0,3,0
10006,1,6,116,2017,5,1,13,0,1,1,0,0,0,0,2,5,2,3,0,3,0
10007,7,1,701,2017,4,6,12,0,0,1,0,0,0,0,1,2,6,3,0,3,0
10008,7,1,702,2017,4,6,12,0,0,1,0,0,0,0,1,2,6,3,1,3,0
10009,6,2,602,2017,4,6,7,0,0,0,1,0,0,1,2,6,4,3,0,3,0
10010,6,14,615,2017,4,6,7,0,0,1,1,0,0,0,2,6,4,3,0,3,0
10011,1,13,131,2017,4,6,16,0,0,0,0,0,0,1,1,5,3,3,1,3,0
10012,1,12,130,2017,4,6,16,0,0,1,0,1,0,0,2,2,2,3,1,3,0
10013,1,12,130,2017,4,6,17,0,0,1,0,0,0,0,1,1,5,3,1,3,0
10014,4,13,432,2017,4,5,13,0,0,1,1,0,0,0,2,6,4,3,1,3,0
10015,4,13,432,2017,4,5,16,0,0,1,0,0,0,0,1,3,5,3,0,3,0
10016,4,5,409,2017,4,5,8,0,0,1,0,0,0,0,1,5,3,3,0,3,0
10017,1,8,125,2017,4,6,16,0,1,1,0,0,0,0,2,4,2,3,0,3,0
10018,1,8,122,2017,4,6,12,0,0,1,0,0,0,0,1,2,6,3,1,3,0
10019,4,5,409,2017,4,5,8,0,0,1,0,0,0,0,1,2,6,3,1,3,0
10020,5,5,513,2017,4,6,7,0,1,1,0,0,0,0,2,5,3,3,0,3,0
10021,5,1,501,2017,4,5,17,0,0,1,0,0,0,0,1,5,3,3,1,3,0
10022,5,2,507,2017,4,6,12,0,0,1,0,0,0,0,1,1,6,3,1,3,0
10023,5,8,516,2017,4,6,21,0,1,0,1,0,0,0,2,6,7,3,1,3,0
10024,5,7,515,2017,4,6,13,0,1,0,0,0,0,1,2,1,5,3,0,3,0
10025,5,12,520,2017,4,6,12,0,0,1,0,0,0,0,1,2,6,3,0,3,0
10026,5,10,518,2017,4,6,12,0,0,1,0,1,0,0,2,5,3,3,0,3,0
10027,4,13,432,2017,4,6,16,0,1,1,0,0,0,0,2,5,3,3,1,3,0
10028,4,8,421,2017,4,6,23,0,0,1,0,0,0,0,1,9,1,3,1,3,0
10029,2,8,220,2017,4,6,6,0,0,1,0,0,0,0,1,1,6,3,0,3,0
10030,2,1,205,2017,4,6,20,0,0,1,0,0,0,1,2,2,6,3,1,3,0
10031,2,4,213,2017,4,6,15,0,1,1,0,0,0,0,2,1,5,3,0,3,0
10032,2,3,210,2017,4,6,8,0,1,0,0,0,0,0,1,0,7,3,0,3,0
10033,4,6,414,2017,5,2,10,0,0,1,0,0,0,0,1,3,2,3,1,3,0
10034,3,2,311,2017,4,6,7,0,0,1,1,0,0,0,2,6,4,3,0,2,1
10035,1,5,114,2017,4,6,20,0,1,0,1,0,0,0,2,6,6,3,1,3,0
10036,2,8,220,2017,4,5,11,0,0,1,0,0,0,0,1,2,6,3,1,3,0
10037,3,8,320,2017,4,5,10,0,0,1,0,0,0,0,1,4,2,3,0,3,0
10038,6,14,615,2017,4,5,12,0,1,0,0,0,0,0,1,0,7,3,0,3,0
10039,3,1,306,2017,4,5,17,0,1,1,0,0,0,0,2,1,5,3,1,3,0
10040,3,5,317,2017,4,5,17,0,1,1,0,0,0,0,2,0,6,3,0,3,0
10041,3,4,316,2017,4,5,6,0,1,1,0,0,0,0,2,5,3,3,0,3,0
10042,2,1,201,2017,4,5,10,0,0,1,0,1,0,0,2,0,7,3,1,3,0
10043,1,3,107,2017,4,5,11,0,1,1,0,0,0,0,2,0,2,3,1,3,0
10044,1,11,129,2017,4,5,17,0,1,0,1,0,0,0,2,6,6,3,0,3,0
10045,1,6,115,2017,4,5,16,0,0,1,0,0,0,0,1,2,6,3,0,3,0
10046,1,14,133,2017,4,5,15,0,0,1,0,0,0,0,1,1,6,3,0,3,0
10047,1,14,132,2017,4,5,18,0,1,0,0,0,0,0,1,0,7,3,0,3,0
10048,5,6,514,2017,4,5,16,0,1,0,0,0,0,0,1,4,6,3,1,3,0
10049,5,3,511,2017,4,5,12,0,0,1,0,0,0,1,2,5,3,3,0,3,0
10050,5,2,505,2017,4,5,11,0,1,0,0,0,0,1,2,5,3,3,0,3,0
10051,5,3,511,2017,4,5,18,0,0,1,0,0,0,0,1,5,3,3,0,3,0
10052,5,2,509,2017,4,5,12,0,0,1,1,0,0,0,2,6,7,3,0,3,0
10053,4,11,430,2017,4,5,18,0,0,1,0,0,0,0,1,2,6,3,0,3,0
10054,4,13,432,2017,4,5,10,0,0,1,0,0,0,0,1,7,7,3,0,3,0
10055,1,16,137,2017,5,1,16,0,1,1,0,0,0,0,2,5,3,3,0,3,0
10056,2,5,217,2017,4,5,7,0,0,0,1,0,0,1,2,6,3,3,0,3,0
10057,3,5,317,2017,4,5,8,0,0,1,0,0,0,0,1,1,6,3,0,3,0
10058,2,1,204,2017,4,5,19,0,0,1,0,0,0,1,2,3,6,3,0,3,0
10059,2,1,201,2017,4,5,9,0,1,1,0,0,0,0,2,3,2,3,0,3,0
10060,1,5,114,2017,4,5,17,0,1,0,0,0,0,0,1,5,3,3,0,3,0
10061,1,16,137,2017,4,4,10,0,0,1,0,0,0,0,1,2,6,3,0,3,0
10062,6,2,603,2017,4,4,20,0,1,1,0,0,0,0,2,5,3,3,0,3,0
10063,6,14,615,2017,4,4,7,0,0,1,0,0,0,0,1,8,7,3,0,3,0
10064,5,18,526,2017,4,4,16,0,0,1,0,0,0,1,2,3,2,3,0,3,0
10065,5,5,513,2017,4,4,9,0,0,1,0,0,0,0,1,2,7,3,0,3,0
10066,1,4,112,2017,5,2,7,0,0,1,0,0,0,0,1,2,6,3,0,3,0
10067,5,4,512,2017,4,4,8,0,1,0,0,0,0,0,1,2,6,3,0,3,0
10068,5,4,512,2017,4,4,7,0,0,0,1,0,0,1,2,0,4,3,0,3,0
10069,5,2,506,2017,4,4,17,0,0,1,0,0,0,0,1,5,3,3,0,3,0
10070,4,12,431,2017,4,4,12,0,0,1,1,0,0,0,2,6,3,3,1,3,0
10071,4,13,432,2017,4,4,7,0,1,0,1,0,0,0,2,6,6,3,0,3,0
10072,1,1,101,2017,4,5,14,0,0,1,0,0,0,0,1,3,6,3,1,3,0
10073,1,5,114,2017,4,5,11,0,0,0,0,0,0,1,1,0,7,3,1,3,0
10074,4,10,426,2017,4,4,16,0,0,1,0,0,0,0,1,5,3,3,0,3,0
10075,4,8,423,2017,4,4,15,0,0,1,0,0,0,0,1,2,6,3,0,3,0
10076,4,10,426,2017,4,4,7,0,0,1,0,0,0,0,1,1,6,3,0,3,0
10077,4,7,417,2017,4,4,15,0,0,0,0,1,0,0,1,0,7,3,1,3,0
10078,2,14,227,2017,4,4,19,0,0,1,0,1,0,0,2,0,7,3,0,3,0
10079,2,11,224,2017,4,4,7,0,0,1,1,0,0,0,2,0,7,3,0,3,0
10080,2,9,221,2017,4,4,12,0,0,1,0,0,0,0,1,2,6,3,0,3,0
10081,2,5,217,2017,4,4,16,0,0,0,1,0,0,1,2,6,4,3,0,2,1
10082,4,3,406,2017,4,4,17,0,0,1,0,0,0,0,1,1,6,3,0,3,0
10083,3,2,312,2017,4,4,16,0,0,0,1,0,0,1,2,6,4,3,0,3,0
10084,3,3,314,2017,4,4,14,0,0,1,1,0,0,0,2,6,7,3,0,3,0
10085,4,8,419,2017,5,1,17,0,0,1,0,0,0,0,1,5,3,3,0,2,1
10086,1,19,140,2017,4,4,11,0,0,1,0,1,0,0,2,2,6,3,1,3,0
10087,3,3,313,2017,4,4,9,0,1,1,0,0,0,0,2,3,3,3,0,3,0
10088,1,16,137,2017,4,4,15,0,0,0,0,0,0,1,1,5,2,3,1,3,0
10089,3,3,313,2017,4,4,9,0,1,0,0,0,0,0,1,5,3,3,0,3,0
10090,1,1,102,2017,4,4,18,0,0,1,1,0,0,0,2,0,7,3,0,3,0
10091,1,11,128,2017,4,3,8,0,1,1,0,0,0,0,2,5,3,3,1,3,0
10092,1,11,129,2017,4,3,16,0,0,1,0,0,0,0,1,2,6,3,0,3,0
10093,5,6,514,2017,4,3,14,0,0,1,0,0,0,0,1,0,7,3,0,3,0
10094,5,18,526,2017,4,3,7,0,0,1,0,0,0,0,1,5,3,3,1,3,0
10095,5,3,510,2017,4,3,8,0,1,1,1,0,0,0,3,0,7,3,1,3,0
10096,4,5,410,2017,4,3,14,0,1,1,0,0,0,0,2,5,3,3,0,3,0
10097,4,5,413,2017,4,3,10,0,0,1,0,0,0,0,1,5,7,3,0,3,0