SN,District,Imperial_Circle,Community,Year,Month,Weekday,Hour,Road,Cycle,Car,Pedestrians,Motorcycle,Goods Vehicle,Others,Total,Collision Type,Accident Type,Light Condition,Road Condition,Accident_Severity,Severity
10098,5,9,517,2017,5,1,11,0,1,1,0,0,0,0,2,1,3,3,0,3,0
10099,4,5,409,2017,4,3,8,0,1,0,0,0,0,0,1,0,7,3,1,3,0
10100,5,1,504,2017,5,2,17,0,0,1,0,0,0,0,1,3,6,3,0,3,0
10101,2,9,221,2017,4,3,14,0,0,1,0,1,0,0,2,4,6,3,0,3,0
10102,2,11,224,2017,4,3,16,0,0,1,1,0,0,0,2,0,7,3,0,3,0
10103,2,9,221,2017,4,3,12,0,1,0,1,0,0,0,2,6,6,3,0,3,0
10104,2,1,203,2017,4,3,18,0,0,1,0,0,0,0,1,5,3,3,0,3,0
10105,3,2,312,2017,4,3,8,0,0,1,0,0,0,0,1,2,6,3,1,3,0
10106,1,4,112,2017,4,3,16,0,0,1,1,0,0,0,2,6,6,3,0,3,0
10107,1,12,130,2017,4,4,17,0,1,1,0,0,0,0,2,3,2,3,1,3,0
10108,1,20,141,2017,4,2,13,0,0,1,0,0,0,0,1,1,6,3,0,3,0
10109,7,12,713,2017,4,2,9,0,0,1,0,0,0,1,2,4,2,3,0,2,1
10110,5,18,526,2017,4,4,8,0,0,1,1,0,0,0,2,6,4,3,1,2,1
10111,5,6,514,2017,4,4,10,0,0,1,0,0,0,0,1,5,2,3,1,3,0
10112,7,9,710,2017,4,2,18,0,0,1,0,0,0,0,1,2,6,3,1,3,0
10113,6,2,602,2017,4,2,15,0,1,1,0,0,0,0,2,5,3,3,0,3,0
10114,5,8,516,2017,4,2,22,0,1,0,0,0,0,0,1,0,7,3,1,3,0
10115,5,7,515,2017,4,2,17,0,0,1,0,0,0,0,1,4,2,3,1,3,0
10116,4,10,428,2017,4,2,12,0,0,1,0,0,0,0,1,2,6,3,0,3,0
10117,4,10,427,2017,4,2,11,0,1,1,0,0,0,0,2,5,3,3,0,2,1
10118,3,9,321,2017,4,2,12,0,0,1,0,0,0,0,1,9,7,3,0,3,0
10119,2,6,218,2017,4,2,16,0,0,1,0,1,0,0,2,2,6,3,0,3,0
10120,2,5,217,2017,4,2,10,0,0,1,0,0,0,0,1,3,6,3,0,3,0
10121,3,6,318,2017,4,2,19,0,1,1,0,0,0,0,2,4,2,3,1,3,0
10122,4,2,403,2017,4,2,14,0,1,1,0,0,0,0,2,4,2,3,0,3,0
10123,2,6,218,2017,5,2,11,0,0,1,0,0,0,0,1,2,2,3,0,3,0
10124,2,1,204,2017,4,2,17,0,1,1,0,0,0,0,2,0,7,3,1,3,0
10125,3,1,310,2017,4,2,17,0,0,1,0,0,0,1,2,4,2,3,1,2,1
10126,1,15,134,2017,4,1,7,0,0,1,0,0,0,0,1,0,6,3,1,3,0
10127,1,7,119,2017,4,1,3,0,0,1,0,0,0,1,2,8,1,3,1,3,0
10128,4,9,425,2017,4,4,17,0,0,1,0,0,0,0,1,2,6,3,1,3,0
10129,5,2,509,2017,4,4,12,0,0,1,0,0,0,0,1,4,2,3,1,3,0
10130,5,8,516,2017,4,4,18,0,1,1,0,0,0,0,2,5,3,3,1,3,0
10131,5,3,511,2017,4,1,14,0,0,1,0,0,0,0,1,1,3,3,1,3,0
10132,5,2,509,2017,4,1,9,0,0,1,1,0,0,0,2,6,4,3,1,3,0
10133,5,8,516,2017,4,4,15,0,0,1,0,0,0,1,2,1,7,3,1,3,0
10134,4,13,432,2017,4,1,0,0,1,0,1,0,0,0,2,6,6,3,0,2,1
10135,2,9,221,2017,4,1,19,0,1,1,0,0,0,0,2,5,3,3,0,3,0
10136,2,8,220,2017,4,1,15,0,0,1,0,0,0,0,1,0,7,3,0,3,0
10137,3,5,317,2017,4,1,12,0,1,1,0,0,0,0,2,5,3,3,0,3,0
10138,1,3,108,2017,4,1,2,0,0,1,0,0,0,0,1,5,2,3,0,3,0
10139,1,16,136,2017,4,7,1,0,0,1,0,0,0,1,2,1,5,3,1,3,0
10140,5,18,526,2017,4,7,14,0,0,1,0,0,0,0,1,5,3,3,1,3,0
10141,5,6,514,2017,4,7,12,0,0,1,0,0,0,0,1,2,6,3,1,3,0
10142,5,18,526,2017,4,7,15,0,0,1,0,0,0,0,1,5,3,3,1,3,0
10143,5,3,510,2017,4,7,14,0,1,1,0,0,0,0,2,1,5,3,1,2,1
10144,5,3,510,2017,4,7,15,0,0,1,0,0,0,0,1,4,2,3,0,3,0
10145,5,7,515,2017,4,7,13,0,0,1,0,0,0,0,1,2,6,3,1,3,0
10146,5,12,520,2017,4,7,10,0,0,1,0,0,0,1,2,2,6,3,1,3,0
10147,5,17,525,2017,4,7,10,0,0,1,0,0,0,0,1,4,7,3,0,3,0
10148,4,8,422,2017,4,7,14,0,0,1,0,0,0,1,2,2,6,3,1,3,0
10149,4,6,415,2017,4,7,14,0,0,1,0,0,0,0,1,5,3,3,1,2,1
10150,2,8,220,2017,4,7,12,0,0,1,0,0,0,0,1,5,3,3,1,3,0
10151,7,10,711,2017,4,6,21,0,0,1,0,0,0,0,1,4,2,3,1,3,0
10152,5,11,519,2017,4,4,17,0,0,1,0,0,0,0,1,1,6,3,1,3,0
10153,4,7,416,2017,4,4,10,0,0,1,1,0,0,0,2,6,4,3,1,3,0
10154,5,2,505,2017,5,1,14,0,0,1,0,0,0,0,1,3,7,3,0,3,0
10155,7,7,708,2017,4,6,8,0,0,0,0,0,0,1,1,0,7,3,0,3,0
10156,6,1,601,2017,4,6,12,0,1,0,1,0,0,0,2,6,6,3,0,3,0
10157,6,1,601,2017,4,6,16,0,1,1,0,0,0,0,2,0,2,3,1,3,0
10158,4,13,432,2017,4,6,6,0,0,1,0,0,0,1,2,2,6,3,0,3,0
10159,5,1,501,2017,4,6,15,0,0,1,0,0,0,0,1,5,3,3,0,3,0
10160,3,8,320,2017,4,6,7,0,1,0,0,0,0,0,1,0,6,3,0,3,0
10161,2,10,222,2017,4,6,7,0,1,1,0,0,0,0,2,5,3,3,0,3,0
10162,2,9,221,2017,4,4,5,0,1,1,0,0,0,0,2,5,3,3,1,3,0
10163,2,5,215,2017,4,6,13,0,0,1,0,0,0,1,2,1,2,3,0,3,0
10164,3,1,301,2017,4,6,20,0,0,1,0,0,0,0,1,5,3,3,1,3,0
10165,2,5,216,2017,4,4,13,0,0,1,0,0,0,0,1,5,3,3,1,3,0
10166,3,5,317,2017,4,6,17,0,0,0,0,1,0,1,2,0,7,3,0,3,0
10167,3,1,303,2017,4,6,10,0,1,1,0,0,0,0,2,5,7,3,0,3,0
10168,4,2,403,2017,4,6,16,0,1,0,1,0,0,0,2,6,4,3,0,3,0
10169,3,1,310,2017,4,6,8,0,1,0,0,0,0,0,1,4,6,3,0,3,0
10170,1,6,115,2017,4,6,10,0,1,1,0,0,0,0,2,5,3,3,0,3,0
10171,7,9,710,2017,4,5,16,0,0,1,0,1,0,0,2,4,6,3,0,3,0
10172,1,16,136,2017,4,5,9,0,0,1,0,0,0,0,1,4,6,3,0,3,0
10173,1,16,136,2017,4,5,5,0,0,1,0,0,0,0,1,5,3,3,0,3,0
10174,6,2,602,2017,4,5,5,0,0,1,1,0,0,0,2,5,3,3,0,3,0
10175,6,5,606,2017,4,5,14,0,1,0,0,0,0,1,2,1,5,3,0,2,1
10176,1,11,129,2017,4,5,6,0,0,1,0,1,0,0,2,3,6,3,0,2,1
10177,1,14,132,2017,4,5,16,0,0,1,0,0,0,1,2,5,3,3,0,2,1
10178,5,5,513,2017,4,5,14,0,0,1,0,1,0,0,2,5,3,3,0,3,0
10179,5,18,526,2017,4,5,16,0,1,1,0,0,0,0,2,5,3,3,0,3,0
10180,5,18,526,2017,4,5,8,0,0,1,0,0,0,0,1,1,6,3,0,3,0
10181,5,4,512,2017,4,5,9,0,0,1,0,1,0,0,2,2,6,3,0,3,0
10182,5,2,505,2017,4,5,18,0,0,1,0,0,0,0,1,5,2,3,0,3,0
10183,5,7,515,2017,4,5,14,0,1,1,0,0,0,0,2,5,3,3,0,3,0
10184,5,2,509,2017,4,5,7,0,1,1,0,0,0,0,2,2,6,3,0,3,0
10185,4,12,431,2017,4,5,14,0,0,1,1,0,0,0,2,6,7,3,0,3,0
10186,4,4,407,2017,4,5,22,0,1,0,0,0,0,0,1,0,1,3,0,3,0
10187,3,8,320,2017,5,2,16,0,0,0,1,0,0,1,2,0,4,3,0,3,0
10188,2,14,227,2017,4,5,16,0,0,1,0,0,0,0,1,5,3,3,0,3,0
10189,2,6,218,2017,4,5,9,0,1,1,0,0,0,0,2,5,7,3,0,3,0
10190,4,2,403,2017,4,5,14,0,1,0,0,0,0,0,1,0,7,3,0,2,1
10191,2,3,208,2017,4,5,10,0,0,1,0,0,0,0,1,5,3,3,0,2,1
10192,2,4,213,2017,4,5,8,0,1,1,0,0,0,0,2,4,6,3,0,3,0
10193,2,7,219,2017,4,4,12,0,0,1,0,0,0,0,1,5,3,3,1,3,0
10194,1,5,113,2017,4,5,11,0,1,0,0,0,0,1,2,3,2,3,0,3,0
10195,7,13,714,2017,4,4,17,0,0,1,0,0,0,1,2,0,6,3,0,3,0
10196,7,10,711,2017,4,4,10,0,1,0,0,0,0,0,1,7,1,3,0,2,1
10197,6,1,601,2017,4,4,17,0,0,0,0,0,0,1,1,0,7,3,0,2,1
10198,2,7,219,2017,4,4,12,0,0,1,0,0,0,0,1,2,6,3,1,3,0
10199,1,11,128,2017,4,4,15,0,0,1,0,0,0,1,2,5,7,3,0,3,0
10200,1,11,128,2017,4,4,7,0,0,1,0,0,0,0,1,1,6,3,0,3,0
10201,2,1,203,2017,4,4,17,0,1,1,0,0,0,0,2,5,3,3,1,3,0
10202,1,11,128,2017,4,4,7,0,0,1,0,0,0,0,1,3,6,3,0,3,0
10203,1,13,131,2017,4,4,6,0,0,1,0,0,0,1,2,2,6,3,0,3,0
10204,1,11,129,2017,4,4,18,0,0,1,0,0,0,0,1,2,6,3,0,3,0
10205,5,18,526,2017,4,4,7,0,0,1,1,0,0,0,2,6,4,3,0,3,0
10206,5,4,512,2017,4,4,8,0,0,1,0,0,0,0,1,5,3,3,0,2,1
10207,5,2,505,2017,4,4,9,0,0,0,1,0,0,1,2,6,2,3,0,2,1
10208,5,11,519,2017,4,4,17,0,0,1,0,0,0,0,1,5,3,3,0,3,0
10209,2,3,209,2017,4,4,12,0,0,1,0,0,0,0,1,5,3,3,1,3,0
10210,4,13,432,2017,4,4,5,0,0,1,0,0,0,0,1,1,6,3,0,3,0
10211,4,5,413,2017,4,4,16,0,0,1,0,0,0,0,1,2,2,3,0,3,0
10212,4,5,409,2017,4,4,11,0,0,1,0,0,0,1,2,2,6,3,0,3,0
10213,4,7,417,2017,4,4,9,0,1,0,1,0,0,0,2,6,3,3,0,3,0
10214,2,12,225,2017,4,4,11,0,1,1,0,0,0,0,2,5,3,3,0,3,0
10215,2,9,221,2017,4,4,10,0,1,1,0,0,0,0,2,5,7,3,0,3,0
10216,2,8,220,2017,4,4,15,0,1,1,0,0,0,0,2,5,3,3,0,3,0
10217,2,8,220,2017,4,4,18,0,1,1,0,0,0,0,2,5,3,3,0,3,0
10218,3,6,318,2017,4,4,7,0,0,1,0,0,0,0,1,2,6,3,0,3,0
10219,3,7,319,2017,4,4,12,0,0,1,1,0,0,0,2,6,4,3,0,3,0
10220,4,2,403,2017,4,4,12,0,1,0,0,0,0,0,1,0,7,3,0,3,0
10221,3,3,313,2017,4,4,6,0,1,0,0,0,0,0,1,5,3,3,0,3,0
10222,2,1,201,2017,4,4,8,0,0,1,1,0,0,0,2,6,7,3,0,3,0
10223,1,16,137,2017,4,3,19,0,1,1,0,0,0,0,2,5,3,3,0,3,0
10224,1,16,137,2017,4,3,16,0,0,1,0,0,0,0,1,5,3,3,0,3,0
10225,6,2,603,2017,4,3,17,0,1,0,1,0,0,0,2,6,4,3,0,2,1
10226,6,14,615,2017,4,3,21,0,1,1,0,0,0,0,2,0,7,3,1,3,0
10227,5,18,526,2017,4,3,7,0,1,1,0,0,0,0,2,5,3,3,1,3,0
10228,3,2,311,2017,4,4,14,0,1,0,1,0,0,0,2,6,4,3,1,3,0
10229,3,2,312,2017,4,4,9,0,1,0,0,0,0,1,2,1,5,3,1,3,0
10230,4,9,424,2017,4,3,23,0,0,1,0,0,0,0,1,3,2,3,0,3,0
10231,4,9,425,2017,4,3,17,0,0,1,0,0,0,0,1,3,6,3,0,3,0
10232,1,4,109,2017,4,4,15,0,1,0,0,0,0,1,2,3,6,3,1,3,0
10233,5,7,515,2017,4,3,18,0,0,1,0,0,0,0,1,2,6,3,0,3,0
10234,1,1,101,2017,4,4,21,0,0,1,0,0,0,0,1,3,6,3,1,3,0
10235,5,7,515,2017,4,3,20,0,1,1,0,0,0,0,2,4,7,3,0,3,0
10236,4,11,430,2017,4,3,16,0,0,1,0,0,0,0,1,1,6,3,0,3,0
10237,1,1,101,2017,4,4,15,0,1,1,0,0,0,0,2,4,2,3,1,3,0
10238,4,5,411,2017,4,3,7,0,1,1,0,0,0,0,2,5,2,3,0,3,0
10239,4,6,415,2017,4,3,7,0,1,1,0,0,0,0,2,4,2,3,0,3,0
10240,4,7,416,2017,4,3,14,0,0,1,0,0,0,0,1,1,6,3,0,3,0
10241,2,11,224,2017,4,3,11,0,0,1,0,1,0,0,2,5,3,3,0,3,0
10242,2,8,220,2017,4,3,18,0,0,1,0,0,0,0,1,1,6,3,0,3,0
10243,2,8,220,2017,4,3,8,0,0,1,0,0,0,1,2,2,6,3,0,3,0
10244,3,1,306,2017,4,3,15,0,1,1,0,0,0,0,2,0,2,3,0,3,0
10245,4,2,404,2017,4,3,11,0,1,0,0,0,0,1,2,5,7,3,0,3,0
10246,3,1,305,2017,4,3,14,0,0,1,0,0,0,0,1,1,6,3,0,3,0
10247,3,1,307,2017,4,3,19,0,1,1,0,0,0,0,2,5,3,3,0,3,0
10248,3,5,317,2017,4,3,18,0,1,1,0,0,0,0,2,5,3,3,0,3,0
10249,2,1,206,2017,4,3,9,0,1,0,0,0,0,1,2,5,3,3,0,2,1
10250,3,1,309,2017,4,3,21,0,0,1,1,0,0,0,2,6,4,3,0,3,0
10251,6,1,601,2017,4,2,18,0,1,1,0,0,0,0,2,5,3,3,1,3,0
10252,7,1,702,2017,4,4,16,0,0,1,0,0,0,0,1,2,6,3,1,3,0
10253,4,10,426,2017,5,6,16,0,0,1,0,0,0,0,1,4,2,3,0,3,0
10254,5,1,501,2017,5,2,13,0,1,1,0,0,0,0,2,0,7,3,0,2,1
10255,3,9,321,2017,5,6,12,0,0,1,0,1,0,0,2,3,6,3,0,3,0
10256,1,1,102,2017,5,3,12,0,0,1,0,0,0,0,1,3,7,3,0,3,0
10257,2,7,219,2017,5,6,21,0,1,0,0,0,0,1,2,5,7,3,0,3,0
10258,5,12,520,2017,5,3,15,0,1,1,0,0,0,0,2,5,3,3,0,3,0
10259,3,5,317,2017,5,6,12,0,0,0,1,0,0,1,2,6,3,3,0,3,0
10260,4,2,403,2017,5,6,15,0,1,1,0,0,0,0,2,5,3,3,0,3,0
10261,1,20,141,2017,5,3,16,0,1,0,0,0,0,1,2,5,3,3,1,3,0
10262,1,5,114,2017,5,6,16,0,0,1,0,0,0,0,1,1,5,3,0,3,0
10263,5,1,503,2017,5,4,15,0,1,1,0,0,0,0,2,5,3,3,0,2,1
10264,7,16,717,2017,5,5,13,0,1,1,0,0,0,0,2,5,3,3,0,3,0
10265,1,11,129,2017,5,4,6,0,1,1,0,0,0,0,2,5,3,3,0,3,0
10266,1,20,141,2017,5,5,3,0,0,1,0,0,0,0,1,4,1,3,0,2,1
10267,6,1,601,2017,5,5,23,0,1,0,0,0,0,0,1,0,7,3,0,3,0
10268,5,18,526,2017,5,5,17,0,1,0,0,0,0,1,2,0,7,3,0,3,0
10269,5,5,513,2017,5,5,20,0,0,1,0,0,0,0,1,4,2,3,0,3,0
10270,4,11,430,2017,5,5,16,0,1,0,0,1,0,0,2,3,2,3,0,3,0
10271,2,10,222,2017,5,5,12,0,0,1,0,1,0,0,2,5,2,3,0,2,1
10272,3,2,312,2017,5,5,14,0,1,1,0,0,0,0,2,5,3,3,0,3,0
10273,7,1,702,2017,5,4,8,0,1,0,1,0,0,0,2,6,3,3,0,2,1
10274,6,2,602,2017,5,4,19,0,0,1,0,0,0,0,1,5,2,3,0,3,0
10275,1,12,130,2017,5,4,15,0,0,1,0,0,0,0,1,5,3,3,0,3,0
10276,1,3,108,2017,5,7,19,0,0,1,0,0,0,0,1,5,3,3,0,3,0
10277,1,12,130,2017,5,4,10,0,1,0,0,0,0,1,2,3,2,3,0,3,0
10278,1,8,121,2017,5,4,8,0,0,1,0,1,0,0,2,5,3,3,0,3,0
10279,4,13,432,2017,5,7,7,0,1,1,0,0,0,0,2,1,5,3,0,3,0
10280,5,18,526,2017,5,4,18,0,1,1,0,0,0,0,2,3,6,3,0,3,0
10281,5,6,514,2017,5,4,15,0,0,1,0,0,0,0,1,5,3,3,0,3,0
10282,4,9,425,2017,5,1,20,0,1,1,0,0,0,0,2,5,2,3,0,3,0
10283,5,18,526,2017,5,4,17,0,0,1,0,1,0,0,2,5,3,3,0,3,0
10284,4,4,407,2017,5,2,13,0,0,1,0,0,0,1,2,3,2,3,0,3,0
10285,5,2,507,2017,5,4,16,0,0,1,0,0,0,0,1,2,6,3,0,3,0
10286,5,4,512,2017,5,2,10,0,1,1,0,0,0,0,2,5,3,3,0,3,0
10287,5,2,508,2017,5,4,9,0,0,1,0,0,0,0,1,2,7,3,0,2,1
10288,4,9,425,2017,5,4,13,0,0,1,0,1,0,0,2,5,3,3,0,3,0
10289,5,11,519,2017,5,4,16,0,1,1,0,0,0,0,2,5,3,3,0,3,0
10290,4,10,427,2017,5,4,19,0,1,1,0,0,0,0,2,5,2,3,0,2,1
10291,2,12,225,2017,5,4,17,0,1,1,0,0,0,0,2,5,3,3,0,3,0
10292,2,5,215,2017,5,4,14,0,1,1,0,0,0,0,2,5,3,3,0,3,0
10293,2,1,203,2017,5,4,12,0,0,1,0,0,0,1,2,5,3,3,0,3,0
10294,7,1,702,2017,5,3,12,0,0,1,0,0,0,0,1,4,6,3,0,3,0
10295,5,18,526,2017,5,3,20,0,1,1,0,0,0,0,2,5,3,3,0,3,0
10296,5,2,505,2017,5,3,17,0,1,1,0,0,0,0,2,1,5,3,0,3,0
10297,5,2,508,2017,5,1,22,0,0,1,0,0,0,0,1,3,7,3,0,3,0
10298,5,2,506,2017,5,3,16,0,0,1,0,1,0,0,2,2,6,3,0,3,0
10299,3,1,303,2017,5,2,11,0,0,1,0,0,0,0,1,5,2,3,0,3,0
10300,4,13,432,2017,5,3,7,0,1,1,0,0,0,0,2,5,3,3,0,3,0
10301,5,6,514,2017,5,2,16,0,1,1,0,0,0,0,2,3,2,3,0,3,0
10302,4,13,432,2017,5,3,14,0,1,1,0,0,0,0,2,5,3,3,0,3,0
10303,3,1,306,2017,5,3,18,0,1,1,0,0,0,0,2,3,2,3,1,3,0
10304,4,4,407,2017,5,3,8,0,1,1,0,0,0,0,2,5,3,3,0,3,0
10305,1,11,129,2017,5,3,13,0,0,0,0,0,0,1,1,2,6,3,0,3,0
10306,2,4,211,2017,5,4,21,0,0,1,0,0,0,0,1,1,7,3,0,3,0
10307,4,6,415,2017,5,3,16,0,0,1,1,0,0,1,3,6,7,3,0,3,0
10308,4,8,420,2017,5,3,16,0,0,1,0,0,0,0,1,5,3,3,0,3,0
10309,5,1,502,2017,5,3,18,0,1,1,0,0,0,0,2,5,2,3,0,3,0
10310,3,5,317,2017,5,3,19,0,0,1,0,0,0,0,1,2,6,3,0,3,0
10311,3,8,320,2017,5,3,15,0,1,0,1,0,0,0,2,6,6,3,1,3,0
10312,3,7,319,2017,5,3,17,0,0,1,0,0,0,0,1,8,7,3,0,3,0
10313,3,5,317,2017,5,3,15,0,1,0,1,0,0,0,2,6,3,3,1,3,0
10314,3,4,315,2017,5,3,23,0,0,0,0,1,0,0,1,0,7,3,0,3,0
10315,2,1,203,2017,5,3,19,0,1,1,0,0,0,0,2,5,3,3,0,3,0
10316,3,2,312,2017,5,3,16,0,1,1,0,0,0,0,2,1,5,3,0,3,0
10317,1,4,109,2017,5,3,18,0,1,0,1,0,0,0,2,6,3,3,0,3,0
10318,1,5,113,2017,5,3,19,0,1,1,0,0,0,0,2,4,7,3,0,3,0
10319,1,18,139,2017,5,3,17,0,0,0,0,1,0,1,2,3,2,3,0,3,0
10320,1,18,139,2017,5,3,14,0,0,1,0,0,0,1,2,1,6,3,0,3,0
10321,7,4,705,2017,5,2,18,0,0,1,0,0,0,0,1,5,3,3,0,3,0
10322,7,9,710,2017,5,2,11,0,0,1,0,0,0,0,1,5,3,3,0,3,0
10323,1,15,134,2017,5,2,12,0,0,1,0,0,0,0,1,1,7,3,0,3,0
10324,1,16,136,2017,5,2,11,0,0,0,0,1,0,0,1,0,7,3,0,3,0
10325,6,1,601,2017,5,2,17,0,0,1,0,1,0,0,2,5,3,3,0,3,0
10326,6,1,601,2017,5,2,15,0,1,0,0,0,0,1,2,3,2,3,0,3,0
10327,1,11,129,2017,5,2,11,0,0,1,0,0,0,0,1,2,2,3,0,2,1
10328,1,8,123,2017,5,2,8,0,0,1,1,0,0,0,2,6,7,3,0,3,0
10329,5,5,513,2017,5,2,14,0,0,1,1,0,0,0,2,6,4,3,0,2,1
10330,5,18,526,2017,5,2,8,0,0,1,0,0,0,1,2,2,6,3,0,3,0
10331,5,2,506,2017,5,2,13,0,0,1,0,0,0,0,1,5,3,3,0,3,0
10332,2,5,217,2017,5,1,15,0,1,1,0,0,0,0,2,3,2,3,0,3,0
10333,4,4,407,2017,5,2,8,0,0,1,0,1,0,0,2,5,3,3,0,3,0
10334,3,2,312,2017,5,2,8,0,0,1,0,1,0,0,2,3,6,3,0,3,0
10335,4,8,423,2017,5,2,17,0,0,1,0,0,0,0,1,1,6,3,0,3,0
10336,5,10,518,2017,5,2,18,0,0,1,0,1,0,0,2,1,6,3,0,3,0
10337,5,1,504,2017,5,2,7,0,1,0,1,0,0,0,2,6,4,3,0,3,0
10338,1,3,108,2017,5,3,19,0,0,1,0,1,0,0,2,2,6,3,0,3,0
10339,5,1,504,2017,5,2,13,0,1,0,0,0,0,0,1,0,7,3,0,3,0
10340,4,13,432,2017,5,3,16,0,1,1,0,0,0,0,2,3,6,3,0,3,0
10341,3,9,321,2017,5,2,15,0,1,1,0,0,0,0,2,3,5,3,0,3,0
10342,3,8,320,2017,5,2,12,0,0,1,0,0,0,0,1,5,3,3,0,3,0
10343,3,8,320,2017,5,2,10,0,0,1,0,0,0,0,1,2,6,3,0,3,0
10344,2,8,220,2017,5,2,11,0,0,1,0,0,0,1,2,0,3,3,0,2,1
10345,2,7,219,2017,5,2,8,0,1,0,0,0,0,1,2,0,6,3,0,3,0
10346,7,14,715,2017,5,6,12,0,0,1,0,0,0,0,1,1,5,3,0,3,0
10347,4,2,404,2017,5,2,15,0,1,0,1,0,0,0,2,6,3,3,0,3,0
10348,3,1,308,2017,5,2,13,0,1,1,0,0,0,0,2,5,3,3,0,3,0
10349,2,4,214,2017,5,2,13,0,1,1,0,0,0,0,2,3,2,3,0,3,0
10350,6,2,603,2017,5,7,11,0,0,1,0,0,0,0,1,5,3,3,0,3,0
10351,3,2,312,2017,5,2,20,0,0,1,0,0,0,0,1,0,7,3,0,3,0
10352,6,2,602,2017,5,1,23,0,1,0,0,0,0,0,1,0,7,3,0,3,0
10353,1,3,108,2017,5,2,16,0,1,1,0,0,0,0,2,1,5,3,0,3,0
10354,2,8,220,2017,5,2,16,0,0,1,1,0,0,0,2,6,4,3,0,3,0
10355,1,2,104,2017,5,2,11,0,0,1,0,1,0,0,2,0,6,3,0,3,0
10356,1,12,130,2017,5,2,16,0,0,1,0,0,0,1,2,5,3,3,0,3,0
10357,1,5,114,2017,5,2,10,0,0,1,0,0,0,0,1,0,7,3,0,2,1
10358,1,13,131,2017,5,1,14,0,0,1,0,0,0,1,2,1,5,3,0,2,1
10359,1,11,129,2017,5,4,18,0,0,1,0,0,0,0,1,2,2,3,0,3,0
10360,1,12,130,2017,5,1,14,0,0,1,1,0,0,0,2,6,3,3,0,3,0
10361,2,5,215,2017,5,2,12,0,1,1,0,0,0,0,2,3,2,3,0,3,0
10362,5,11,519,2017,5,1,19,0,0,1,0,1,0,0,2,5,3,3,0,1,1
10363,7,8,709,2017,5,2,8,0,0,1,0,0,0,0,1,4,2,3,0,3,0
10364,4,5,409,2017,5,1,18,0,0,1,0,1,0,0,2,2,6,3,0,3,0
10365,2,8,220,2017,5,3,7,0,0,0,0,1,0,1,2,3,6,3,1,2,1
10366,4,5,409,2017,5,1,15,0,0,1,0,0,0,1,2,2,6,3,0,3,0
10367,2,12,225,2017,5,1,11,0,0,0,0,1,0,0,1,8,1,3,0,3,0
10368,1,16,135,2017,5,3,6,0,0,1,0,0,0,1,2,9,5,3,1,2,1
10369,2,11,223,2017,5,1,12,0,1,0,0,0,0,0,1,8,1,3,0,3,0
10370,2,8,220,2017,5,1,15,0,0,1,0,1,0,0,2,0,3,3,0,3,0
10371,2,2,207,2017,5,1,3,0,0,1,1,0,0,0,2,6,4,3,0,3,0
10372,1,3,108,2017,5,1,19,0,0,1,0,1,0,0,2,3,7,3,0,3,0
10373,1,4,112,2017,5,1,8,0,0,1,0,0,0,1,2,2,6,3,0,3,0
10374,7,1,702,2017,5,1,18,0,0,1,0,0,0,1,2,2,2,3,0,3,0
10375,7,11,712,2017,5,7,19,0,0,1,0,0,0,0,1,8,1,3,0,3,0
10376,6,6,607,2017,5,7,21,0,0,0,0,1,0,1,2,3,6,3,0,3,0
10377,6,2,603,2017,5,7,18,0,0,1,1,0,0,0,2,6,4,3,0,2,1
10378,1,11,129,2017,5,7,10,0,0,1,0,0,0,0,1,2,6,3,0,3,0
10379,1,11,129,2017,5,7,8,0,0,1,1,0,0,0,2,6,4,3,1,3,0
10380,1,8,125,2017,5,7,23,0,1,1,0,0,0,0,2,1,7,3,0,3,0
10381,1,14,132,2017,5,7,0,0,0,1,0,0,0,0,1,5,3,3,1,3,0
10382,5,18,526,2017,5,7,14,0,1,1,0,0,0,0,2,5,3,3,0,3,0
10383,5,4,512,2017,5,7,20,0,0,1,0,0,0,1,2,4,2,3,0,3,0
10384,6,2,602,2017,5,6,11,0,0,1,0,0,0,0,1,5,3,3,0,3,0
10385,5,18,526,2017,5,7,19,0,0,1,0,0,0,0,1,5,3,3,0,3,0
10386,5,18,526,2017,5,7,12,0,0,1,0,0,0,1,2,0,3,3,0,3,0
10387,4,7,416,2017,5,1,12,0,1,0,1,0,0,0,2,1,5,3,0,3,0
10388,4,9,425,2017,5,7,16,0,0,1,0,0,0,0,1,1,6,3,0,3,0
10389,3,2,311,2017,5,2,16,0,1,1,0,0,0,0,2,1,5,3,0,3,0
10390,4,5,412,2017,5,7,10,0,1,0,1,0,0,0,2,6,4,3,0,3,0
10391,5,1,501,2017,5,7,12,0,0,1,0,0,0,0,1,5,3,3,0,3,0
10392,3,8,320,2017,5,7,11,0,0,0,0,0,0,1,1,0,7,3,0,3,0
10393,2,5,217,2017,5,7,10,0,0,1,0,0,0,0,1,1,6,3,0,3,0
10394,2,3,210,2017,5,7,19,0,1,1,0,0,0,0,2,5,3,3,0,3,0
10395,2,14,227,2017,5,7,15,0,0,1,0,1,0,0,2,1,1,3,0,3,0
10396,2,4,213,2017,5,7,5,0,0,1,0,0,0,0,1,5,3,3,1,3,0
10397,1,4,112,2017,5,7,14,0,1,0,1,0,0,0,2,6,7,3,0,3,0