SN,District,Imperial_Circle,Community,Year,Month,Weekday,Hour,Road,Cycle,Car,Pedestrians,Motorcycle,Goods Vehicle,Others,Total,Collision Type,Accident Type,Light Condition,Road Condition,Accident_Severity,Severity
10398,4,12,431,2017,5,1,16,0,0,1,0,0,0,0,1,2,6,3,0,3,0
10399,1,5,114,2017,5,7,2,0,0,1,0,0,0,0,1,3,6,3,1,3,0
10400,2,1,206,2017,5,2,18,0,1,1,0,0,0,0,2,1,5,3,0,3,0
10401,7,14,715,2017,5,6,14,0,0,1,0,0,0,1,2,2,6,3,0,3,0
10402,5,2,506,2017,5,2,15,0,1,0,0,0,0,1,2,5,3,3,0,3,0
10403,6,2,602,2017,5,6,17,0,1,1,0,0,0,0,2,5,3,3,0,2,1
10404,4,4,407,2017,5,3,7,0,0,1,0,0,0,0,1,2,6,3,1,3,0
10405,1,12,130,2017,5,6,20,0,0,1,1,0,0,0,2,6,4,3,1,3,0
10406,6,1,601,2017,5,6,14,0,1,0,1,0,0,0,2,0,4,3,0,3,0
10407,1,13,131,2017,5,6,4,0,0,1,0,0,0,0,1,4,2,3,0,3,0
10408,5,6,514,2017,5,6,13,0,0,1,1,0,0,0,2,6,7,3,0,3,0
10409,5,7,515,2017,5,6,18,0,1,1,0,0,0,0,2,3,5,3,0,3,0
10410,4,12,431,2017,5,6,7,0,1,1,0,0,0,0,2,5,3,3,0,3,0
10411,5,1,504,2017,5,6,19,0,0,1,0,0,0,0,1,5,3,3,1,3,0
10412,3,8,320,2017,5,6,11,0,0,1,0,0,0,1,2,4,6,3,0,3,0
10413,2,5,215,2017,5,6,21,0,0,1,0,0,0,0,1,5,3,3,1,3,0
10414,2,5,215,2017,5,6,14,0,1,0,1,0,0,0,2,6,3,3,0,3,0
10415,3,6,318,2017,5,6,18,0,0,1,0,0,0,0,1,2,6,3,0,3,0
10416,3,5,317,2017,5,6,15,0,0,1,1,0,0,0,2,6,3,3,0,3,0
10417,3,1,304,2017,5,6,11,0,0,1,0,0,0,0,1,4,2,3,0,2,1
10418,2,4,211,2017,5,6,22,0,0,1,0,1,0,0,2,0,2,3,1,3,0
10419,2,1,201,2017,5,6,19,0,1,1,0,0,0,0,2,5,2,3,1,3,0
10420,3,1,309,2017,5,6,9,0,0,1,0,0,0,1,2,4,2,3,0,3,0
10421,3,2,312,2017,5,6,16,0,0,1,0,1,0,0,2,5,3,3,0,3,0
10422,7,4,705,2017,5,5,17,0,0,1,0,0,0,1,2,5,3,3,0,3,0
10423,7,2,703,2017,5,5,17,0,0,1,0,0,0,0,1,5,3,3,0,3,0
10424,1,16,137,2017,5,5,12,0,0,1,0,0,0,1,2,4,2,3,0,3,0
10425,6,9,610,2017,5,5,13,0,1,1,0,0,0,0,2,5,2,3,0,3,0
10426,1,12,130,2017,5,5,15,0,1,0,0,0,0,1,2,0,3,3,0,3,0
10427,1,12,130,2017,5,5,7,0,1,0,0,0,0,0,1,0,7,3,0,3,0
10428,1,6,117,2017,5,5,17,0,1,1,0,0,0,0,2,5,2,3,0,3,0
10429,5,5,513,2017,5,6,17,0,0,1,0,0,0,0,1,2,6,3,0,3,0
10430,1,6,117,2017,5,5,16,0,0,1,0,0,0,1,2,2,6,3,0,3,0
10431,5,3,510,2017,5,5,16,0,1,0,0,0,0,0,1,4,2,3,0,3,0
10432,5,2,507,2017,5,5,18,0,0,1,0,0,0,0,1,5,3,3,0,3,0
10433,5,17,525,2017,5,5,20,0,0,1,0,0,0,0,1,1,7,3,1,3,0
10434,1,6,115,2017,5,1,13,0,0,1,0,0,0,0,1,3,6,3,0,3,0
10435,4,12,431,2017,5,5,16,0,0,0,0,1,0,1,2,0,6,3,0,3,0
10436,7,12,713,2017,5,1,17,0,0,1,0,1,0,0,2,2,6,3,0,3,0
10437,4,6,415,2017,5,5,7,0,0,1,0,0,0,0,1,5,3,3,0,3,0
10438,2,10,222,2017,5,2,13,0,1,0,0,0,0,1,2,1,5,3,0,3,0
10439,4,10,426,2017,5,5,17,0,1,1,0,0,0,0,2,5,2,3,0,3,0
10440,5,8,516,2017,5,4,14,0,1,1,0,0,0,0,2,5,3,3,0,2,1
10441,5,1,501,2017,5,5,20,0,0,1,0,1,0,0,2,0,3,3,1,3,0
10442,2,10,222,2017,5,5,13,0,0,1,0,0,0,0,1,5,7,3,0,3,0
10443,2,4,212,2017,5,5,9,0,1,1,0,0,0,0,2,1,5,3,0,3,0
10444,3,6,318,2017,5,5,11,0,1,1,0,0,0,0,2,1,5,3,0,3,0
10445,3,7,319,2017,5,5,7,0,0,1,1,0,0,0,2,6,4,3,0,3,0
10446,2,4,213,2017,5,5,15,0,1,1,0,0,0,1,3,3,2,3,0,3,0
10447,3,3,313,2017,5,5,18,0,1,1,0,0,0,0,2,5,3,3,0,3,0
10448,3,3,313,2017,5,5,17,0,1,0,0,0,0,1,2,3,6,3,0,3,0
10449,1,5,114,2017,5,5,21,0,0,1,1,0,0,0,2,6,4,3,1,1,1
10450,1,5,114,2017,5,5,11,0,1,1,0,0,0,0,2,1,7,3,0,3,0
10451,6,14,615,2017,5,4,19,0,1,0,0,0,0,0,1,4,6,3,0,3,0
10452,1,8,124,2017,5,4,19,0,0,0,1,1,0,0,2,6,4,3,0,2,1
10453,4,10,429,2017,5,4,17,0,0,0,0,1,0,1,2,3,6,3,0,3,0
10454,4,10,429,2017,5,4,19,0,1,1,0,0,0,0,2,9,7,3,0,3,0
10455,5,4,512,2017,5,6,15,0,0,1,0,0,0,0,1,5,7,3,0,3,0
10456,5,9,517,2017,5,4,7,0,1,1,0,0,0,0,2,5,3,3,0,3,0
10457,4,13,432,2017,5,7,13,0,1,1,0,0,0,0,2,4,6,3,0,3,0
10458,4,5,409,2017,5,4,10,0,1,1,0,0,0,0,2,5,3,3,0,3,0
10459,5,14,522,2017,5,1,10,0,0,0,0,1,0,0,1,2,6,3,0,2,1
10460,7,13,714,2017,5,3,8,0,0,1,0,0,0,0,1,4,6,3,1,3,0
10461,4,8,423,2017,5,4,10,0,0,1,0,0,0,0,1,4,2,3,0,3,0
10462,1,6,116,2017,5,4,11,0,1,1,0,0,0,0,2,5,3,3,0,3,0
10463,4,6,414,2017,5,4,13,0,1,1,0,0,0,0,2,1,5,3,0,3,0
10464,5,1,504,2017,5,4,16,0,0,0,1,0,0,1,2,6,7,3,0,3,0
10465,4,10,426,2017,5,4,8,0,0,1,0,0,0,1,2,1,6,3,0,3,0
10466,5,1,501,2017,5,4,2,0,0,1,0,0,0,0,1,8,7,3,0,3,0
10467,4,8,420,2017,5,4,15,0,0,1,0,0,0,0,1,4,2,3,0,3,0
10468,2,10,222,2017,5,4,14,0,1,1,0,0,0,0,2,5,3,3,0,2,1
10469,2,8,220,2017,5,4,10,0,0,1,0,0,0,0,1,5,3,3,0,3,0
10470,3,6,318,2017,5,4,14,0,1,1,0,0,0,0,2,5,3,3,0,3,0
10471,4,1,401,2017,5,4,17,0,1,0,0,0,0,0,1,5,2,3,0,3,0
10472,2,3,210,2017,5,4,20,0,1,1,0,0,0,0,2,0,5,3,0,2,1
10473,1,4,109,2017,5,4,13,0,0,1,1,0,0,0,2,6,7,3,0,3,0
10474,1,3,105,2017,5,4,8,0,1,1,0,0,0,0,2,0,7,3,0,3,0
10475,5,18,526,2017,5,6,13,0,1,0,1,0,0,0,2,6,4,3,0,3,0
10476,1,5,114,2017,5,4,16,0,1,1,0,0,0,0,2,5,3,3,0,2,1
10477,3,1,306,2017,5,3,16,0,1,1,0,0,0,0,2,1,5,3,0,3,0
10478,7,16,717,2017,5,3,11,0,0,1,0,0,0,1,2,3,6,3,1,3,0
10479,1,8,122,2017,5,3,19,0,0,1,0,0,0,0,1,3,6,3,0,3,0
10480,7,10,711,2017,5,3,14,0,0,1,0,0,0,0,1,4,2,3,1,2,1
10481,3,2,311,2017,5,4,17,0,0,1,0,0,0,0,1,2,6,3,0,3,0
10482,1,16,136,2017,5,3,19,0,1,0,0,0,0,0,1,5,3,3,1,3,0
10483,5,2,507,2017,5,4,15,0,0,1,0,0,0,0,1,3,6,3,0,3,0
10484,6,10,611,2017,5,3,16,0,0,0,0,1,0,0,1,0,7,3,0,3,0
10485,1,12,130,2017,5,3,9,0,0,1,0,0,0,1,2,2,6,3,1,3,0
10486,1,12,130,2017,5,3,8,0,0,0,0,1,0,0,1,0,7,3,1,3,0
10487,1,14,133,2017,5,3,17,0,0,1,0,0,0,0,1,5,3,3,0,3,0
10488,1,8,123,2017,5,3,7,0,0,1,0,0,0,1,2,2,6,3,1,3,0
10489,5,18,526,2017,5,3,13,0,1,1,0,0,0,0,2,5,3,3,1,3,0
10490,4,9,425,2017,5,6,11,0,0,1,0,1,0,0,2,2,6,3,0,3,0
10491,5,6,514,2017,5,3,14,0,0,1,0,0,0,1,2,2,2,3,1,3,0
10492,4,9,424,2017,5,3,10,0,0,1,0,0,0,0,1,2,6,3,1,3,0
10493,5,7,515,2017,5,3,20,0,1,0,1,0,0,0,2,5,4,3,0,3,0
10494,3,9,321,2017,5,1,14,0,0,1,0,1,0,0,2,1,7,3,0,3,0
10495,5,10,518,2017,5,3,8,0,1,1,0,0,0,0,2,0,7,3,1,3,0
10496,1,4,112,2017,5,2,16,0,0,1,0,0,0,0,1,2,6,3,0,3,0
10497,4,13,432,2017,5,3,20,0,0,1,0,0,0,0,1,5,3,3,0,2,1
10498,5,2,505,2017,5,4,21,0,1,0,0,1,0,0,2,5,2,3,0,2,1
10499,4,4,407,2017,5,3,15,0,1,1,0,0,0,0,2,5,3,3,1,3,0
10500,4,6,415,2017,5,3,16,0,0,1,0,1,0,1,3,0,6,3,1,3,0
10501,3,8,320,2017,5,3,12,0,0,1,1,0,0,0,2,6,4,3,1,3,0
10502,2,9,221,2017,5,3,10,0,0,1,0,0,0,0,1,2,6,3,1,3,0
10503,2,6,218,2017,5,3,9,0,0,1,0,0,0,0,1,2,6,3,1,3,0
10504,2,4,212,2017,5,3,7,0,0,1,0,0,0,1,2,1,5,3,1,3,0
10505,3,2,312,2017,5,3,11,0,0,1,0,0,0,0,1,1,6,3,1,3,0
10506,2,2,207,2017,5,3,14,0,1,1,0,0,0,0,2,0,3,3,1,3,0
10507,1,1,102,2017,5,3,17,0,1,0,0,0,0,0,1,0,7,3,0,3,0
10508,1,3,106,2017,5,3,15,0,1,1,0,0,0,0,2,4,2,3,1,3,0
10509,1,1,102,2017,5,3,14,0,0,1,1,0,0,0,2,6,2,3,1,3,0
10510,5,7,515,2017,5,6,9,0,0,1,0,0,0,0,1,2,2,3,0,3,0
10511,7,12,713,2017,5,2,9,0,0,1,0,0,0,0,1,3,6,3,0,3,0
10512,7,10,711,2017,5,2,22,0,0,1,1,0,0,0,2,6,2,3,0,3,0
10513,7,1,702,2017,5,2,18,0,0,0,1,0,0,1,2,0,4,3,0,3,0
10514,7,10,711,2017,5,2,10,0,0,1,1,0,0,0,2,6,4,3,0,3,0
10515,1,16,137,2017,5,2,14,0,0,1,0,0,0,0,1,2,6,3,0,3,0
10516,1,16,137,2017,5,2,13,0,0,1,0,1,0,0,2,1,5,3,0,3,0
10517,1,12,130,2017,5,2,9,0,0,1,0,0,0,0,1,2,2,3,0,3,0
10518,1,6,118,2017,5,2,15,0,1,1,0,0,0,0,2,1,7,3,0,2,1
10519,1,7,120,2017,5,2,15,0,0,1,0,1,0,0,2,3,6,3,0,3,0
10520,1,7,119,2017,5,2,8,0,0,1,0,0,0,1,2,3,6,3,0,3,0
10521,5,9,517,2017,5,6,15,0,1,1,0,0,0,0,2,0,3,3,0,2,1
10522,5,18,526,2017,5,2,7,0,1,0,0,0,0,1,2,1,5,3,0,3,0
10523,4,5,411,2017,5,6,11,0,1,0,0,0,0,1,2,1,5,3,0,3,0
10524,5,5,513,2017,5,2,8,0,0,1,1,0,0,0,2,6,3,3,0,3,0
10525,5,2,507,2017,5,7,23,0,0,0,1,0,0,1,2,6,3,3,0,3,0
10526,5,7,515,2017,5,2,15,0,0,1,1,0,0,0,2,6,4,3,0,2,1
10527,5,7,515,2017,5,2,9,0,1,0,0,0,0,0,1,5,3,3,0,3,0
10528,1,5,114,2017,5,4,11,0,0,1,0,0,0,0,1,2,6,3,0,3,0
10529,4,4,407,2017,5,4,14,0,0,1,0,0,0,0,1,2,6,3,0,3,0
10530,1,11,129,2017,5,4,17,0,0,1,1,0,0,0,2,6,4,3,0,3,0
10531,5,12,520,2017,5,2,17,0,0,1,0,1,0,1,3,1,6,3,0,3,0
10532,5,11,519,2017,5,2,17,0,0,1,0,0,0,0,1,8,1,3,0,3,0
10533,4,11,430,2017,5,2,16,0,1,1,0,0,0,0,2,5,3,3,0,3,0
10534,4,5,413,2017,5,2,8,0,1,1,0,0,0,0,2,1,5,3,0,3,0
10535,3,8,320,2017,5,2,17,0,0,1,0,0,0,0,1,3,6,3,0,3,0
10536,3,8,320,2017,5,2,7,0,0,1,0,0,0,0,1,5,3,3,0,2,1
10537,2,4,212,2017,5,2,16,0,1,0,0,0,0,0,1,4,6,3,0,3,0
10538,2,4,212,2017,5,2,10,0,1,1,0,0,0,0,2,4,2,3,0,3,0
10539,3,9,321,2017,5,2,18,0,1,1,0,0,0,0,2,5,2,3,0,3,0
10540,3,3,313,2017,5,2,20,0,1,0,0,0,0,0,1,5,3,3,0,3,0
10541,3,2,312,2017,5,2,17,0,0,1,0,0,0,0,1,5,3,3,0,3,0
10542,1,1,102,2017,5,2,12,0,0,1,0,0,0,1,2,0,7,3,0,3,0
10543,1,5,113,2017,5,2,19,0,1,1,0,0,0,0,2,5,3,3,0,3,0
10544,1,16,136,2017,5,1,19,0,0,1,0,0,0,0,1,5,3,3,0,3,0
10545,1,16,137,2017,5,1,17,0,0,1,1,0,0,0,2,6,4,3,0,3,0
10546,5,18,526,2017,5,1,9,0,0,0,0,1,0,0,1,8,1,3,0,2,1
10547,4,8,422,2017,5,6,19,0,0,1,0,0,0,0,1,5,3,3,0,3,0
10548,5,6,514,2017,5,1,19,0,1,1,0,0,0,0,2,2,6,3,0,3,0
10549,4,5,410,2017,5,1,19,0,1,1,0,0,0,0,2,4,2,3,1,3,0
10550,3,6,318,2017,5,3,10,0,1,0,0,0,0,1,2,0,7,3,0,3,0
10551,4,6,415,2017,5,1,19,0,0,1,1,0,0,0,2,6,7,3,0,3,0
10552,6,3,604,2017,5,3,10,0,0,1,0,0,0,1,2,2,6,3,0,3,0
10553,4,2,404,2017,5,4,8,0,0,1,0,0,0,1,2,3,6,3,0,3,0
10554,3,1,305,2017,5,1,13,0,1,1,0,0,0,0,2,5,2,3,0,3,0
10555,5,2,506,2017,5,4,9,0,0,1,0,0,0,0,1,5,3,3,0,3,0
10556,2,11,223,2017,5,4,13,0,0,1,0,1,0,0,2,0,7,3,0,3,0
10557,5,6,514,2017,5,4,13,0,1,1,0,0,0,0,2,3,6,3,0,3,0
10558,2,4,212,2017,5,1,12,0,0,1,0,1,0,0,2,5,2,3,0,3,0
10559,1,4,111,2017,5,1,22,0,1,0,0,0,0,0,1,0,7,3,1,3,0
10560,7,1,702,2017,5,1,13,0,1,1,0,0,0,0,2,5,3,3,0,3,0
10561,6,7,608,2017,5,7,9,0,0,0,0,1,0,0,1,4,6,3,1,2,1
10562,5,18,526,2017,5,7,13,0,0,1,0,0,0,0,1,2,6,3,0,3,0
10563,5,11,519,2017,5,7,12,0,0,1,0,0,0,0,1,2,6,3,0,3,0
10564,4,8,419,2017,5,7,17,0,1,1,0,0,0,0,2,4,7,3,1,3,0
10565,4,2,405,2017,5,7,15,0,0,1,0,0,0,0,1,1,7,3,1,3,0
10566,1,3,108,2017,5,7,1,0,0,1,0,0,0,0,1,5,3,3,1,3,0
10567,1,16,136,2017,5,6,14,0,0,1,0,0,0,0,1,8,1,3,0,2,1
10568,1,6,115,2017,5,6,17,0,1,0,0,0,0,1,2,0,7,3,0,3,0
10569,5,6,514,2017,5,6,16,0,1,1,0,0,0,0,2,1,7,3,0,3,0
10570,5,18,526,2017,5,6,16,0,1,1,0,0,0,0,2,0,3,3,0,3,0
10571,5,6,514,2017,5,6,7,0,0,1,0,0,0,1,2,1,5,3,0,2,1
10572,5,7,515,2017,5,2,13,0,1,0,0,0,0,1,2,5,2,3,0,3,0
10573,5,2,508,2017,5,6,14,0,0,1,0,0,0,0,1,5,3,3,0,3,0
10574,2,4,212,2017,5,3,15,0,1,1,0,0,0,0,2,1,7,3,0,3,0
10575,4,11,430,2017,5,6,20,0,0,1,0,0,0,1,2,3,6,3,1,3,0
10576,5,8,516,2017,5,3,6,0,0,0,0,1,0,0,1,0,7,3,1,3,0
10577,5,12,520,2017,5,6,21,0,0,1,0,0,0,1,2,4,2,3,1,3,0
10578,4,12,431,2017,5,6,13,0,1,1,0,0,0,0,2,3,6,3,0,3,0
10579,1,2,103,2017,5,4,19,0,0,1,0,0,0,0,1,4,2,3,0,3,0
10580,4,8,422,2017,5,6,18,0,0,1,0,0,0,0,1,5,2,3,0,3,0
10581,4,13,432,2017,5,4,17,0,1,0,0,0,0,1,2,0,3,3,0,2,1
10582,3,8,320,2017,5,6,16,0,1,1,0,0,0,0,2,0,5,3,0,3,0
10583,5,1,501,2017,5,6,17,0,1,1,0,0,0,0,2,4,2,3,0,2,1
10584,2,5,216,2017,5,6,10,0,1,1,0,0,0,0,2,5,2,3,1,3,0
10585,2,5,217,2017,5,6,8,0,0,1,0,0,0,0,1,2,6,3,0,3,0
10586,1,4,112,2017,5,1,9,0,1,0,0,0,0,1,2,3,6,3,0,3,0
10587,2,5,215,2017,5,6,7,0,0,1,0,0,0,0,1,3,6,3,0,3,0
10588,5,6,514,2017,5,3,6,0,0,1,0,0,0,1,2,1,6,3,1,3,0
10589,3,6,318,2017,5,6,11,0,1,1,0,0,0,0,2,1,5,3,1,3,0
10590,1,4,109,2017,5,4,17,0,0,1,0,0,0,1,2,2,6,3,0,3,0
10591,5,12,520,2017,5,4,14,0,0,1,0,0,0,1,2,2,6,3,0,3,0
10592,3,4,315,2017,5,6,14,0,0,1,1,0,0,0,2,6,4,3,0,3,0
10593,6,2,602,2017,5,4,14,0,1,0,0,0,0,0,1,0,3,3,0,3,0
10594,3,4,315,2017,5,6,14,0,0,1,0,1,0,0,2,3,6,3,0,3,0
10595,3,5,317,2017,5,6,11,0,0,0,0,1,0,0,1,0,1,3,1,3,0
10596,4,1,402,2017,5,6,7,0,1,1,0,0,0,0,2,5,3,3,0,3,0
10597,1,4,109,2017,5,6,15,0,1,1,0,0,0,0,2,5,3,3,0,3,0
10598,1,5,113,2017,5,6,13,0,1,0,0,0,0,0,1,0,7,3,0,3,0
10599,1,16,137,2017,5,5,14,0,0,1,1,0,0,0,2,6,4,3,0,3,0
10600,6,1,601,2017,5,5,16,0,0,1,0,0,0,0,1,3,6,3,0,3,0
10601,6,2,602,2017,5,5,9,0,1,0,1,0,0,0,2,0,7,3,0,3,0
10602,1,12,130,2017,5,5,16,0,1,0,0,0,0,1,2,4,1,3,0,3,0
10603,1,11,129,2017,5,5,14,0,0,1,0,0,0,1,2,2,2,3,0,3,0
10604,1,12,130,2017,5,5,8,0,1,1,0,0,0,0,2,5,3,3,0,2,1
10605,1,13,131,2017,5,5,17,0,0,1,0,0,0,0,1,5,2,3,0,2,1
10606,1,14,132,2017,5,5,17,0,0,0,0,1,0,1,2,3,6,3,0,3,0
10607,1,8,125,2017,5,5,13,0,0,1,0,0,0,1,2,3,2,3,0,3,0
10608,1,8,121,2017,5,5,18,0,0,1,0,1,0,0,2,4,2,3,0,3,0
10609,1,20,141,2017,5,1,14,0,1,1,0,0,0,0,2,3,6,3,0,3,0
10610,5,18,526,2017,5,5,12,0,0,1,0,0,0,0,1,1,6,3,0,3,0
10611,5,2,509,2017,5,5,13,0,0,1,0,0,0,0,1,5,3,3,0,3,0
10612,5,7,515,2017,5,5,15,0,0,1,0,0,0,0,1,1,6,3,0,3,0
10613,5,12,520,2017,5,5,14,0,0,1,0,1,0,0,2,3,6,3,0,3,0
10614,4,4,407,2017,5,5,12,0,0,1,0,0,0,0,1,2,6,3,0,3,0
10615,4,5,413,2017,5,5,15,0,1,1,0,0,0,0,2,3,6,3,0,3,0
10616,4,10,428,2017,5,5,16,0,0,1,0,0,0,0,1,2,6,3,0,3,0
10617,3,9,321,2017,5,5,11,0,0,1,1,0,0,0,2,6,7,3,0,3,0
10618,2,5,215,2017,5,5,17,0,1,1,0,0,0,0,2,5,3,3,0,3,0
10619,3,1,305,2017,5,5,16,0,1,1,0,0,0,0,2,0,6,3,0,3,0
10620,4,7,417,2017,5,6,19,0,1,1,0,0,0,0,2,0,5,3,0,3,0
10621,4,2,404,2017,5,5,11,0,0,1,0,0,0,1,2,5,3,3,0,3,0
10622,7,4,705,2017,5,2,12,0,0,1,0,0,0,0,1,1,2,3,0,3,0
10623,3,1,306,2017,5,5,8,0,1,0,0,0,0,0,1,0,7,3,0,3,0
10624,2,5,215,2017,5,3,19,0,0,1,0,0,0,0,1,4,2,3,0,3,0
10625,2,4,213,2017,5,5,13,0,0,0,1,0,0,1,2,0,4,3,0,3,0
10626,7,8,709,2017,5,3,7,0,0,1,0,0,0,0,1,2,6,3,0,3,0
10627,3,1,310,2017,5,5,21,0,0,1,0,1,0,0,2,4,2,3,0,3,0
10628,4,6,415,2017,5,4,13,0,1,1,0,0,0,0,2,0,5,3,0,3,0
10629,1,3,105,2017,5,5,23,0,0,0,0,1,0,1,2,0,5,3,0,3,0
10630,5,4,512,2017,5,4,19,0,0,0,1,0,0,1,2,0,4,3,0,3,0
10631,1,3,107,2017,5,5,19,0,1,1,0,0,0,0,2,5,3,3,0,3,0
10632,1,5,114,2017,5,5,22,0,0,1,1,0,0,0,2,6,4,3,0,1,1
10633,1,5,113,2017,5,5,19,0,0,1,0,0,0,0,1,2,6,3,0,3,0
10634,7,14,715,2017,5,4,7,0,1,1,0,0,0,0,2,5,3,3,0,3,0
10635,7,1,701,2017,5,4,13,0,0,1,0,0,0,0,1,5,3,3,0,3,0
10636,1,16,137,2017,5,4,8,0,1,0,0,0,0,0,1,4,7,3,0,2,1
10637,1,11,129,2017,5,4,19,0,1,1,0,0,0,0,2,5,2,3,0,3,0
10638,1,12,130,2017,5,4,17,0,0,1,0,0,0,0,1,2,6,3,0,3,0
10639,1,12,130,2017,5,4,12,0,1,0,0,0,0,0,1,4,6,3,0,3,0
10640,1,6,118,2017,5,4,22,0,0,1,0,0,0,1,2,3,6,3,0,3,0
10641,1,7,119,2017,5,4,9,0,0,1,0,1,0,0,2,3,7,3,1,3,0
10642,5,4,512,2017,5,4,18,0,1,1,0,0,0,0,2,5,3,3,0,3,0
10643,5,18,526,2017,5,4,16,0,0,1,0,0,0,0,1,2,6,3,0,3,0
10644,5,18,526,2017,5,4,7,0,1,0,0,0,0,1,2,4,2,3,0,2,1
10645,5,2,507,2017,5,4,14,0,0,1,0,1,0,0,2,5,3,3,0,3,0
10646,4,11,430,2017,5,4,18,0,0,1,0,0,0,0,1,2,6,3,0,3,0
10647,4,6,414,2017,5,4,8,0,1,1,0,0,0,0,2,5,3,3,0,3,0
10648,5,1,503,2017,5,4,14,0,1,1,0,0,0,0,2,5,3,3,0,3,0
10649,3,9,321,2017,5,4,8,0,1,0,0,0,0,0,1,0,7,3,0,3,0
10650,3,1,304,2017,5,4,20,0,1,0,1,0,0,0,2,6,7,3,0,3,0
10651,3,3,313,2017,5,4,6,0,0,0,1,0,0,1,2,6,2,3,0,3,0
10652,1,3,106,2017,5,4,14,0,0,1,1,0,0,0,2,6,4,3,0,3,0
10653,1,5,113,2017,5,4,12,0,0,1,0,0,0,0,1,5,7,3,0,3,0
10654,1,17,138,2017,5,4,12,0,0,1,0,0,0,0,1,5,3,3,0,3,0
10655,2,1,203,2017,5,2,10,0,0,1,0,1,0,0,2,3,6,3,0,3,0
10656,7,9,710,2017,5,3,7,0,0,1,0,1,0,0,2,5,3,3,0,2,1
10657,5,3,510,2017,5,2,16,0,1,1,0,0,0,0,2,5,3,3,0,3,0
10658,1,14,132,2017,5,3,10,0,1,0,0,0,0,1,2,5,2,3,0,3,0
10659,4,2,403,2017,5,3,11,0,0,1,1,0,0,0,2,6,2,3,0,3,0
10660,5,5,513,2017,5,3,9,0,0,1,0,0,0,1,2,0,7,3,0,3,0
10661,5,6,514,2017,5,3,13,0,0,1,0,0,0,0,1,2,6,3,0,3,0
10662,5,6,514,2017,5,3,8,0,0,1,0,1,0,0,2,2,6,3,0,3,0
10663,4,9,425,2017,5,3,10,0,0,1,0,0,0,1,2,3,6,3,0,2,1
10664,3,3,314,2017,5,4,15,0,1,1,0,0,0,0,2,4,2,3,0,3,0
10665,4,11,430,2017,5,3,7,0,1,1,0,0,0,0,2,3,6,3,0,3,0
10666,5,8,516,2017,5,3,16,0,1,1,0,0,0,0,2,2,6,3,0,3,0
10667,4,5,409,2017,5,3,10,0,0,1,0,1,0,1,3,0,6,3,0,3,0
10668,5,1,501,2017,5,3,15,0,0,1,0,0,0,0,1,1,5,3,0,2,1
10669,4,6,415,2017,5,3,15,0,1,1,0,0,0,0,2,5,3,3,0,3,0
10670,5,1,501,2017,5,3,18,0,0,1,0,0,0,0,1,5,3,3,0,3,0
10671,2,5,216,2017,5,3,14,0,0,1,0,0,0,0,1,1,5,3,0,3,0
10672,4,1,402,2017,5,3,12,0,1,0,0,0,0,1,2,3,6,3,0,3,0
10673,4,2,404,2017,5,3,12,0,0,1,0,0,0,1,2,5,3,3,0,3,0
10674,1,4,111,2017,5,3,12,0,0,1,0,1,0,0,2,5,3,3,0,3,0
10675,1,3,108,2017,5,3,10,0,0,1,0,0,0,0,1,2,6,3,0,3,0
10676,7,14,715,2017,5,2,16,0,1,1,0,0,0,0,2,5,3,3,0,3,0
10677,7,7,708,2017,5,2,15,0,0,1,0,0,0,0,1,2,6,3,0,3,0
10678,6,14,615,2017,5,2,13,0,0,1,1,0,0,0,2,6,4,3,0,3,0
10679,1,14,132,2017,5,2,7,0,1,1,0,0,0,0,2,5,2,3,1,3,0
10680,5,2,509,2017,5,2,17,0,0,1,0,0,0,0,1,2,6,3,0,3,0
10681,2,1,201,2017,5,1,21,0,0,1,0,0,0,0,1,4,2,3,0,3,0
10682,5,7,515,2017,5,2,17,0,0,1,0,0,0,0,1,1,6,3,0,3,0
10683,1,5,114,2017,5,2,7,0,0,1,0,0,0,0,1,5,3,3,0,3,0
10684,4,3,406,2017,5,2,8,0,1,1,0,0,0,0,2,5,3,3,1,3,0
10685,4,6,414,2017,5,2,15,0,0,0,1,1,0,0,2,6,4,3,0,3,0
10686,5,12,520,2017,5,2,13,0,1,0,1,0,0,0,2,6,3,3,0,3,0
10687,7,9,710,2017,5,2,4,0,1,1,0,0,0,0,2,3,2,3,0,3,0
10688,4,13,432,2017,5,2,22,0,0,1,1,0,0,0,2,6,4,3,0,2,1
10689,4,10,428,2017,5,3,13,0,0,1,0,0,0,0,1,2,6,3,0,3,0
10690,4,5,409,2017,5,2,18,0,1,1,0,0,0,0,2,5,3,3,0,3,0
10691,6,9,610,2017,6,1,17,0,0,1,0,0,0,0,1,2,2,3,0,3,0
10692,4,13,432,2017,6,2,13,0,1,1,0,0,0,0,2,5,3,3,0,3,0
10693,5,17,525,2017,6,2,9,0,0,1,0,0,0,0,1,5,3,3,0,3,0
10694,2,3,209,2017,6,3,10,0,1,1,0,0,0,0,2,5,3,3,1,3,0
10695,4,4,407,2017,6,2,18,0,0,1,0,0,0,0,1,2,6,3,0,3,0
10696,2,9,221,2017,6,3,21,0,0,1,0,0,0,1,2,2,6,3,0,2,1
10697,1,1,101,2017,6,2,17,0,0,1,1,0,0,0,2,6,4,3,0,2,1
10698,1,12,130,2017,6,3,15,0,0,1,0,0,0,0,1,2,6,3,0,3,0