SN,District,Imperial_Circle,Community,Year,Month,Weekday,Hour,Road,Cycle,Car,Pedestrians,Motorcycle,Goods Vehicle,Others,Total,Collision Type,Accident Type,Light Condition,Road Condition,Accident_Severity,Severity
10699,1,5,114,2017,6,2,16,0,1,0,1,0,0,0,2,6,3,3,0,2,1
10700,7,14,715,2017,6,1,16,0,0,0,0,1,0,0,1,8,1,3,0,2,1
10701,6,2,603,2017,6,1,17,0,1,1,0,0,0,0,2,5,3,3,0,3,0
10702,2,1,206,2017,6,6,3,0,1,0,0,0,0,0,1,0,7,3,0,3,0
10703,5,9,517,2017,6,6,15,0,0,1,0,0,0,0,1,2,6,3,0,3,0
10704,1,16,136,2017,6,6,9,0,0,1,0,0,0,0,1,3,2,3,0,3,0
10705,6,1,601,2017,6,4,16,0,0,1,0,1,0,0,2,5,7,3,1,2,1
10706,4,10,427,2017,6,5,16,0,0,1,0,1,0,0,2,0,6,3,1,3,0
10707,3,1,310,2017,6,6,9,0,0,1,0,0,0,0,1,2,6,3,0,3,0
10708,1,8,121,2017,6,6,20,0,0,0,0,1,0,0,1,0,2,3,1,3,0
10709,3,2,311,2017,6,7,12,0,0,1,0,0,0,1,2,5,3,3,0,3,0
10710,1,11,129,2017,6,1,19,0,1,1,0,0,0,0,2,5,3,3,0,3,0
10711,1,11,129,2017,6,7,0,0,0,1,0,0,0,1,2,1,6,3,1,3,0
10712,1,14,133,2017,6,1,18,0,0,1,0,1,0,0,2,5,3,3,0,3,0
10713,3,7,319,2017,6,1,20,0,0,1,0,0,0,1,2,4,6,3,1,3,0
10714,5,6,514,2017,6,1,15,0,0,1,0,0,0,0,1,2,6,3,0,3,0
10715,2,3,208,2017,6,2,14,0,1,1,0,0,0,0,2,4,2,3,0,3,0
10716,5,18,526,2017,6,1,10,0,0,1,0,0,0,0,1,3,2,3,1,3,0
10717,5,5,513,2017,6,1,13,0,0,1,0,0,0,0,1,2,6,3,0,3,0
10718,1,12,130,2017,6,7,18,0,0,1,1,0,0,0,2,6,4,3,0,3,0
10719,2,6,218,2017,6,1,10,0,0,1,0,0,0,0,1,5,2,3,0,3,0
10720,5,6,514,2017,6,1,19,0,1,1,0,0,0,0,2,5,3,3,0,2,1
10721,3,2,312,2017,6,2,12,0,0,1,1,0,0,0,2,6,4,3,0,3,0
10722,5,7,515,2017,6,1,16,0,0,1,1,0,0,0,2,6,4,3,0,3,0
10723,7,10,711,2017,6,2,6,0,0,1,1,0,0,0,2,6,2,3,0,3,0
10724,4,11,430,2017,6,1,10,0,0,1,0,0,0,0,1,5,3,3,1,3,0
10725,3,1,307,2017,6,3,14,0,1,1,0,0,0,0,2,1,5,3,0,3,0
10726,5,13,521,2017,6,1,18,0,1,1,0,0,0,0,2,5,2,3,0,3,0
10727,4,5,409,2017,6,1,10,0,0,1,0,0,0,0,1,2,6,3,1,3,0
10728,5,1,501,2017,6,1,1,0,0,1,1,0,0,0,2,0,7,3,1,3,0
10729,4,9,425,2017,6,5,19,0,0,1,0,1,0,0,2,4,2,3,0,3,0
10730,7,4,705,2017,6,5,18,0,0,1,0,0,0,1,2,2,6,3,0,3,0
10731,2,4,212,2017,6,6,19,0,1,1,0,0,0,0,2,4,6,3,0,3,0
10732,3,1,309,2017,6,4,16,0,1,1,0,0,0,0,2,4,2,3,1,3,0
10733,1,8,123,2017,6,6,16,0,1,1,0,0,0,0,2,3,2,3,0,3,0
10734,5,8,516,2017,6,4,8,0,1,1,0,0,0,0,2,5,3,3,0,3,0
10735,3,1,303,2017,6,5,19,0,1,1,0,0,0,0,2,0,7,3,0,3,0
10736,4,5,409,2017,6,7,16,0,0,0,0,1,0,0,1,0,1,3,0,3,0
10737,5,6,514,2017,6,5,17,0,0,1,0,1,0,0,2,5,3,3,1,3,0
10738,1,5,113,2017,6,7,17,0,1,1,0,0,0,0,2,0,3,3,0,3,0
10739,4,10,428,2017,6,7,14,0,0,1,0,1,0,0,2,1,5,3,0,3,0
10740,1,6,115,2017,6,1,23,0,0,1,0,0,0,0,1,5,3,3,1,3,0
10741,3,6,318,2017,6,1,16,0,1,1,0,0,0,0,2,1,5,3,0,3,0
10742,6,2,602,2017,6,1,20,0,1,1,0,0,0,0,2,5,3,3,1,3,0
10743,3,1,307,2017,6,1,23,0,0,1,1,0,0,0,2,6,7,3,0,3,0
10744,5,17,525,2017,6,2,9,0,0,1,1,0,0,0,2,6,4,3,0,3,0
10745,1,4,112,2017,6,1,14,0,1,1,0,0,0,0,2,1,5,3,0,3,0
10746,7,9,710,2017,6,7,14,0,0,1,0,0,0,0,1,4,6,3,1,2,1
10747,7,8,709,2017,6,7,9,0,0,0,0,1,0,0,1,0,7,3,1,3,0
10748,6,1,601,2017,6,4,11,0,1,1,0,0,0,0,2,5,3,3,0,2,1
10749,2,8,220,2017,6,5,18,0,1,0,0,0,0,1,2,5,3,3,0,3,0
10750,1,11,128,2017,6,5,9,0,0,1,0,0,0,0,1,3,7,3,0,3,0
10751,4,10,427,2017,6,3,10,0,1,1,0,0,0,0,2,4,2,3,0,3,0
10752,3,1,303,2017,6,6,12,0,0,1,0,0,0,0,1,5,2,3,1,3,0
10753,1,12,130,2017,6,3,16,0,0,1,0,0,0,0,1,1,2,3,1,3,0
10754,4,11,430,2017,6,6,19,0,1,0,0,0,0,1,2,0,3,3,0,3,0
10755,4,7,416,2017,6,4,12,0,0,1,0,0,0,0,1,1,6,3,1,3,0
10756,1,4,112,2017,6,7,21,0,0,1,0,0,0,0,1,2,6,3,0,3,0
10757,1,16,137,2017,6,4,16,0,1,0,0,0,0,1,2,3,2,3,1,3,0
10758,4,4,407,2017,6,5,13,0,0,1,0,0,0,0,1,2,6,3,1,3,0
10759,3,5,317,2017,6,6,1,0,0,1,0,0,0,0,1,9,7,3,1,3,0
10760,5,7,515,2017,6,6,17,0,0,1,0,0,0,0,1,2,6,3,0,3,0
10761,4,7,416,2017,6,4,12,0,0,1,0,0,0,0,1,1,6,3,1,3,0
10762,1,4,111,2017,6,7,1,0,0,1,1,0,0,0,2,6,7,3,0,3,0
10763,1,18,139,2017,6,5,11,0,0,1,0,0,0,1,2,2,6,3,0,3,0
10764,4,13,432,2017,6,5,18,0,1,1,0,0,0,0,2,3,2,3,1,3,0
10765,2,5,216,2017,6,6,14,0,1,1,0,0,0,0,2,1,5,3,0,3,0
10766,1,11,128,2017,6,6,23,0,0,0,1,1,0,0,2,6,3,3,0,3,0
10767,7,5,706,2017,6,7,12,0,1,1,0,0,0,0,2,0,7,3,1,3,0
10768,3,1,306,2017,6,7,12,0,1,1,0,0,0,0,2,1,5,3,0,3,0
10769,6,5,606,2017,6,7,1,0,0,1,0,0,0,0,1,9,7,3,1,3,0
10770,1,16,136,2017,6,7,22,0,0,1,1,0,0,0,2,6,4,3,0,2,1
10771,5,1,501,2017,6,1,18,0,0,1,0,0,0,0,1,5,7,3,1,3,0
10772,1,12,130,2017,6,7,1,0,0,1,0,0,0,0,1,2,6,3,0,3,0
10773,5,3,510,2017,6,7,10,0,0,1,0,0,0,0,1,3,7,3,1,3,0
10774,5,10,518,2017,6,7,12,0,0,1,0,0,0,0,1,3,6,3,1,3,0
10775,1,5,114,2017,6,4,9,0,1,0,0,0,0,0,1,3,6,3,0,3,0
10776,5,10,518,2017,6,4,9,0,0,1,0,0,0,0,1,5,7,3,0,3,0
10777,1,3,108,2017,6,5,16,0,0,1,1,0,0,1,3,6,4,3,0,2,1
10778,4,5,409,2017,6,7,14,0,0,1,0,0,0,0,1,2,6,3,0,3,0
10779,5,4,512,2017,6,5,9,0,0,1,0,0,0,1,2,1,5,3,0,3,0
10780,4,1,401,2017,6,3,19,0,1,1,1,0,0,0,3,6,6,3,0,3,0
10781,1,1,101,2017,6,6,7,0,1,0,0,0,0,0,1,2,6,3,0,3,0
10782,5,8,516,2017,6,3,15,0,0,1,0,0,0,0,1,5,3,3,0,2,1
10783,2,14,227,2017,6,6,20,0,1,0,0,0,0,0,1,0,1,3,0,3,0
10784,3,5,317,2017,6,4,7,0,1,1,0,0,0,0,2,5,3,3,0,3,0
10785,4,9,424,2017,6,4,13,0,0,1,0,0,0,0,1,1,6,3,1,3,0
10786,4,8,423,2017,6,7,15,0,0,1,0,1,0,0,2,0,7,3,0,3,0
10787,7,13,714,2017,6,2,17,0,0,1,0,0,0,0,1,1,6,3,1,3,0
10788,4,6,415,2017,6,7,17,0,0,1,0,0,0,0,1,2,6,3,0,3,0
10789,3,8,320,2017,6,7,17,0,0,1,0,0,0,0,1,1,5,3,0,3,0
10790,2,5,215,2017,6,7,0,0,0,1,0,1,0,0,2,4,5,3,0,2,1
10791,5,4,512,2017,6,5,19,0,0,1,0,0,0,0,1,3,6,3,1,3,0
10792,1,1,102,2017,6,6,7,0,1,0,0,0,0,1,2,2,6,3,0,3,0
10793,5,7,515,2017,6,3,17,0,1,0,0,0,0,0,1,0,3,3,1,3,0
10794,2,10,222,2017,6,6,19,0,1,1,0,0,0,0,2,5,3,3,0,3,0
10795,2,12,225,2017,6,4,12,0,0,1,1,0,0,0,2,6,4,3,1,2,1
10796,1,12,130,2017,6,6,16,0,0,1,0,0,0,1,2,2,6,3,0,3,0
10797,5,6,514,2017,6,4,16,0,1,1,0,0,0,0,2,5,3,3,1,3,0
10798,2,5,215,2017,6,5,14,0,1,1,0,0,0,0,2,5,3,3,1,3,0
10799,7,10,711,2017,6,7,13,0,0,1,0,0,0,1,2,4,6,3,0,3,0
10800,6,7,608,2017,6,5,15,0,0,0,0,0,0,1,1,0,6,3,0,3,0
10801,5,7,515,2017,6,6,16,0,0,1,0,0,0,0,1,5,3,3,1,3,0
10802,1,5,114,2017,6,7,16,0,1,0,1,0,0,0,2,0,7,3,0,3,0
10803,2,4,212,2017,6,7,20,0,1,1,0,0,0,0,2,2,6,3,0,3,0
10804,4,5,413,2017,6,7,19,0,1,1,0,0,0,0,2,0,7,3,0,3,0
10805,7,10,711,2017,6,6,15,0,1,0,1,0,0,0,2,6,7,3,0,3,0
10806,1,16,136,2017,6,6,14,0,1,1,0,0,0,0,2,3,2,3,0,3,0
10807,2,8,220,2017,6,3,15,0,1,0,0,0,0,1,2,5,3,3,0,3,0
10808,5,18,526,2017,6,3,20,0,0,1,0,0,0,1,2,1,5,3,0,3,0
10809,7,12,713,2017,6,7,21,0,0,0,0,1,0,0,1,8,1,3,0,2,1
10810,5,4,512,2017,6,6,15,0,0,1,0,0,0,1,2,4,2,3,0,3,0
10811,1,1,102,2017,6,7,15,0,0,1,0,1,0,0,2,1,6,3,0,3,0
10812,4,12,431,2017,6,7,16,0,0,1,0,0,0,1,2,3,2,3,0,3,0
10813,6,1,601,2017,6,6,16,0,0,1,0,0,0,0,1,2,6,3,0,3,0
10814,3,2,312,2017,6,1,11,0,1,1,0,0,0,0,2,5,3,3,0,2,1
10815,1,12,130,2017,6,6,11,0,0,1,0,0,0,1,2,4,2,3,0,3,0
10816,1,5,114,2017,6,2,14,0,1,1,0,0,0,0,2,1,5,3,1,3,0
10817,1,11,128,2017,6,6,8,0,0,0,0,0,0,1,1,5,3,3,0,3,0
10818,1,8,121,2017,6,6,17,0,0,1,0,0,0,0,1,4,2,3,0,3,0
10819,1,6,116,2017,6,6,9,0,0,1,0,0,0,0,1,2,7,3,0,3,0
10820,1,15,134,2017,6,4,12,0,0,1,0,0,0,1,2,3,6,3,0,3,0
10821,4,13,432,2017,6,5,7,0,1,1,0,0,0,0,2,5,3,3,0,3,0
10822,1,5,114,2017,6,3,8,0,0,1,1,0,0,0,2,6,7,3,0,3,0
10823,1,16,136,2017,6,5,15,0,1,1,0,0,0,0,2,4,1,3,0,3,0
10824,4,13,432,2017,6,3,7,0,1,0,0,0,0,1,2,5,3,3,0,3,0
10825,3,5,317,2017,6,6,9,0,0,1,0,0,0,1,2,2,6,3,0,3,0
10826,6,2,602,2017,6,3,18,0,0,1,0,0,0,0,1,5,3,3,0,3,0
10827,5,3,510,2017,6,6,18,0,0,1,0,0,0,0,1,1,5,3,0,3,0
10828,4,6,415,2017,6,4,16,0,1,0,0,0,0,1,2,3,2,3,1,3,0
10829,1,5,114,2017,6,5,7,0,1,1,0,0,0,0,2,5,3,3,0,3,0
10830,5,13,521,2017,6,5,19,0,0,1,0,0,0,1,2,4,6,3,1,2,1
10831,2,8,220,2017,6,6,11,0,0,1,0,0,0,1,2,1,7,3,0,3,0
10832,6,6,607,2017,6,6,18,0,0,0,0,1,0,0,1,0,7,3,1,3,0
10833,3,8,320,2017,6,7,14,0,0,1,0,0,0,0,1,5,3,3,0,3,0
10834,5,7,515,2017,6,5,16,0,0,0,0,1,0,1,2,3,5,3,1,3,0
10835,2,5,216,2017,6,6,17,0,1,1,0,0,0,0,2,5,3,3,1,3,0
10836,1,16,137,2017,6,6,6,0,0,0,0,1,0,0,1,0,1,3,0,3,0
10837,5,4,512,2017,6,6,11,0,1,0,0,0,0,1,2,5,2,3,0,3,0
10838,3,7,319,2017,6,7,16,0,0,1,0,0,0,0,1,1,7,3,0,3,0
10839,1,16,137,2017,6,7,22,0,1,0,1,0,0,0,2,6,6,3,0,3,0
10840,5,4,512,2017,6,6,7,0,0,1,0,0,0,1,2,2,6,3,0,3,0
10841,4,9,425,2017,6,6,5,0,0,1,0,0,0,0,1,5,3,3,0,3,0
10842,4,9,424,2017,6,6,13,0,1,1,0,0,0,0,2,3,6,3,0,3,0
10843,1,1,102,2017,6,4,8,0,0,1,0,1,0,0,2,2,7,3,0,3,0
10844,5,2,507,2017,6,4,17,0,1,0,0,0,0,0,1,0,7,3,0,3,0
10845,5,3,511,2017,6,6,7,0,0,1,0,0,0,1,2,1,2,3,0,3,0
10846,3,1,301,2017,6,5,8,0,0,1,0,0,0,1,2,3,6,3,0,3,0
10847,5,12,520,2017,6,2,17,0,1,1,0,0,0,0,2,5,3,3,0,2,1
10848,5,18,526,2017,6,5,12,0,0,1,0,0,0,0,1,1,5,3,0,3,0
10849,3,8,320,2017,6,3,15,0,0,1,0,0,0,0,1,4,6,3,0,3,0
10850,3,1,310,2017,6,6,18,0,1,1,0,0,0,0,2,4,2,3,0,3,0
10851,5,18,526,2017,6,3,17,0,0,1,0,0,0,0,1,4,2,3,1,3,0
10852,2,9,221,2017,6,4,20,0,0,1,0,0,0,0,1,2,6,3,1,3,0
10853,5,4,512,2017,6,4,13,0,1,1,0,0,0,0,2,2,2,3,1,3,0
10854,3,8,320,2017,6,4,16,0,1,0,0,0,0,0,1,0,7,3,1,3,0
10855,6,1,601,2017,6,6,10,0,0,1,0,0,0,0,1,1,2,3,1,3,0
10856,1,8,123,2017,6,4,16,0,1,1,0,0,0,0,2,5,3,3,1,3,0
10857,2,4,212,2017,6,5,18,0,1,1,0,0,0,0,2,5,3,3,1,3,0
10858,3,9,321,2017,6,1,17,0,0,1,0,1,0,0,2,1,6,3,0,3,0
10859,3,2,311,2017,6,6,17,0,0,1,0,0,0,0,1,2,6,3,1,3,0
10860,5,2,508,2017,6,6,13,0,1,1,0,0,0,0,2,5,3,3,0,3,0
10861,3,2,312,2017,6,7,13,0,0,1,0,1,0,0,2,1,5,3,0,3,0
10862,5,3,510,2017,6,6,14,0,0,0,0,1,0,1,2,2,6,3,0,3,0
10863,5,7,515,2017,6,6,17,0,1,1,0,0,0,0,2,5,3,3,0,3,0
10864,5,7,515,2017,6,6,13,0,0,1,0,0,0,0,1,1,6,3,0,3,0
10865,2,11,223,2017,6,3,17,0,1,1,0,0,0,0,2,3,2,3,0,3,0
10866,1,8,126,2017,6,3,18,0,0,1,0,0,0,0,1,4,2,3,0,3,0
10867,5,12,520,2017,6,6,12,0,0,1,0,0,0,0,1,5,3,3,0,3,0
10868,3,7,319,2017,6,4,18,0,0,1,0,0,0,0,1,2,6,3,0,3,0
10869,5,11,519,2017,6,6,9,0,1,0,0,0,0,0,1,0,7,3,0,3,0
10870,7,4,705,2017,6,4,18,0,0,1,0,0,0,0,1,5,3,3,0,3,0
10871,4,13,432,2017,6,6,18,0,0,0,1,0,0,1,2,0,7,3,0,3,0
10872,5,7,515,2017,6,5,16,0,1,1,0,0,0,0,2,0,3,3,0,3,0
10873,1,1,102,2017,6,3,18,0,0,1,0,0,0,0,1,2,6,3,0,3,0
10874,5,10,518,2017,6,3,18,0,0,1,0,0,0,0,1,4,2,3,1,3,0
10875,7,13,714,2017,6,3,15,0,1,1,0,0,0,0,2,5,2,3,0,3,0
10876,5,11,519,2017,6,4,8,0,1,0,0,0,0,0,1,3,6,3,0,3,0
10877,7,16,717,2017,6,4,19,0,1,1,0,0,0,0,2,5,3,3,0,2,1
10878,4,9,425,2017,6,5,16,0,1,1,0,0,0,0,2,0,7,3,0,3,0
10879,1,1,101,2017,6,3,19,0,0,1,0,0,0,0,1,3,7,3,0,3,0
10880,7,1,702,2017,6,5,16,0,0,1,0,0,0,0,1,2,6,3,0,3,0
10881,5,10,518,2017,6,3,17,0,1,1,0,0,0,0,2,5,3,3,1,3,0
10882,3,1,310,2017,6,6,20,0,1,0,0,0,0,0,1,4,6,3,0,3,0
10883,1,5,114,2017,6,4,17,0,1,0,1,0,0,0,2,6,3,3,1,3,0
10884,5,17,525,2017,6,4,13,0,0,1,0,0,0,0,1,1,6,3,1,3,0
10885,2,4,214,2017,6,5,9,0,1,1,0,0,0,0,2,5,3,3,0,3,0
10886,3,9,321,2017,6,7,15,0,1,1,0,0,0,0,2,1,5,3,0,3,0
10887,5,2,508,2017,6,5,6,0,1,1,0,0,0,0,2,0,3,3,0,3,0
10888,4,7,416,2017,6,6,15,0,1,1,0,0,0,0,2,5,3,3,0,3,0
10889,4,13,432,2017,6,6,8,0,1,1,0,0,0,0,2,5,3,3,0,3,0
10890,1,13,131,2017,6,2,15,0,0,0,0,0,0,1,1,2,6,3,0,3,0
10891,3,1,310,2017,6,3,13,0,0,1,0,0,0,0,1,5,3,3,0,3,0
10892,4,5,412,2017,6,6,11,0,1,0,0,0,0,0,1,3,2,3,0,3,0
10893,4,13,432,2017,6,3,23,0,0,1,0,0,0,0,1,1,5,3,0,3,0
10894,4,5,411,2017,6,6,18,0,1,1,0,0,0,0,2,1,5,3,0,3,0
10895,1,3,108,2017,6,4,9,0,0,1,0,0,0,1,2,3,6,3,0,3,0
10896,4,6,414,2017,6,6,19,0,1,1,0,0,0,0,2,0,6,3,0,3,0
10897,5,2,508,2017,6,4,15,0,0,1,0,0,0,0,1,2,7,3,0,3,0
10898,4,8,421,2017,6,6,12,0,0,1,0,0,0,0,1,2,6,3,0,3,0
10899,5,16,524,2017,6,6,17,0,0,1,0,0,0,0,1,2,6,3,1,3,0
10900,1,18,139,2017,6,7,5,0,0,1,0,0,0,1,2,1,6,3,1,3,0
10901,4,8,422,2017,6,6,18,0,0,0,0,1,0,0,1,0,7,3,0,2,1
10902,5,1,504,2017,6,7,19,0,0,1,0,0,0,0,1,5,3,3,0,3,0
10903,7,1,702,2017,6,7,19,0,0,1,0,0,0,0,1,5,3,3,1,3,0
10904,5,1,504,2017,6,6,7,0,0,1,0,0,0,0,1,2,6,3,0,3,0
10905,4,7,416,2017,6,6,13,0,0,1,0,0,0,0,1,3,6,3,0,3,0
10906,5,7,515,2017,6,3,0,0,0,1,0,0,0,0,1,8,1,3,1,2,1
10907,1,3,108,2017,6,4,19,0,1,0,1,0,0,0,2,6,7,3,0,3,0
10908,5,18,526,2017,6,4,13,0,0,1,1,0,0,0,2,6,4,3,0,2,1
10909,3,8,320,2017,6,6,19,0,0,1,0,0,0,0,1,5,3,3,0,3,0
10910,4,2,404,2017,6,5,17,0,1,1,0,0,0,0,2,5,3,3,0,3,0
10911,1,8,123,2017,6,2,17,0,1,1,0,0,0,0,2,3,2,3,0,3,0
10912,1,8,121,2017,6,5,19,0,1,0,0,0,0,0,1,3,2,3,1,3,0
10913,4,7,417,2017,6,3,17,0,1,1,1,0,0,0,3,7,7,3,1,3,0
10914,1,12,130,2017,6,3,16,0,0,1,0,0,0,0,1,3,7,3,1,3,0
10915,4,10,426,2017,6,4,13,0,0,1,0,0,0,0,1,1,6,3,1,3,0
10916,3,8,320,2017,6,6,14,0,1,1,0,0,0,0,2,0,5,3,0,3,0
10917,3,6,318,2017,6,6,15,0,1,1,0,0,0,0,2,5,3,3,0,3,0
10918,1,12,130,2017,6,6,12,0,1,1,0,0,0,0,2,5,3,3,0,3,0
10919,2,14,227,2017,6,6,11,0,1,1,0,0,0,0,2,3,5,3,0,3,0
10920,2,4,211,2017,6,7,18,0,0,1,0,0,0,1,2,1,5,3,0,3,0
10921,2,5,216,2017,6,6,7,0,0,1,0,0,0,0,1,1,6,3,0,3,0
10922,3,6,318,2017,6,6,10,0,0,0,0,1,0,0,1,0,1,3,0,3,0
10923,2,3,209,2017,6,3,12,0,1,1,0,0,0,0,2,3,2,3,1,3,0
10924,3,8,320,2017,6,3,9,0,0,0,0,1,0,0,1,0,1,3,1,3,0
10925,1,11,129,2017,6,3,19,0,0,1,0,0,0,0,1,2,6,3,0,3,0
10926,3,2,312,2017,6,6,10,0,0,1,0,0,0,1,2,5,3,3,0,3,0
10927,5,12,520,2017,6,4,16,0,0,1,0,0,0,0,1,5,2,3,0,3,0
10928,1,4,111,2017,6,6,15,0,1,1,0,0,0,0,2,3,6,3,0,3,0
10929,1,1,102,2017,6,5,7,0,1,1,0,0,0,0,2,5,3,3,0,3,0
10930,1,3,108,2017,6,6,6,0,0,1,0,1,0,0,2,0,6,3,0,3,0
10931,3,1,303,2017,6,3,11,0,1,1,0,0,0,0,2,4,6,3,0,3,0
10932,5,7,515,2017,6,3,13,0,1,1,0,0,0,0,2,5,3,3,0,3,0
10933,7,16,717,2017,6,6,8,0,1,1,0,0,0,0,2,4,2,3,1,3,0
10934,1,19,140,2017,6,6,8,0,0,1,0,0,0,1,2,1,6,3,0,3,0
10935,7,1,702,2017,6,6,20,0,0,1,0,0,0,0,1,4,2,3,1,3,0
10936,1,16,137,2017,6,6,15,0,1,1,0,0,0,0,2,5,3,3,0,3,0
10937,1,16,137,2017,6,6,13,0,0,1,0,0,0,1,2,3,6,3,0,3,0
10938,1,11,129,2017,6,6,13,0,1,1,0,0,0,0,2,5,3,3,0,3,0
10939,1,6,116,2017,6,6,15,0,0,1,0,1,0,0,2,5,3,3,0,3,0
10940,5,10,518,2017,6,7,3,0,0,1,0,0,0,0,1,9,1,3,0,3,0
10941,5,18,526,2017,6,6,17,0,0,1,0,0,0,0,1,1,6,3,0,3,0
10942,5,18,526,2017,6,6,11,0,0,1,0,1,0,0,2,0,6,3,1,3,0
10943,4,9,424,2017,6,6,21,0,0,1,0,0,0,1,2,1,6,3,1,3,0
10944,5,4,512,2017,6,5,14,0,1,1,0,0,0,0,2,5,3,3,0,3,0
10945,5,2,505,2017,6,6,15,0,0,1,1,0,0,0,2,6,4,3,0,3,0
10946,4,11,430,2017,6,6,7,0,0,1,0,0,0,0,1,2,6,3,1,3,0
10947,5,7,515,2017,6,6,15,0,1,1,0,0,0,0,2,3,2,3,0,3,0
10948,4,12,431,2017,6,6,12,0,0,1,0,0,0,0,1,1,6,3,0,3,0
10949,4,8,422,2017,6,6,14,0,1,1,0,0,0,0,2,5,3,3,0,2,1
10950,7,9,710,2017,6,5,17,0,0,1,0,0,0,0,1,0,7,3,0,3,0
10951,4,6,415,2017,6,6,8,0,0,1,0,0,0,1,2,2,6,3,1,3,0
10952,2,7,219,2017,6,2,14,0,1,1,0,0,0,0,2,5,3,3,0,2,1
10953,7,9,710,2017,6,2,21,0,0,1,1,0,0,0,2,6,4,3,0,3,0
10954,3,7,319,2017,6,3,9,0,1,1,0,0,0,0,2,3,2,3,1,3,0
10955,2,5,215,2017,6,6,19,0,1,0,0,0,0,0,1,0,7,3,0,2,1
10956,7,7,708,2017,6,5,7,0,0,1,0,1,0,0,2,3,2,3,0,3,0
10957,5,2,508,2017,6,3,12,0,0,1,0,0,0,0,1,2,6,3,1,3,0
10958,2,6,218,2017,6,6,15,0,0,1,1,0,0,0,2,6,7,3,0,3,0
10959,1,15,134,2017,6,5,18,0,0,1,0,0,0,0,1,2,6,3,0,3,0
10960,1,4,111,2017,6,4,13,0,1,1,0,0,0,0,2,4,2,3,0,3,0
10961,1,16,137,2017,6,5,16,0,0,1,0,0,0,0,1,2,2,3,0,3,0
10962,2,5,216,2017,6,6,21,0,0,1,0,1,0,0,2,0,7,3,1,3,0
10963,1,12,130,2017,6,5,20,0,0,1,0,0,0,0,1,2,6,3,0,3,0
10964,6,14,615,2017,6,2,16,0,1,1,0,0,0,0,2,5,2,3,0,3,0
10965,1,13,131,2017,6,6,15,0,0,1,0,0,0,0,1,4,7,3,0,3,0
10966,2,5,216,2017,6,5,19,0,1,0,0,0,0,0,1,0,7,3,0,3,0
10967,3,2,311,2017,6,4,8,0,1,0,0,0,0,0,1,3,6,3,0,3,0
10968,1,13,131,2017,6,5,19,0,1,1,0,0,0,0,2,3,2,3,0,3,0
10969,1,16,137,2017,6,4,14,0,0,1,0,0,0,1,2,0,6,3,0,3,0
10970,1,8,124,2017,6,5,19,0,0,1,0,1,0,0,2,0,2,3,0,3,0
10971,4,7,416,2017,6,5,22,0,0,1,0,0,0,0,1,5,3,3,1,3,0
10972,7,12,713,2017,6,2,19,0,0,0,0,1,0,0,1,8,1,3,0,2,1
10973,6,1,601,2017,6,5,7,0,1,1,0,0,0,0,2,4,2,3,0,3,0
10974,4,13,432,2017,6,3,10,0,1,0,0,1,0,0,2,4,2,3,0,3,0
10975,1,12,130,2017,6,3,18,0,0,1,0,0,0,1,2,2,6,3,1,3,0
10976,2,8,220,2017,6,6,20,0,0,1,0,0,0,0,1,1,5,3,1,2,1
10977,3,7,319,2017,6,6,8,0,1,1,0,0,0,0,2,5,3,3,1,3,0
10978,3,1,307,2017,6,6,16,0,1,1,0,0,0,0,2,3,2,3,0,3,0
10979,2,1,202,2017,6,6,10,0,0,1,0,1,0,0,2,3,2,3,1,2,1
10980,3,2,311,2017,6,6,18,0,1,1,0,0,0,0,2,4,2,3,0,3,0
10981,3,2,312,2017,6,6,9,0,0,1,0,1,0,0,2,2,2,3,1,3,0
10982,1,4,110,2017,6,6,16,0,0,1,1,0,0,0,2,6,4,3,0,2,1
10983,1,3,108,2017,6,6,12,0,0,1,0,0,0,1,2,2,6,3,0,3,0
10984,1,5,114,2017,6,6,10,0,0,0,1,0,0,1,2,6,4,3,0,2,1
10985,1,5,114,2017,6,6,7,0,0,1,1,0,0,0,2,6,4,3,0,3,0
10986,1,5,114,2017,6,6,18,0,1,1,0,0,0,0,2,5,3,3,0,3,0
10987,1,20,141,2017,6,5,13,0,0,1,0,0,0,0,1,4,6,3,0,3,0
10988,1,4,112,2017,6,1,21,0,0,1,1,0,0,0,2,6,4,3,1,3,0
10989,7,10,711,2017,6,5,20,0,1,1,0,0,0,0,2,5,3,3,1,3,0
10990,7,16,717,2017,6,1,18,0,0,1,0,0,0,0,1,9,7,3,0,2,1
10991,4,11,430,2017,6,2,5,0,0,1,0,0,0,1,2,0,7,3,1,3,0
10992,7,1,702,2017,6,5,13,0,1,1,0,0,0,0,2,5,2,3,0,3,0
10993,1,8,123,2017,6,5,14,0,0,1,0,0,0,0,1,2,6,3,0,3,0
10994,2,1,206,2017,6,3,16,0,1,1,0,0,0,0,2,5,3,3,0,3,0
10995,7,10,711,2017,6,5,12,0,1,0,1,0,0,0,2,6,7,3,0,3,0
10996,1,6,117,2017,6,5,11,0,0,1,1,0,0,0,2,6,2,3,0,3,0
10997,4,5,410,2017,6,3,16,0,1,1,0,0,0,0,2,0,6,3,0,3,0
10998,6,14,615,2017,6,5,13,0,1,0,0,0,0,1,2,0,7,3,0,3,0
10999,5,18,526,2017,6,5,16,0,1,1,0,0,0,0,2,5,2,3,0,3,0