SN,District,Imperial_Circle,Community,Year,Month,Weekday,Hour,Road,Cycle,Car,Pedestrians,Motorcycle,Goods Vehicle,Others,Total,Collision Type,Accident Type,Light Condition,Road Condition,Accident_Severity,Severity
11000,6,6,607,2017,6,5,14,0,1,1,0,0,0,0,2,1,2,3,0,3,0
11001,5,4,512,2017,6,5,9,0,0,1,0,0,0,0,1,2,6,3,0,3,0
11002,5,18,526,2017,6,5,6,0,0,0,0,1,0,1,2,0,2,3,0,3,0
11003,5,18,526,2017,6,5,16,0,1,1,0,0,0,0,2,5,3,3,0,3,0
11004,5,18,526,2017,6,5,5,0,0,1,0,0,0,0,1,8,1,3,0,2,1
11005,5,3,510,2017,6,5,16,0,0,1,0,0,0,0,1,0,7,3,0,3,0
11006,5,3,510,2017,6,5,8,0,0,1,0,0,0,0,1,2,2,3,0,3,0
11007,5,3,510,2017,6,5,17,0,0,1,0,0,0,0,1,4,2,3,0,3,0
11008,5,7,515,2017,6,5,8,0,1,1,0,0,0,0,2,3,2,3,0,3,0
11009,5,10,518,2017,6,5,15,0,0,1,1,0,0,0,2,6,4,3,0,3,0
11010,4,9,425,2017,6,2,15,0,0,1,0,0,0,0,1,2,6,3,0,3,0
11011,3,5,317,2017,6,3,13,0,0,0,0,1,0,0,1,0,1,3,1,3,0
11012,4,12,431,2017,6,3,7,0,1,0,1,0,0,0,2,6,7,3,1,2,1
11013,5,8,516,2017,6,5,20,0,0,1,0,0,0,0,1,5,3,3,1,3,0
11014,4,11,430,2017,6,5,13,0,1,0,0,0,0,0,1,5,3,3,0,3,0
11015,1,5,113,2017,6,4,13,0,0,1,0,0,0,0,1,2,2,3,0,3,0
11016,5,16,524,2017,6,5,18,0,1,1,0,0,0,0,2,5,3,3,0,3,0
11017,4,13,432,2017,6,5,18,0,1,0,0,0,0,0,1,5,3,3,0,3,0
11018,5,14,522,2017,6,4,17,0,0,1,0,1,0,0,2,2,2,3,0,3,0
11019,4,12,431,2017,6,5,10,0,1,1,0,0,0,0,2,5,3,3,0,3,0
11020,5,10,518,2017,6,5,20,0,0,1,0,0,0,0,1,3,6,3,1,3,0
11021,2,1,201,2017,6,5,8,0,0,1,0,0,0,1,2,3,7,3,0,3,0
11022,4,5,410,2017,6,5,18,0,1,1,0,0,0,0,2,5,2,3,0,3,0
11023,2,8,220,2017,6,3,19,0,1,1,0,0,0,0,2,3,2,3,0,3,0
11024,1,4,111,2017,6,7,6,0,0,1,0,0,0,1,2,3,6,3,0,3,0
11025,4,13,432,2017,6,5,12,0,1,1,0,0,0,0,2,5,3,3,1,3,0
11026,4,4,407,2017,6,5,10,0,0,1,0,0,0,0,1,1,6,3,0,3,0
11027,2,12,225,2017,6,5,13,0,0,1,1,0,0,0,2,6,4,3,0,3,0
11028,2,4,212,2017,6,5,7,0,1,1,0,0,0,0,2,4,2,3,0,3,0
11029,2,8,220,2017,6,5,7,0,0,1,0,1,0,0,2,3,7,3,0,2,1
11030,4,2,404,2017,6,5,15,0,1,1,0,0,0,0,2,3,2,3,0,3,0
11031,4,2,403,2017,6,5,14,0,0,0,1,0,0,1,2,6,3,3,1,3,0
11032,3,2,312,2017,6,5,13,0,0,1,0,0,0,0,1,2,6,3,0,2,1
11033,3,3,313,2017,6,5,11,0,1,1,0,0,0,0,2,4,2,3,0,3,0
11034,2,2,207,2017,6,5,12,0,0,1,0,0,0,1,2,2,6,3,1,3,0
11035,1,5,114,2017,6,5,0,0,1,0,0,0,0,0,1,4,6,3,0,3,0
11036,1,5,114,2017,6,5,7,0,1,1,0,0,0,0,2,5,3,3,0,2,1
11037,3,5,317,2017,6,7,23,0,1,1,0,0,0,0,2,1,5,3,0,3,0
11038,7,1,702,2017,6,4,20,0,0,1,0,0,0,1,2,1,2,3,0,3,0
11039,1,16,136,2017,6,7,6,0,0,1,0,0,0,0,1,5,3,3,0,3,0
11040,1,16,137,2017,6,4,20,0,1,1,0,0,0,0,2,3,2,3,0,3,0
11041,5,12,520,2017,6,1,21,0,0,1,0,0,0,0,1,8,1,3,1,3,0
11042,1,12,130,2017,6,4,16,0,0,1,0,1,0,0,2,4,2,3,0,3,0
11043,4,10,428,2017,6,5,10,0,1,1,0,0,0,0,2,5,3,3,0,3,0
11044,2,11,223,2017,6,2,7,0,1,0,0,0,0,1,2,0,7,3,1,3,0
11045,1,8,123,2017,6,4,18,0,0,1,0,0,0,0,1,2,6,3,0,3,0
11046,1,8,124,2017,6,4,14,0,0,1,0,1,0,0,2,5,7,3,0,3,0
11047,1,14,132,2017,6,4,14,0,1,1,0,0,0,0,2,0,6,3,0,3,0
11048,1,14,132,2017,6,4,14,0,1,0,0,0,0,0,1,0,1,3,0,2,1
11049,5,18,526,2017,6,4,5,0,0,1,0,0,0,0,1,5,3,3,0,3,0
11050,5,18,526,2017,6,4,7,0,0,1,1,0,0,0,2,6,4,3,0,3,0
11051,5,18,526,2017,6,4,7,0,0,1,0,1,0,0,2,5,2,3,0,3,0
11052,3,1,310,2017,6,6,18,0,1,1,0,0,0,0,2,5,2,3,0,3,0
11053,5,11,519,2017,6,4,16,0,1,1,0,0,0,0,2,5,3,3,0,3,0
11054,5,10,518,2017,6,4,13,0,1,1,0,0,0,0,2,4,6,3,0,3,0
11055,5,12,520,2017,6,4,7,0,1,1,0,0,0,0,2,5,3,3,0,3,0
11056,4,10,428,2017,6,5,9,0,0,1,0,0,0,1,2,1,5,3,0,3,0
11057,1,13,131,2017,6,1,10,0,0,0,0,1,0,0,1,0,2,3,0,2,1
11058,2,9,221,2017,6,2,7,0,1,0,0,0,0,0,1,5,3,3,0,3,0
11059,3,1,310,2017,6,3,14,0,0,1,0,0,0,0,1,2,6,3,1,3,0
11060,5,9,517,2017,6,4,17,0,1,1,0,0,0,0,2,3,2,3,0,3,0
11061,3,8,320,2017,6,5,16,0,1,1,0,0,0,0,2,3,2,3,0,2,1
11062,2,6,218,2017,6,3,15,0,0,1,0,0,0,0,1,2,6,3,0,3,0
11063,5,1,501,2017,6,4,16,0,0,1,0,1,0,0,2,5,7,3,0,3,0
11064,2,13,226,2017,6,5,14,0,0,0,0,1,0,1,2,0,6,3,0,3,0
11065,5,18,526,2017,6,3,7,0,1,0,0,0,0,1,2,5,2,3,0,3,0
11066,4,7,416,2017,6,4,20,0,1,0,0,0,0,0,1,0,1,3,0,3,0
11067,2,8,220,2017,6,5,8,0,0,1,0,0,0,0,1,2,6,3,0,3,0
11068,3,8,320,2017,6,4,15,0,0,1,0,1,0,0,2,2,6,3,0,3,0
11069,2,3,210,2017,6,4,19,0,0,1,1,0,0,0,2,6,4,3,0,3,0
11070,2,8,220,2017,6,5,17,0,0,1,1,0,0,0,2,6,4,3,0,3,0
11071,2,9,221,2017,6,4,16,0,1,0,0,1,0,0,2,5,3,3,0,3,0
11072,3,7,319,2017,6,5,15,0,0,1,0,0,0,1,2,1,6,3,0,3,0
11073,4,7,416,2017,6,6,20,0,0,1,0,0,0,0,1,5,3,3,0,3,0
11074,1,12,130,2017,6,6,18,0,1,0,1,0,0,0,2,6,6,3,0,3,0
11075,2,5,217,2017,6,5,16,0,0,1,0,0,0,1,2,2,6,3,1,3,0
11076,2,5,215,2017,6,4,9,0,1,1,0,0,0,0,2,4,2,3,0,3,0
11077,4,2,405,2017,6,4,17,0,0,1,0,0,0,0,1,5,3,3,0,3,0
11078,3,4,315,2017,6,4,7,0,1,0,0,0,0,0,1,4,6,3,0,3,0
11079,3,2,311,2017,6,4,8,0,1,0,0,0,0,0,1,1,6,3,0,3,0
11080,1,3,108,2017,6,4,16,0,0,0,0,1,0,1,2,3,6,3,0,3,0
11081,1,5,114,2017,6,4,16,0,1,0,0,0,0,0,1,4,6,3,0,3,0
11082,1,16,137,2017,6,3,16,0,0,1,0,0,0,1,2,3,6,3,0,3,0
11083,1,11,129,2017,6,3,16,0,0,0,0,0,0,1,1,3,6,3,0,3,0
11084,1,12,130,2017,6,3,6,0,1,0,1,0,0,0,2,6,3,3,0,3,0
11085,5,6,514,2017,6,3,13,0,0,1,0,0,0,1,2,5,3,3,0,2,1
11086,5,2,505,2017,6,3,11,0,0,1,0,0,0,1,2,2,6,3,0,3,0
11087,5,10,518,2017,6,3,19,0,1,1,0,0,0,0,2,5,3,3,0,3,0
11088,5,12,520,2017,6,3,10,0,0,1,0,0,0,0,1,2,6,3,0,3,0
11089,5,16,524,2017,6,3,13,0,1,1,0,0,0,0,2,3,6,3,0,3,0
11090,4,5,410,2017,6,3,19,0,0,1,0,0,0,1,2,4,2,3,0,3,0
11091,4,5,411,2017,6,3,16,0,0,1,1,0,0,0,2,6,3,3,0,3,0
11092,4,6,415,2017,6,3,9,0,1,0,0,1,0,0,2,3,2,3,0,3,0
11093,2,9,221,2017,6,3,7,0,1,1,0,0,0,0,2,4,2,3,0,3,0
11094,3,6,318,2017,6,3,16,0,0,1,0,0,0,0,1,4,2,3,0,2,1
11095,3,5,317,2017,6,3,13,0,0,1,0,0,0,0,1,4,2,3,0,3,0
11096,2,2,207,2017,6,3,7,0,1,0,0,0,0,0,1,5,3,3,0,3,0
11097,5,4,512,2017,6,7,10,0,1,1,0,0,0,0,2,5,3,3,0,3,0
11098,1,1,101,2017,6,3,19,0,0,1,0,1,0,0,2,5,3,3,0,3,0
11099,4,2,403,2017,6,1,15,0,1,1,1,0,0,0,3,6,6,3,0,3,0
11100,1,3,108,2017,6,3,17,0,1,1,0,0,0,0,2,5,3,3,0,3,0
11101,1,4,112,2017,6,2,9,0,0,1,0,0,0,1,2,1,6,3,0,3,0
11102,7,10,711,2017,6,3,9,0,0,1,0,0,0,0,1,8,1,3,0,3,0
11103,4,3,406,2017,6,5,7,0,1,1,0,0,0,0,2,5,3,3,0,3,0
11104,5,18,526,2017,6,2,9,0,0,1,1,0,0,0,2,6,4,3,0,3,0
11105,1,20,141,2017,6,2,16,0,1,0,0,0,0,0,1,0,7,3,0,2,1
11106,2,1,206,2017,6,5,14,0,1,0,0,0,0,0,1,2,6,3,0,3,0
11107,4,2,404,2017,6,3,10,0,0,1,1,0,0,0,2,6,4,3,1,3,0
11108,1,11,129,2017,6,2,10,0,0,1,0,0,0,1,2,1,6,3,0,3,0
11109,3,3,314,2017,6,5,9,0,0,1,0,0,0,0,1,2,6,3,0,3,0
11110,4,3,406,2017,6,3,16,0,0,1,0,0,0,0,1,5,2,3,0,3,0
11111,1,7,120,2017,6,2,12,0,1,1,0,0,0,0,2,5,2,3,0,3,0
11112,2,2,207,2017,6,5,14,0,1,1,0,0,0,0,2,5,2,3,0,2,1
11113,5,3,511,2017,6,2,0,0,0,1,1,0,0,0,2,6,7,3,0,2,1
11114,5,18,526,2017,6,2,13,0,0,0,0,1,0,0,1,8,1,3,0,3,0
11115,1,3,108,2017,6,5,16,0,1,0,0,0,0,0,1,0,7,3,0,2,1
11116,5,13,521,2017,6,2,16,0,0,0,0,1,0,0,1,8,1,3,0,3,0
11117,3,9,321,2017,6,2,8,0,1,0,0,0,0,0,1,0,7,3,0,3,0
11118,7,1,702,2017,6,5,11,0,0,1,0,0,0,1,2,0,3,3,0,3,0
11119,4,2,404,2017,6,6,14,0,1,1,0,0,0,0,2,5,3,3,0,2,1
11120,5,5,513,2017,6,6,18,0,0,1,0,1,0,0,2,0,7,3,0,2,1
11121,4,8,421,2017,6,4,17,0,1,1,0,0,0,0,2,5,3,3,1,2,1
11122,3,1,307,2017,6,7,19,0,1,1,0,0,0,0,2,3,2,3,0,3,0
11123,1,5,113,2017,6,5,17,0,1,0,1,0,0,0,2,6,6,3,0,2,1
11124,5,7,515,2017,6,5,17,0,0,1,1,0,0,0,2,6,4,3,1,2,1
11125,1,8,125,2017,6,2,14,0,0,1,0,0,0,1,2,2,6,3,0,3,0
11126,5,1,501,2017,6,3,10,0,0,1,1,0,0,0,2,6,6,3,0,3,0
11127,1,7,119,2017,6,6,14,0,0,1,0,0,0,0,1,1,6,3,0,3,0
11128,2,8,220,2017,6,2,10,0,0,0,0,0,0,1,1,1,5,3,0,3,0
11129,3,6,318,2017,6,2,19,0,1,1,0,0,0,0,2,5,3,3,0,3,0
11130,3,1,308,2017,6,2,19,0,0,1,0,0,0,0,1,3,6,3,0,3,0
11131,3,1,308,2017,6,2,8,0,1,1,0,0,0,0,2,2,6,3,0,3,0
11132,2,1,202,2017,6,2,15,0,0,1,0,0,0,0,1,3,6,3,0,3,0
11133,2,3,210,2017,6,2,14,0,1,1,0,0,0,0,2,5,3,3,0,3,0
11134,1,4,112,2017,6,2,15,0,0,1,0,1,0,0,2,4,2,3,0,2,1
11135,1,1,102,2017,6,2,9,0,0,1,0,0,0,0,1,3,7,3,0,3,0
11136,7,1,702,2017,6,2,11,0,1,0,0,0,0,0,1,0,7,3,0,3,0
11137,1,20,141,2017,6,1,20,0,0,1,0,1,0,0,2,3,6,3,0,3,0
11138,7,13,714,2017,6,6,17,0,0,1,0,0,0,0,1,4,6,3,1,3,0
11139,6,2,602,2017,6,1,12,0,1,0,0,0,0,1,2,0,3,3,0,3,0
11140,4,8,420,2017,6,7,20,0,1,1,0,0,0,0,2,5,3,3,0,2,1
11141,1,12,130,2017,6,1,22,0,0,1,1,0,0,0,2,6,4,3,0,2,1
11142,7,1,702,2017,6,7,13,0,0,1,0,0,0,1,2,2,7,3,0,3,0
11143,1,8,124,2017,6,1,20,0,1,1,0,0,0,0,2,5,3,3,0,3,0
11144,5,3,510,2017,6,1,23,0,0,1,0,0,0,0,1,4,7,3,0,3,0
11145,1,3,108,2017,6,5,16,0,0,0,0,0,0,1,1,3,6,3,0,3,0
11146,6,11,612,2017,6,1,12,0,1,0,0,0,0,0,1,0,7,3,0,2,1
11147,5,7,515,2017,6,1,16,0,0,1,1,0,0,0,2,6,5,3,0,3,0
11148,1,3,107,2017,6,5,15,0,1,1,0,0,0,0,2,1,5,3,0,3,0
11149,4,13,432,2017,6,2,13,0,0,0,0,1,0,0,1,0,1,3,1,3,0
11150,5,8,516,2017,6,1,13,0,0,1,0,0,0,0,1,4,2,3,0,3,0
11151,1,3,108,2017,6,5,14,0,0,1,0,0,0,1,2,0,2,3,0,3,0
11152,3,2,312,2017,6,3,17,0,0,1,0,0,0,0,1,1,7,3,0,3,0
11153,5,7,515,2017,6,1,13,0,1,0,0,0,0,0,1,0,7,3,0,3,0
11154,1,1,101,2017,6,5,12,0,1,1,0,0,0,0,2,5,3,3,0,3,0
11155,4,8,421,2017,6,1,0,0,0,1,1,0,0,0,2,6,4,3,0,2,1
11156,4,7,416,2017,6,5,9,0,1,1,0,0,0,0,2,4,2,3,0,3,0
11157,3,1,302,2017,6,5,17,0,1,1,0,0,0,0,2,4,7,3,0,3,0
11158,1,8,121,2017,6,5,8,0,0,1,0,0,0,0,1,5,3,3,0,3,0
11159,3,2,312,2017,6,6,13,0,1,0,0,0,0,1,2,5,3,3,0,3,0
11160,5,5,513,2017,6,3,13,0,0,1,0,0,0,0,1,2,6,3,0,3,0
11161,4,13,432,2017,6,6,17,0,0,1,0,0,0,0,1,5,2,3,0,3,0
11162,2,3,208,2017,7,4,14,0,1,1,0,0,0,0,2,3,2,3,1,3,0
11163,7,12,713,2017,7,4,10,0,0,1,0,0,0,1,2,5,7,3,1,2,1
11164,1,19,140,2017,7,3,9,0,0,1,0,0,0,0,1,1,2,3,1,3,0
11165,1,16,137,2017,7,3,9,0,0,1,0,0,0,0,1,4,2,3,1,3,0
11166,6,1,601,2017,7,3,16,0,0,1,1,0,0,0,2,6,4,3,0,1,1
11167,1,12,130,2017,7,3,15,0,0,1,0,0,0,0,1,1,6,3,0,3,0
11168,1,12,130,2017,7,3,17,0,0,1,1,0,0,0,2,6,4,3,0,3,0
11169,1,12,130,2017,7,3,19,0,0,1,0,0,0,0,1,5,3,3,1,3,0
11170,1,11,129,2017,7,3,10,0,0,1,0,0,0,0,1,1,6,3,1,3,0
11171,5,4,512,2017,7,3,17,0,0,0,0,1,0,1,2,0,6,3,1,2,1
11172,5,4,512,2017,7,3,11,0,1,1,0,0,0,0,2,5,3,3,0,3,0
11173,5,8,516,2017,7,3,15,0,1,0,0,0,0,0,1,3,6,3,1,3,0
11174,5,7,515,2017,7,3,18,0,1,1,0,0,0,0,2,1,5,3,0,3,0
11175,5,17,525,2017,7,3,16,0,1,1,0,0,0,0,2,5,3,3,1,3,0
11176,5,14,522,2017,7,3,8,0,1,1,0,0,0,0,2,5,3,3,0,3,0
11177,5,14,522,2017,7,3,14,0,1,1,0,0,0,0,2,5,3,3,1,3,0
11178,4,13,432,2017,7,3,17,0,0,1,0,0,0,0,1,2,6,3,0,3,0
11179,4,6,415,2017,7,3,12,0,1,1,0,0,0,0,2,1,5,3,1,3,0
11180,4,6,414,2017,7,3,17,0,1,1,0,0,0,0,2,5,3,3,0,3,0
11181,3,8,320,2017,7,3,14,0,0,1,0,0,0,1,2,4,6,3,1,3,0
11182,2,10,222,2017,7,3,8,0,0,1,0,1,0,0,2,5,2,3,1,3,0
11183,2,5,215,2017,7,3,16,0,1,0,0,0,0,0,1,4,6,3,0,3,0
11184,2,7,219,2017,7,3,9,0,0,1,0,0,0,0,1,2,6,3,1,3,0
11185,2,4,212,2017,7,3,18,0,1,0,1,0,0,0,2,6,3,3,1,3,0
11186,2,7,219,2017,7,3,15,0,1,1,0,0,0,0,2,5,3,3,0,3,0
11187,3,5,317,2017,7,3,12,0,1,0,1,0,0,0,2,6,7,3,0,3,0
11188,2,4,211,2017,7,3,6,0,1,0,0,0,0,1,2,5,3,3,1,3,0
11189,2,3,209,2017,7,3,8,0,1,0,0,0,0,0,1,4,6,3,1,3,0
11190,1,3,106,2017,7,3,21,0,1,1,0,0,0,0,2,3,2,3,0,3,0
11191,1,16,137,2017,7,2,12,0,0,1,0,0,0,1,2,5,3,3,1,3,0
11192,1,12,130,2017,7,2,20,0,0,1,0,0,0,0,1,9,1,3,1,3,0
11193,5,6,514,2017,7,2,17,0,0,1,0,0,0,0,1,2,6,3,1,3,0
11194,5,6,514,2017,7,2,13,0,1,1,0,0,0,0,2,5,3,3,1,3,0
11195,5,6,514,2017,7,2,15,0,0,1,0,0,0,0,1,4,2,3,1,3,0
11196,5,3,511,2017,7,2,16,0,0,1,0,0,0,1,2,0,6,3,1,3,0
11197,3,9,321,2017,7,2,11,0,1,0,0,0,0,0,1,0,7,3,1,3,0
11198,3,8,320,2017,7,2,17,0,0,1,0,0,0,1,2,9,7,3,1,3,0
11199,3,7,319,2017,7,2,12,0,1,0,0,0,0,0,1,0,7,3,1,3,0
11200,3,5,317,2017,7,2,18,0,0,1,0,0,0,0,1,2,6,3,0,3,0
11201,3,2,311,2017,7,2,9,0,0,1,1,0,0,0,2,6,4,3,0,3,0
11202,1,4,112,2017,7,2,18,0,1,0,1,0,0,0,2,6,4,3,1,3,0
11203,1,3,108,2017,7,2,22,0,0,1,0,0,0,0,1,4,2,3,0,3,0
11204,1,5,113,2017,7,2,7,0,1,1,0,0,0,0,2,5,3,3,0,3,0
11205,7,14,715,2017,7,1,21,0,1,0,0,0,0,1,2,0,3,3,0,3,0
11206,1,16,137,2017,7,1,18,0,0,1,0,0,0,0,1,8,1,3,0,3,0
11207,6,11,612,2017,7,1,14,0,1,0,0,1,0,0,2,3,6,3,0,3,0
11208,6,9,610,2017,7,1,23,0,1,1,0,0,0,0,2,1,5,3,0,3,0
11209,6,9,610,2017,7,1,14,0,0,0,0,1,0,0,1,2,6,3,0,3,0
11210,1,6,115,2017,7,1,9,0,0,1,0,0,0,0,1,3,6,3,0,3,0
11211,5,4,512,2017,7,1,0,0,0,1,1,0,0,0,2,6,3,3,0,3,0
11212,5,4,512,2017,7,1,18,0,0,1,0,0,0,0,1,2,6,3,0,3,0
11213,5,7,515,2017,7,1,13,0,0,1,0,1,0,0,2,5,3,3,0,3,0
11214,4,12,431,2017,7,1,5,0,0,1,0,0,0,1,2,1,5,3,0,3,0
11215,4,5,409,2017,7,1,17,0,0,1,1,0,0,0,2,6,4,3,0,3,0
11216,4,5,413,2017,7,1,15,0,1,1,0,0,0,0,2,5,2,3,0,3,0
11217,3,7,319,2017,7,1,17,0,0,1,0,0,0,0,1,5,3,3,0,3,0
11218,3,1,306,2017,7,1,11,0,1,0,1,0,0,0,2,0,4,3,0,3,0
11219,4,2,405,2017,7,1,15,0,0,1,0,0,0,0,1,2,6,3,0,3,0
11220,3,3,314,2017,7,1,18,0,0,1,0,0,0,0,1,5,3,3,0,3,0
11221,1,6,117,2017,7,7,9,0,0,0,1,0,0,1,2,6,6,3,0,3,0
11222,5,5,513,2017,7,7,6,0,0,1,0,0,0,0,1,4,6,3,0,3,0
11223,5,6,514,2017,7,7,19,0,0,1,0,0,0,0,1,2,2,3,0,3,0
11224,4,12,431,2017,7,7,22,0,1,1,0,0,0,0,2,5,3,3,0,3,0
11225,3,4,315,2017,7,7,18,0,0,0,0,1,0,0,1,3,6,3,0,2,1
11226,2,3,210,2017,7,7,14,0,0,1,0,1,0,0,2,5,3,3,0,3,0
11227,2,3,208,2017,7,7,4,0,0,1,1,0,0,0,2,7,7,3,0,3,0
11228,7,1,702,2017,7,6,20,0,1,1,0,0,0,0,2,4,6,3,0,3,0
11229,6,1,601,2017,7,6,9,0,1,1,0,0,0,0,2,3,6,3,0,3,0
11230,4,7,416,2017,7,6,7,0,0,0,1,0,0,1,2,6,4,3,0,3,0
11231,1,6,117,2017,7,6,5,0,1,1,0,0,0,0,2,5,3,3,0,2,1
11232,5,18,526,2017,7,6,13,0,0,1,0,0,0,1,2,2,6,3,0,3,0
11233,5,9,517,2017,7,6,11,0,0,1,0,0,0,1,2,4,7,3,0,3,0
11234,4,12,431,2017,7,6,15,0,1,0,0,0,0,0,1,4,6,3,0,3,0
11235,4,13,432,2017,7,6,15,0,0,1,0,1,0,0,2,2,7,3,0,2,1
11236,4,13,432,2017,7,6,20,0,0,1,0,0,0,0,1,5,2,3,0,3,0
11237,4,5,413,2017,7,6,8,0,1,0,0,0,0,1,2,1,5,3,0,2,1
11238,4,10,426,2017,7,6,8,0,0,1,0,0,0,0,1,1,2,3,0,3,0
11239,3,9,321,2017,7,6,14,0,1,0,0,1,0,0,2,4,6,3,0,3,0
11240,2,5,215,2017,7,6,17,0,1,1,0,0,0,0,2,0,3,3,0,3,0
11241,3,7,319,2017,7,6,13,0,1,1,0,0,0,0,2,5,3,3,0,3,0
11242,2,1,205,2017,7,6,15,0,0,1,0,0,0,0,1,3,6,3,0,3,0
11243,7,12,713,2017,7,5,14,0,1,1,0,0,0,0,2,5,3,3,0,3,0
11244,6,6,607,2017,7,5,15,0,0,1,0,1,0,0,2,9,5,3,0,3,0
11245,1,12,130,2017,7,5,14,0,1,0,1,0,0,0,2,6,4,3,0,3,0
11246,1,12,130,2017,7,5,11,0,0,0,0,0,0,1,1,0,7,3,0,3,0
11247,1,13,131,2017,7,5,12,0,1,0,0,0,0,0,1,0,7,3,0,3,0
11248,1,14,133,2017,7,5,21,0,0,1,0,0,0,0,1,3,6,3,0,3,0
11249,1,7,119,2017,7,5,13,0,0,1,0,1,0,0,2,4,2,3,0,3,0
11250,5,7,515,2017,7,5,16,0,0,1,0,1,0,0,2,5,3,3,0,3,0
11251,5,4,512,2017,7,5,16,0,0,0,1,1,0,0,2,6,4,3,0,3,0
11252,5,18,526,2017,7,5,10,0,1,1,0,0,0,0,2,5,3,3,0,2,1
11253,4,9,425,2017,7,5,15,0,1,1,0,0,0,0,2,4,2,3,0,3,0
11254,5,3,510,2017,7,5,9,0,0,1,0,0,0,0,1,5,3,3,0,3,0
11255,5,2,506,2017,7,5,18,0,0,1,1,0,0,0,2,6,3,3,0,3,0
11256,5,7,515,2017,7,5,11,0,1,0,1,0,0,0,2,6,7,3,0,3,0
11257,5,7,515,2017,7,5,12,0,1,1,0,0,0,0,2,5,3,3,0,3,0
11258,5,7,515,2017,7,5,7,0,0,1,0,0,0,0,1,2,6,3,0,3,0
11259,5,17,525,2017,7,5,16,0,0,1,1,0,0,0,2,6,4,3,0,2,1
11260,5,11,519,2017,7,5,22,0,1,1,0,0,0,0,2,0,3,3,0,3,0
11261,5,11,519,2017,7,5,7,0,1,1,0,0,0,0,2,5,3,3,0,3,0
11262,5,13,521,2017,7,5,9,0,1,0,0,0,0,0,1,0,1,3,0,3,0
11263,4,5,410,2017,7,5,14,0,0,1,0,0,0,0,1,2,6,3,0,3,0
11264,4,10,426,2017,7,5,17,0,0,1,0,0,0,1,2,1,6,3,0,3,0
11265,5,1,504,2017,7,5,19,0,1,1,0,0,0,0,2,5,2,3,0,3,0
11266,5,1,504,2017,7,5,11,0,0,1,0,0,0,0,1,5,3,3,0,3,0
11267,4,6,414,2017,7,5,12,0,1,1,0,0,0,0,2,5,3,3,0,3,0
11268,2,9,221,2017,7,5,14,0,1,0,0,0,0,0,1,0,7,3,0,3,0
11269,2,12,225,2017,7,5,8,0,1,1,0,0,0,0,2,5,3,3,0,3,0
11270,2,5,215,2017,7,5,22,0,0,0,0,1,0,1,2,0,3,3,0,3,0
11271,2,3,210,2017,7,5,17,0,0,1,0,0,0,0,1,2,6,3,0,3,0
11272,3,3,314,2017,7,5,19,0,1,1,0,0,0,0,2,1,5,3,0,2,1
11273,1,3,108,2017,7,5,21,0,1,0,0,0,0,0,1,0,7,3,0,3,0
11274,1,6,115,2017,7,5,6,0,1,1,0,0,0,0,2,5,3,3,0,3,0
11275,1,19,140,2017,7,5,5,0,0,1,0,0,0,1,2,3,6,3,0,3,0
11276,1,16,137,2017,7,4,7,0,0,1,0,0,0,0,1,4,2,3,1,3,0
11277,6,5,606,2017,7,4,14,0,0,1,0,0,0,0,1,2,6,3,0,3,0
11278,6,5,606,2017,7,4,10,0,1,1,0,0,0,0,2,5,3,3,0,2,1
11279,1,12,130,2017,7,4,15,0,0,1,0,0,0,1,2,2,2,3,0,3,0
11280,1,13,131,2017,7,4,16,0,0,1,0,0,0,1,2,2,7,3,0,3,0
11281,5,5,513,2017,7,4,8,0,0,1,0,0,0,1,2,3,7,3,1,3,0
11282,5,2,507,2017,7,4,14,0,0,1,0,0,0,0,1,1,6,3,0,3,0
11283,5,2,507,2017,7,4,12,0,0,1,0,0,0,0,1,4,2,3,0,3,0
11284,5,7,515,2017,7,4,9,0,0,1,0,0,0,0,1,1,6,3,0,3,0
11285,5,11,519,2017,7,4,14,0,0,1,0,0,0,0,1,1,1,3,0,2,1
11286,5,10,518,2017,7,4,6,0,0,1,0,1,0,0,2,2,6,3,1,3,0
11287,5,12,520,2017,7,4,15,0,1,1,0,0,0,0,2,5,3,3,0,3,0
11288,4,8,423,2017,7,4,18,0,1,0,0,0,0,0,1,3,6,3,0,3,0
11289,3,8,320,2017,7,4,16,0,0,0,0,0,0,1,1,0,7,3,0,3,0
11290,2,9,221,2017,7,4,12,0,0,1,0,0,0,0,1,5,3,3,0,3,0
11291,2,10,222,2017,7,4,11,0,1,1,0,0,0,1,3,1,6,3,0,3,0
11292,2,8,220,2017,7,4,19,0,1,0,0,0,0,0,1,0,7,3,0,3,0
11293,2,8,220,2017,7,4,7,0,1,1,0,0,0,0,2,5,3,3,1,3,0
11294,3,7,319,2017,7,4,8,0,0,1,0,0,0,0,1,2,6,3,0,3,0
11295,2,4,213,2017,7,4,17,0,0,0,1,0,0,1,2,6,2,3,0,3,0
11296,2,1,204,2017,7,4,11,0,0,1,0,0,0,0,1,5,3,3,0,3,0
11297,2,1,206,2017,7,4,8,0,1,0,0,0,0,0,1,5,3,3,1,3,0
11298,1,3,108,2017,7,4,12,0,0,1,0,0,0,1,2,3,2,3,0,2,1
11299,7,1,702,2017,7,3,10,0,1,1,0,0,0,0,2,5,3,3,0,3,0