SN,District,Imperial_Circle,Community,Year,Month,Weekday,Hour,Road,Cycle,Car,Pedestrians,Motorcycle,Goods Vehicle,Others,Total,Collision Type,Accident Type,Light Condition,Road Condition,Accident_Severity,Severity
11601,5,1,503,2017,7,5,22,0,1,1,0,0,0,0,2,5,3,3,0,3,0
11602,4,6,414,2017,7,5,20,0,1,1,0,0,0,0,2,1,7,3,0,3,0
11603,1,17,138,2017,6,2,5,0,0,1,0,0,0,1,2,2,6,3,0,3,0
11604,5,1,503,2017,7,5,15,0,0,1,0,0,0,1,2,4,7,3,0,3,0
11605,3,9,321,2017,7,5,14,0,1,1,0,0,0,0,2,5,3,3,0,2,1
11606,7,1,702,2017,6,1,15,0,0,1,0,1,0,0,2,0,1,3,0,3,0
11607,1,8,126,2017,6,1,15,0,0,1,0,0,0,0,1,2,6,3,0,3,0
11608,5,2,507,2017,6,1,5,0,0,1,0,0,0,0,1,2,6,3,0,3,0
11609,5,9,517,2017,6,1,19,0,0,1,0,0,0,0,1,4,6,3,0,2,1
11610,4,13,432,2017,6,1,17,0,1,1,0,0,0,0,2,4,2,3,0,3,0
11611,4,5,409,2017,6,1,10,0,0,1,0,0,0,1,2,1,5,3,1,3,0
11612,4,6,415,2017,6,1,12,0,0,1,1,0,0,0,2,6,2,3,0,3,0
11613,2,14,227,2017,6,1,13,0,1,1,0,0,0,0,2,5,3,3,0,3,0
11614,2,5,217,2017,6,1,19,0,0,1,0,0,0,0,1,3,7,3,0,3,0
11615,2,3,208,2017,6,1,13,0,0,1,0,0,0,0,1,2,6,3,1,3,0
11616,2,8,220,2017,7,5,15,0,0,1,1,0,0,0,2,6,4,3,0,2,1
11617,2,8,220,2017,7,5,15,0,0,1,1,0,0,0,2,6,3,3,0,2,1
11618,4,3,406,2017,7,5,15,0,1,1,0,0,0,0,2,5,7,3,0,3,0
11619,3,9,321,2017,7,5,13,0,0,1,0,1,0,0,2,3,6,3,0,3,0
11620,3,1,310,2017,7,5,23,0,1,1,0,0,0,0,2,5,2,3,0,3,0
11621,1,1,101,2017,7,5,14,0,1,0,0,0,0,0,1,4,6,3,0,3,0
11622,7,1,702,2017,7,5,15,0,0,1,0,0,0,0,1,4,2,3,0,3,0
11623,1,16,136,2017,7,4,20,0,1,1,0,0,0,0,2,5,3,3,0,3,0
11624,6,1,601,2017,7,4,17,0,0,1,0,0,0,0,1,1,6,3,1,3,0
11625,1,12,130,2017,7,4,8,0,1,1,0,0,0,0,2,5,3,3,1,3,0
11626,1,4,109,2017,6,1,20,0,1,0,1,0,0,0,2,6,6,3,0,3,0
11627,5,6,514,2017,7,4,11,0,0,1,1,0,0,0,2,6,4,3,1,2,1
11628,1,4,111,2017,6,1,15,0,1,0,0,0,0,0,1,0,7,3,0,3,0
11629,5,7,515,2017,7,4,8,0,0,1,0,0,0,0,1,2,2,3,1,3,0
11630,1,4,112,2017,6,1,23,0,0,1,0,0,0,0,1,2,6,3,0,3,0
11631,5,8,516,2017,7,4,15,0,0,1,0,0,0,0,1,2,6,3,1,3,0
11632,4,8,421,2017,7,4,5,0,0,1,0,0,0,0,1,8,1,3,1,3,0
11633,1,8,123,2017,6,7,0,0,0,1,0,0,0,0,1,4,3,3,1,3,0
11634,5,6,514,2017,6,7,15,0,1,1,0,0,0,0,2,3,2,3,1,3,0
11635,4,10,428,2017,7,4,19,0,0,1,0,0,0,0,1,5,3,3,1,3,0
11636,5,2,509,2017,6,7,15,0,0,1,0,0,0,0,1,5,3,3,0,3,0
11637,5,16,524,2017,6,7,9,0,0,0,0,1,0,0,1,0,1,3,1,3,0
11638,3,9,321,2017,7,4,17,0,0,1,0,1,0,0,2,5,3,3,1,3,0
11639,5,11,519,2017,6,7,16,0,1,0,0,0,0,1,2,3,2,3,1,3,0
11640,4,5,408,2017,6,7,15,0,0,0,0,1,0,0,1,0,1,3,1,2,1
11641,2,8,220,2017,7,4,4,0,1,1,0,0,0,0,2,5,3,3,1,3,0
11642,4,5,408,2017,6,7,15,0,0,0,0,1,0,0,1,0,1,3,1,3,0
11643,2,4,211,2017,7,4,11,0,0,1,0,0,0,0,1,5,3,3,1,3,0
11644,3,2,311,2017,6,7,10,0,1,0,0,0,0,0,1,0,7,3,1,3,0
11645,1,4,112,2017,6,7,20,0,1,1,0,0,0,0,2,2,6,3,0,3,0
11646,1,3,108,2017,6,7,18,0,1,1,0,0,0,0,2,4,3,3,0,3,0
11647,1,1,102,2017,6,7,18,0,1,0,1,0,0,0,2,6,4,3,0,3,0
11648,1,1,101,2017,6,7,17,0,0,1,0,1,0,0,2,0,3,3,1,3,0
11649,5,16,524,2017,7,4,12,0,1,1,0,0,0,0,2,5,3,3,0,3,0
11650,5,5,513,2017,7,4,9,0,1,1,0,0,0,0,2,0,5,3,0,3,0
11651,7,10,711,2017,8,1,15,0,0,1,0,0,0,0,1,4,2,3,0,3,0
11652,7,17,718,2017,8,7,15,0,1,1,1,0,0,0,3,6,6,3,0,3,0
11653,6,1,601,2017,8,7,15,0,0,1,0,0,0,0,1,5,3,3,0,3,0
11654,4,10,427,2017,8,7,14,0,1,1,0,0,0,0,2,5,3,3,0,3,0
11655,3,8,320,2017,8,7,7,0,0,1,0,0,0,0,1,9,7,3,0,3,0
11656,3,2,312,2017,8,7,15,0,1,0,0,0,0,0,1,3,6,3,0,3,0
11657,1,5,113,2017,8,7,11,0,0,1,0,0,0,0,1,3,3,3,0,3,0
11658,7,16,717,2017,8,6,17,0,0,0,0,1,0,0,1,8,1,3,0,3,0
11659,7,8,709,2017,8,6,9,0,0,1,0,0,0,0,1,4,2,3,0,3,0
11660,6,2,603,2017,8,6,10,0,1,1,0,0,0,0,2,5,3,3,0,3,0
11661,5,5,513,2017,8,6,20,0,1,1,0,0,0,0,2,3,2,3,0,3,0
11662,4,9,425,2017,8,6,18,0,0,1,0,0,0,1,2,2,6,3,0,3,0
11663,4,13,432,2017,8,6,14,0,1,1,0,0,0,0,2,1,5,3,0,3,0
11664,4,13,432,2017,8,6,9,0,0,1,0,0,0,0,1,5,5,3,0,2,1
11665,4,6,415,2017,8,6,8,0,0,1,0,0,0,1,2,1,5,3,0,3,0
11666,2,6,218,2017,8,6,13,0,1,1,0,0,0,0,2,1,5,3,0,3,0
11667,3,6,318,2017,8,6,12,0,1,1,0,0,0,0,2,2,6,3,0,3,0
11668,3,7,319,2017,8,6,7,0,0,1,1,0,0,0,2,6,3,3,0,3,0
11669,3,5,317,2017,8,6,16,0,1,0,0,0,0,1,2,5,2,3,0,3,0
11670,2,1,206,2017,8,6,16,0,1,1,0,0,0,0,2,2,3,3,0,3,0
11671,1,3,108,2017,8,6,18,0,1,1,0,0,0,0,2,3,2,3,0,3,0
11672,1,4,109,2017,8,6,18,0,1,0,0,0,0,1,2,5,3,3,0,3,0
11673,1,1,101,2017,8,6,14,0,0,1,1,0,0,0,2,6,7,3,0,3,0
11674,1,4,109,2017,8,6,10,0,1,0,0,0,0,0,1,4,6,3,0,3,0
11675,1,5,114,2017,8,6,8,0,1,0,0,0,0,0,1,3,6,3,0,3,0
11676,7,1,702,2017,8,5,20,0,0,1,0,0,0,0,1,2,6,3,0,3,0
11677,6,2,603,2017,8,5,15,0,0,1,0,0,0,0,1,2,6,3,0,3,0
11678,1,11,128,2017,8,5,18,0,0,1,0,0,0,0,1,4,2,3,0,3,0
11679,1,11,128,2017,8,5,17,0,0,1,0,0,0,0,1,1,6,3,0,3,0
11680,5,18,526,2017,8,5,16,0,0,1,0,0,0,1,2,2,6,3,0,3,0
11681,5,7,515,2017,8,5,23,0,1,1,0,0,0,0,2,1,5,3,0,3,0
11682,4,10,429,2017,8,5,10,0,0,1,0,1,0,0,2,2,6,3,1,3,0
11683,4,4,407,2017,8,5,8,0,0,1,0,0,0,0,1,4,2,3,0,3,0
11684,4,13,432,2017,7,4,10,0,0,0,0,0,0,1,1,2,2,3,0,3,0
11685,3,8,320,2017,8,5,7,0,0,1,0,0,0,0,1,2,6,3,1,3,0
11686,3,4,316,2017,8,5,16,0,1,1,0,0,0,0,2,5,2,3,1,3,0
11687,3,1,307,2017,8,5,10,0,0,1,1,0,0,0,2,6,2,3,0,3,0
11688,2,2,207,2017,8,5,14,0,1,1,0,0,0,0,2,4,5,3,0,3,0
11689,7,10,711,2017,8,5,9,0,0,1,0,0,0,0,1,2,2,3,1,3,0
11690,1,17,138,2017,8,5,18,0,0,1,0,0,0,1,2,3,6,3,0,3,0
11691,1,16,137,2017,8,4,15,0,0,1,0,1,0,0,2,5,3,3,0,3,0
11692,1,11,129,2017,8,4,23,0,0,1,0,0,0,0,1,4,6,3,0,2,1
11693,1,11,128,2017,8,4,10,0,0,1,1,0,0,0,2,6,4,3,0,3,0
11694,1,8,126,2017,8,4,6,0,0,1,0,0,0,0,1,5,3,3,0,3,0
11695,1,14,132,2017,8,4,13,0,1,0,0,0,0,1,2,3,6,3,0,3,0
11696,5,5,513,2017,8,4,16,0,1,1,0,0,0,0,2,3,2,3,0,3,0
11697,5,6,514,2017,8,4,5,0,0,1,0,1,0,0,2,3,6,3,1,3,0
11698,4,10,429,2017,8,4,16,0,1,1,0,0,0,0,2,5,3,3,0,3,0
11699,5,7,515,2017,8,4,17,0,1,1,0,0,0,0,2,5,2,3,0,2,1
11700,4,5,409,2017,8,4,8,0,0,1,0,1,0,0,2,2,6,3,0,3,0
11701,4,5,410,2017,8,4,10,0,1,1,0,0,0,0,2,1,5,3,0,3,0
11702,4,7,416,2017,8,4,22,0,0,0,1,0,0,1,2,6,7,3,1,3,0
11703,4,10,428,2017,8,4,12,0,0,1,0,0,0,0,1,3,6,3,0,3,0
11704,3,8,320,2017,8,4,7,0,1,0,1,0,0,0,2,6,6,3,0,3,0
11705,3,7,319,2017,8,4,19,0,1,1,0,0,0,0,2,3,2,3,0,3,0
11706,3,7,319,2017,8,4,15,0,1,1,0,0,0,0,2,5,3,3,0,3,0
11707,4,4,407,2017,8,4,20,0,0,1,0,0,0,0,1,9,7,3,0,3,0
11708,4,2,403,2017,8,4,16,0,0,1,1,0,0,0,2,6,3,3,0,2,1
11709,2,1,203,2017,8,4,12,0,0,1,0,0,0,0,1,5,3,3,0,3,0
11710,3,2,311,2017,8,4,18,0,0,1,0,0,0,0,1,2,6,3,0,3,0
11711,1,3,106,2017,8,4,21,0,1,1,0,0,0,0,2,0,7,3,0,2,1
11712,3,1,310,2017,8,4,16,0,0,1,1,0,0,0,2,6,4,3,0,3,0
11713,1,18,139,2017,8,4,7,0,0,0,0,0,0,1,1,4,6,3,0,3,0
11714,7,14,715,2017,8,3,12,0,0,0,1,0,0,1,2,6,7,3,0,3,0
11715,1,12,130,2017,8,3,12,0,0,0,1,0,0,1,2,0,4,3,0,3,0
11716,5,6,514,2017,8,3,9,0,0,0,0,1,0,1,2,2,6,3,0,3,0
11717,4,10,427,2017,8,3,16,0,1,1,0,0,0,0,2,3,2,3,0,3,0
11718,4,8,421,2017,8,3,7,0,0,1,0,1,0,0,2,3,6,3,1,3,0
11719,5,11,519,2017,7,4,10,0,1,0,0,0,0,1,2,3,2,3,0,3,0
11720,3,5,317,2017,8,3,10,0,1,1,0,0,0,0,2,4,5,3,0,3,0
11721,4,1,401,2017,8,3,17,0,1,1,0,0,0,0,2,4,2,3,0,3,0
11722,2,3,210,2017,8,3,16,0,1,0,0,0,0,0,1,3,2,3,0,3,0
11723,2,1,203,2017,8,3,12,0,1,0,0,0,0,1,2,5,3,3,0,3,0
11724,2,4,214,2017,8,3,9,0,0,1,0,1,0,0,2,1,6,3,0,3,0
11725,1,4,112,2017,8,3,18,0,0,1,0,0,0,0,1,2,6,3,0,3,0
11726,1,1,101,2017,8,3,12,0,0,1,0,0,0,0,1,4,2,3,0,3,0
11727,5,5,513,2017,7,2,16,0,0,1,0,0,0,0,1,5,2,3,0,3,0
11728,4,10,429,2017,7,2,16,0,0,1,0,0,0,1,2,1,6,3,0,3,0
11729,4,10,429,2017,7,2,18,0,0,1,0,0,0,0,1,2,6,3,0,3,0
11730,4,13,432,2017,7,2,17,0,1,0,0,0,0,1,2,3,2,3,0,3,0
11731,4,12,431,2017,7,2,7,0,0,1,0,0,0,0,1,3,6,3,0,3,0
11732,4,5,409,2017,7,2,17,0,1,1,0,0,0,0,2,1,5,3,0,3,0
11733,2,9,221,2017,7,2,21,0,1,1,0,0,0,0,2,0,3,3,0,3,0
11734,2,11,224,2017,7,2,14,0,1,1,0,0,0,0,2,5,3,3,0,3,0
11735,3,1,307,2017,7,2,20,0,0,1,0,1,0,0,2,5,3,3,0,3,0
11736,1,3,108,2017,7,2,1,0,1,1,0,0,0,0,2,0,3,3,0,3,0
11737,7,14,715,2017,7,1,14,0,1,1,0,0,0,0,2,5,3,3,0,3,0
11738,7,4,705,2017,7,1,15,0,0,1,0,1,0,0,2,3,6,3,0,3,0
11739,7,8,709,2017,7,1,15,0,1,1,0,0,0,0,2,3,6,3,0,3,0
11740,6,3,604,2017,7,1,14,0,1,1,0,0,0,0,2,1,5,3,0,3,0
11741,5,18,526,2017,7,1,1,0,0,1,0,0,0,0,1,9,1,3,1,2,1
11742,5,7,515,2017,7,1,16,0,0,1,0,1,0,0,2,4,6,3,0,2,1
11743,5,7,515,2017,7,1,11,0,1,1,0,0,0,0,2,1,6,3,0,3,0
11744,5,11,519,2017,7,1,14,0,1,1,0,0,0,0,2,3,6,3,0,3,0
11745,2,8,220,2017,7,1,18,0,1,0,0,0,0,0,1,0,7,3,0,3,0
11746,3,5,317,2017,7,1,7,0,1,0,0,0,0,1,2,7,7,3,0,3,0
11747,3,5,317,2017,7,1,18,0,0,1,0,0,0,0,1,2,6,3,1,3,0
11748,2,1,201,2017,7,1,2,0,0,1,0,0,0,0,1,4,2,3,1,3,0
11749,3,3,313,2017,7,1,18,0,1,1,0,0,0,0,2,5,3,3,0,2,1
11750,7,4,705,2017,7,7,7,0,0,1,0,1,0,0,2,1,5,3,1,3,0
11751,6,11,612,2017,7,7,17,0,0,1,0,0,0,0,1,3,6,3,0,3,0
11752,1,12,130,2017,7,7,13,0,0,1,0,0,0,0,1,2,2,3,0,3,0
11753,1,8,121,2017,7,7,15,0,0,1,0,0,0,0,1,2,6,3,0,3,0
11754,5,6,514,2017,7,7,21,0,0,1,1,0,0,0,2,6,7,3,1,3,0
11755,5,18,526,2017,7,7,17,0,0,1,0,0,0,0,1,3,2,3,0,3,0
11756,4,13,432,2017,7,7,14,0,0,1,0,0,0,1,2,5,3,3,1,3,0
11757,4,7,417,2017,7,7,16,0,0,0,0,1,0,0,1,1,6,3,0,3,0
11758,4,7,416,2017,7,7,18,0,0,1,0,0,0,0,1,1,6,3,0,3,0
11759,3,1,310,2017,7,7,13,0,1,1,0,0,0,0,2,1,5,3,1,3,0
11760,3,3,313,2017,7,7,12,0,0,1,0,0,0,0,1,5,3,3,1,3,0
11761,6,3,604,2017,7,6,15,0,0,1,1,0,0,0,2,6,4,3,0,2,1
11762,6,9,610,2017,7,6,15,0,0,1,0,1,0,0,2,4,6,3,0,3,0
11763,1,12,130,2017,7,6,12,0,0,1,0,0,0,1,2,1,3,3,1,3,0
11764,1,14,133,2017,7,6,17,0,0,1,0,0,0,1,2,3,2,3,1,3,0
11765,5,18,526,2017,7,6,10,0,1,0,0,0,0,1,2,4,2,3,0,3,0
11766,4,9,424,2017,7,6,13,0,1,1,0,0,0,0,2,5,3,3,1,3,0
11767,4,9,424,2017,7,6,8,0,0,1,0,0,0,1,2,2,6,3,0,3,0
11768,4,11,430,2017,7,6,10,0,1,1,0,0,0,0,2,5,3,3,0,3,0
11769,4,8,423,2017,7,6,14,0,0,0,0,1,0,0,1,0,7,3,1,3,0
11770,3,9,321,2017,7,6,6,0,1,1,0,0,0,0,2,5,3,3,0,3,0
11771,4,13,432,2017,7,4,14,0,0,1,0,1,0,0,2,5,3,3,0,2,1
11772,2,8,220,2017,7,6,20,0,0,1,0,0,0,0,1,1,6,3,1,3,0
11773,2,8,220,2017,7,6,11,0,0,1,0,1,0,0,2,3,6,3,0,3,0
11774,4,2,404,2017,7,6,19,0,0,1,1,0,0,0,2,6,2,3,1,3,0
11775,2,1,202,2017,7,6,17,0,1,1,0,0,0,0,2,1,6,3,0,3,0
11776,3,1,309,2017,7,6,16,0,0,1,0,1,0,0,2,5,2,3,1,3,0
11777,1,4,112,2017,7,6,7,0,1,1,0,0,0,0,2,5,3,3,0,3,0
11778,1,19,140,2017,7,5,14,0,0,1,0,0,0,1,2,2,6,3,0,3,0
11779,1,6,117,2017,7,5,12,0,0,1,0,0,0,0,1,5,3,3,0,3,0
11780,5,18,526,2017,7,5,11,0,0,1,0,0,0,1,2,2,6,3,0,3,0
11781,5,9,517,2017,7,5,13,0,1,1,0,0,0,0,2,3,2,3,0,3,0
11782,5,11,519,2017,7,5,8,0,0,1,0,1,0,0,2,2,6,3,0,3,0
11783,4,8,420,2017,7,5,16,0,0,1,0,0,0,0,1,5,3,3,0,3,0
11784,4,6,415,2017,7,5,20,0,1,1,0,0,0,0,2,5,3,3,0,3,0
11785,4,6,415,2017,7,4,21,0,1,1,0,0,0,0,2,5,3,3,0,3,0
11786,2,6,218,2017,7,5,15,0,0,0,0,1,0,1,2,3,6,3,0,3,0
11787,3,5,317,2017,7,5,14,0,0,0,1,1,0,0,2,6,4,3,0,2,1
11788,7,5,706,2017,7,4,21,0,0,1,0,0,0,0,1,5,3,3,0,3,0
11789,6,2,602,2017,7,4,9,0,0,1,1,0,0,0,2,6,7,3,0,3,0
11790,1,11,128,2017,7,4,8,0,0,1,0,0,0,0,1,2,6,3,1,3,0
11791,1,13,131,2017,7,4,7,0,0,0,0,0,0,1,1,2,6,3,1,3,0
11792,5,6,514,2017,7,4,13,0,1,1,0,0,0,0,2,4,2,3,1,3,0
11793,5,5,513,2017,7,4,12,0,0,1,0,0,0,0,1,4,2,3,0,3,0
11794,5,18,526,2017,7,4,16,0,1,1,0,0,0,0,2,3,6,3,0,3,0
11795,5,5,513,2017,7,4,18,0,0,1,0,0,0,0,1,2,6,3,0,3,0
11796,4,9,425,2017,7,4,17,0,0,1,0,0,0,0,1,2,6,3,0,3,0
11797,5,7,515,2017,7,4,8,0,1,1,0,0,0,0,2,4,2,3,1,3,0
11798,5,15,523,2017,7,4,17,0,0,1,1,0,0,0,2,6,4,3,0,2,1
11799,4,10,427,2017,7,4,16,0,1,1,0,0,0,0,2,5,3,3,0,3,0
11800,2,10,222,2017,7,4,15,0,1,0,0,1,0,0,2,5,3,3,0,2,1
11801,2,10,222,2017,7,4,15,0,0,1,0,0,0,0,1,2,6,3,0,3,0
11802,2,5,215,2017,7,4,14,0,0,1,0,0,0,0,1,5,2,3,0,3,0
11803,3,5,317,2017,7,4,16,0,0,0,1,0,0,1,2,6,4,3,0,2,1
11804,4,1,401,2017,7,4,7,0,1,0,1,0,0,0,2,6,2,3,1,3,0
11805,3,3,314,2017,7,4,8,0,1,1,0,0,0,0,2,1,5,3,1,3,0
11806,7,10,711,2017,7,4,9,0,0,1,0,0,0,1,2,2,6,3,0,3,0
11807,7,1,702,2017,7,3,13,0,1,1,0,0,0,0,2,5,3,3,1,2,1
11808,6,1,601,2017,7,3,12,0,0,0,0,0,0,1,1,0,3,3,0,3,0
11809,6,14,615,2017,7,3,15,0,0,0,0,0,0,1,1,0,7,3,0,3,0
11810,1,8,122,2017,7,3,15,0,1,1,0,0,0,0,2,5,3,3,1,3,0
11811,1,6,117,2017,7,3,18,0,0,1,0,0,0,1,2,4,7,3,1,2,1
11812,1,6,116,2017,7,3,6,0,0,1,0,0,0,1,2,3,6,3,0,3,0
11813,5,18,526,2017,7,3,16,0,0,1,0,0,0,0,1,4,2,3,0,3,0
11814,5,6,514,2017,7,3,14,0,0,1,0,0,0,0,1,2,6,3,1,3,0
11815,5,8,516,2017,7,3,13,0,0,1,0,0,0,0,1,2,6,3,1,3,0
11816,5,8,516,2017,7,3,14,0,1,1,0,0,0,0,2,5,3,3,1,3,0
11817,5,7,515,2017,7,3,9,0,0,1,0,0,0,0,1,2,6,3,1,3,0
11818,5,11,519,2017,7,3,14,0,1,1,0,0,0,0,2,5,3,3,1,3,0
11819,5,12,520,2017,7,3,15,0,0,1,0,1,0,0,2,5,2,3,1,3,0
11820,4,13,432,2017,7,3,13,0,0,1,0,0,0,0,1,5,3,3,1,3,0
11821,4,5,408,2017,7,3,15,0,0,1,0,0,0,0,1,2,6,3,1,3,0
11822,4,5,409,2017,7,3,12,0,0,1,0,0,0,0,1,4,2,3,1,3,0
11823,4,4,407,2017,7,3,8,0,0,1,0,0,0,1,2,3,6,3,1,3,0
11824,4,8,420,2017,7,3,15,0,0,1,0,1,0,0,2,2,6,3,1,3,0
11825,4,8,421,2017,7,3,15,0,1,1,0,0,0,0,2,4,5,3,1,3,0
11826,2,5,217,2017,7,3,9,0,0,1,0,0,0,0,1,2,6,3,1,3,0
11827,2,5,217,2017,7,3,19,0,0,1,0,0,0,1,2,2,6,3,1,3,0
11828,2,1,204,2017,7,3,16,0,0,1,0,0,0,0,1,1,5,3,1,3,0
11829,2,3,210,2017,7,3,7,0,1,1,0,0,0,0,2,3,2,3,1,3,0
11830,3,2,312,2017,7,3,13,0,0,1,1,0,0,0,2,6,7,3,1,3,0
11831,3,2,311,2017,7,3,9,0,0,1,0,0,0,1,2,5,3,3,1,3,0
11832,1,1,101,2017,7,3,10,0,0,1,1,0,0,0,2,0,7,3,1,3,0
11833,1,1,101,2017,7,3,17,0,0,1,1,0,0,0,2,6,4,3,1,3,0
11834,1,1,102,2017,7,3,6,0,0,1,0,0,0,0,1,4,2,3,1,3,0
11835,1,3,107,2017,7,3,8,0,1,1,0,0,0,0,2,5,3,3,1,3,0
11836,1,5,114,2017,7,3,16,0,0,1,0,0,0,0,1,5,3,3,1,3,0
11837,1,16,137,2017,7,3,13,0,0,1,0,0,0,1,2,3,3,3,1,3,0
11838,1,19,140,2017,7,3,14,0,0,1,0,0,0,0,1,3,2,3,1,3,0
11839,1,16,136,2017,7,2,18,0,0,1,1,0,0,0,2,6,6,3,0,2,1
11840,6,1,601,2017,7,2,16,0,1,1,0,0,0,0,2,5,3,3,0,3,0
11841,1,13,131,2017,7,2,12,0,0,1,0,0,0,1,2,4,2,3,0,2,1
11842,1,12,130,2017,7,2,10,0,0,1,0,0,0,1,2,1,6,3,0,3,0
11843,1,11,129,2017,7,2,9,0,0,1,0,0,0,1,2,5,3,3,0,3,0
11844,1,6,115,2017,7,2,20,0,0,1,0,0,0,0,1,2,6,3,1,3,0
11845,5,3,510,2017,7,2,17,0,0,1,1,0,0,0,2,6,2,3,1,3,0
11846,5,8,516,2017,7,2,11,0,0,1,0,0,0,0,1,1,5,3,0,3,0
11847,5,7,515,2017,7,2,13,0,0,1,0,0,0,0,1,2,6,3,0,3,0
11848,4,5,408,2017,7,2,9,0,0,1,0,0,0,0,1,2,6,3,0,3,0
11849,4,5,408,2017,7,2,17,0,0,1,0,0,0,0,1,2,6,3,1,3,0
11850,4,10,427,2017,7,2,12,0,0,1,0,0,0,1,2,5,3,3,0,3,0
11851,4,8,421,2017,7,2,20,0,0,1,0,0,0,0,1,9,1,3,1,2,1
11852,5,12,520,2017,7,4,10,0,1,1,0,0,0,0,2,3,3,3,0,3,0
11853,3,6,318,2017,7,2,9,0,0,0,0,1,0,0,1,0,1,3,0,3,0
11854,3,1,310,2017,7,2,18,0,1,1,0,0,0,0,2,5,7,3,1,3,0
11855,3,1,307,2017,7,2,18,0,0,1,0,1,0,0,2,0,3,3,1,3,0
11856,3,2,312,2017,7,2,18,0,0,1,0,0,0,1,2,2,6,3,1,3,0
11857,3,1,310,2017,7,2,19,0,1,0,1,0,0,0,2,6,4,3,1,3,0
11858,1,1,101,2017,7,2,14,0,1,0,1,0,0,0,2,6,6,3,0,2,1
11859,1,4,109,2017,7,2,11,0,0,1,1,0,0,0,2,6,4,3,0,2,1
11860,7,2,703,2017,7,1,17,0,0,1,0,0,0,0,1,1,6,3,0,3,0
11861,1,16,137,2017,7,1,16,0,0,1,0,1,0,0,2,1,6,3,0,3,0
11862,6,3,604,2017,7,1,17,0,0,1,0,0,0,0,1,1,6,3,0,3,0
11863,5,18,526,2017,7,1,18,0,0,1,1,0,0,0,2,6,7,3,0,3,0
11864,5,7,515,2017,7,1,19,0,1,1,0,0,0,0,2,5,3,3,0,3,0
11865,4,11,430,2017,7,1,1,0,1,1,0,0,0,0,2,4,6,3,0,3,0
11866,4,6,415,2017,7,1,22,0,0,1,0,0,0,0,1,5,3,3,0,3,0
11867,2,1,201,2017,7,1,10,0,0,1,0,0,0,1,2,2,6,3,1,3,0
11868,3,2,311,2017,7,1,12,0,0,1,0,0,0,0,1,5,7,3,0,3,0
11869,1,4,112,2017,7,1,15,0,1,1,0,0,0,0,2,5,2,3,0,3,0
11870,1,5,114,2017,7,1,7,0,0,1,0,0,0,0,1,8,1,3,1,2,1
11871,7,4,705,2017,7,7,12,0,0,1,0,0,0,0,1,4,6,3,1,3,0
11872,6,1,601,2017,7,7,12,0,0,1,1,0,0,0,2,2,6,3,1,3,0
11873,1,8,123,2017,7,7,20,0,0,1,0,0,0,1,2,3,6,3,0,3,0
11874,5,18,526,2017,7,7,10,0,1,1,0,0,0,0,2,5,3,3,1,3,0
11875,5,5,513,2017,7,7,13,0,0,1,0,0,0,0,1,2,6,3,1,3,0
11876,5,2,507,2017,7,7,11,0,0,1,0,0,0,0,1,5,3,3,1,3,0
11877,5,7,515,2017,7,7,16,0,0,1,0,0,0,0,1,1,7,3,1,3,0
11878,5,10,518,2017,7,7,18,0,0,1,0,0,0,0,1,5,3,3,0,3,0
11879,4,13,432,2017,7,7,18,0,0,1,0,0,0,0,1,2,6,3,0,3,0
11880,4,5,409,2017,7,7,19,0,0,1,0,1,0,0,2,5,3,3,0,2,1
11881,4,4,407,2017,7,7,20,0,0,1,0,0,0,0,1,1,6,3,0,3,0
11882,4,8,421,2017,7,7,22,0,0,1,0,0,0,0,1,4,2,3,0,3,0
11883,2,12,225,2017,7,7,4,0,0,1,1,0,0,0,2,6,4,3,0,3,0
11884,2,8,220,2017,7,7,15,0,1,1,0,0,0,0,2,5,3,3,1,3,0
11885,2,8,220,2017,7,7,14,0,0,1,1,0,0,0,2,6,6,3,1,3,0
11886,2,5,217,2017,7,7,12,0,0,1,0,0,0,0,1,1,6,3,1,3,0
11887,2,4,212,2017,7,7,15,0,1,1,0,0,0,0,2,0,3,3,1,3,0
11888,1,5,114,2017,7,7,19,0,1,0,1,0,0,0,2,6,6,3,0,3,0
11889,7,4,705,2017,7,6,12,0,0,1,0,0,0,0,1,2,6,3,0,3,0
11890,6,5,606,2017,7,6,16,0,1,1,0,0,0,0,2,1,5,3,0,3,0
11891,1,6,117,2017,7,6,12,0,1,0,1,0,0,0,2,6,3,3,0,3,0
11892,5,12,520,2017,7,6,17,0,0,1,1,0,0,0,2,6,4,3,0,3,0
11893,4,3,406,2017,7,6,0,0,0,1,0,0,0,0,1,5,3,3,0,3,0
11894,4,12,431,2017,7,6,7,0,1,0,0,0,0,0,1,5,3,3,0,3,0
11895,4,4,407,2017,7,6,23,0,0,1,0,0,0,0,1,2,6,3,0,3,0
11896,4,5,408,2017,7,6,15,0,0,1,0,0,0,0,1,2,6,3,0,3,0
11897,4,4,407,2017,7,6,14,0,1,0,1,0,0,0,2,6,7,3,0,3,0
11898,4,8,419,2017,7,6,15,0,1,1,0,0,0,0,2,0,5,3,0,3,0
11899,2,11,223,2017,7,6,10,0,0,1,0,1,0,0,2,2,3,3,0,3,0
11900,2,11,223,2017,7,6,8,0,0,1,0,0,0,0,1,4,2,3,0,3,0
11901,3,1,303,2017,7,6,14,0,1,1,0,0,0,0,2,1,5,3,0,3,0