SN,District,Imperial_Circle,Community,Year,Month,Weekday,Hour,Road,Cycle,Car,Pedestrians,Motorcycle,Goods Vehicle,Others,Total,Collision Type,Accident Type,Light Condition,Road Condition,Accident_Severity,Severity
11902,3,1,303,2017,7,6,0,0,1,0,0,0,0,0,1,0,1,3,1,3,0
11903,2,3,209,2017,7,6,13,0,1,1,0,0,0,0,2,2,2,3,0,3,0
11904,1,5,114,2017,7,6,15,0,1,1,0,0,0,0,2,5,3,3,0,3,0
11905,1,13,131,2017,7,5,1,0,0,1,0,0,0,1,2,1,6,3,1,3,0
11906,6,2,602,2017,7,5,15,0,0,1,0,0,0,0,1,5,3,3,0,3,0
11907,1,12,130,2017,7,5,16,0,1,1,0,0,0,0,2,5,3,3,1,3,0
11908,1,12,130,2017,7,5,9,0,0,1,0,0,0,0,1,1,2,3,1,3,0
11909,1,12,130,2017,7,5,16,0,1,0,0,0,0,0,1,0,7,3,0,3,0
11910,5,4,512,2017,7,5,16,0,0,1,0,0,0,1,2,5,3,3,0,3,0
11911,5,4,512,2017,7,5,16,0,0,1,0,0,0,1,2,2,6,3,0,3,0
11912,4,10,429,2017,7,5,18,0,0,1,0,0,0,0,1,2,6,3,0,3,0
11913,5,8,516,2017,7,5,14,0,0,1,0,0,0,0,1,4,2,3,0,2,1
11914,5,7,515,2017,7,5,13,0,1,1,0,0,0,0,2,0,3,3,0,3,0
11915,5,7,515,2017,7,5,18,0,1,1,0,0,0,0,2,4,3,3,0,3,0
11916,4,13,432,2017,7,5,22,0,1,1,0,0,0,0,2,5,3,3,1,3,0
11917,4,12,431,2017,7,5,7,0,0,0,0,1,0,0,1,0,1,3,0,3,0
11918,3,1,301,2017,7,5,12,0,0,1,0,1,0,0,2,1,5,3,1,3,0
11919,1,16,137,2017,7,4,6,0,0,0,1,1,0,0,2,6,4,3,0,3,0
11920,6,1,601,2017,7,4,16,0,0,1,0,0,0,0,1,5,3,3,0,3,0
11921,1,12,130,2017,7,4,9,0,1,0,1,0,0,0,2,0,7,3,0,3,0
11922,5,3,510,2017,7,4,18,0,0,0,0,1,0,0,1,0,7,3,0,3,0
11923,5,7,515,2017,8,6,14,0,1,1,0,0,0,0,2,4,2,3,0,3,0
11924,5,10,518,2017,8,6,16,0,1,1,0,0,0,0,2,5,3,3,0,3,0
11925,5,10,518,2017,8,6,17,0,0,1,0,0,0,0,1,5,3,3,0,3,0
11926,4,5,408,2017,8,6,13,0,1,0,0,0,0,0,1,4,6,3,0,2,1
11927,6,6,607,2017,8,4,19,0,1,0,0,0,0,0,1,0,7,3,0,2,1
11928,4,8,421,2017,8,6,10,0,0,0,0,1,0,1,2,0,6,3,0,3,0
11929,4,6,415,2017,8,6,18,0,1,0,0,0,0,0,1,4,6,3,0,3,0
11930,4,6,415,2017,8,6,9,0,1,1,0,0,0,0,2,3,2,3,0,3,0
11931,2,8,220,2017,8,6,16,0,1,1,0,0,0,0,2,5,2,3,0,3,0
11932,2,8,220,2017,8,6,15,0,0,1,1,0,0,0,2,6,7,3,0,3,0
11933,4,2,405,2017,8,6,13,0,1,1,0,0,0,0,2,5,2,3,0,3,0
11934,3,1,309,2017,8,6,19,0,1,1,0,0,0,0,2,5,3,3,0,3,0
11935,3,3,313,2017,8,6,18,0,0,1,0,0,0,1,2,3,6,3,0,3,0
11936,3,2,312,2017,8,6,20,0,1,0,1,0,0,0,2,6,6,3,0,3,0
11937,3,2,311,2017,8,6,14,0,0,1,1,0,0,0,2,6,4,3,0,2,1
11938,7,13,714,2017,8,5,17,0,0,1,1,0,0,0,2,6,4,3,0,3,0
11939,7,9,710,2017,8,5,18,0,0,1,0,1,0,0,2,5,3,3,0,3,0
11940,6,1,601,2017,8,5,14,0,0,1,0,0,0,1,2,5,3,3,0,3,0
11941,5,18,526,2017,8,5,10,0,0,1,0,0,0,1,2,0,6,3,1,3,0
11942,5,5,513,2017,8,5,19,0,0,1,0,0,0,0,1,5,3,3,0,3,0
11943,5,2,508,2017,8,5,14,0,0,1,0,0,0,0,1,4,2,3,0,3,0
11944,5,8,516,2017,8,5,14,0,0,1,0,0,0,0,1,1,6,3,0,3,0
11945,4,11,430,2017,8,5,17,0,0,1,0,0,0,0,1,4,2,3,0,3,0
11946,4,13,432,2017,8,5,17,0,1,1,0,0,0,0,2,5,3,3,0,3,0
11947,3,9,321,2017,8,5,17,0,1,1,0,0,0,0,2,5,2,3,0,3,0
11948,4,2,403,2017,8,5,16,0,1,0,0,0,0,0,1,5,3,3,0,3,0
11949,1,3,106,2017,8,5,12,0,0,1,0,0,0,0,1,5,7,3,0,3,0
11950,1,16,137,2017,8,4,15,0,0,1,0,1,0,0,2,5,3,3,0,3,0
11951,6,2,603,2017,8,4,16,0,1,1,0,0,0,0,2,5,3,3,0,3,0
11952,6,2,603,2017,8,4,18,0,0,1,1,0,0,0,2,6,2,3,0,3,0
11953,1,12,130,2017,8,4,8,0,1,1,0,0,0,0,2,4,2,3,0,2,1
11954,5,3,510,2017,8,4,9,0,0,1,0,0,0,0,1,5,3,3,0,3,0
11955,5,2,509,2017,8,4,14,0,0,1,0,0,0,0,1,5,3,3,0,3,0
11956,4,12,431,2017,8,4,15,0,0,1,0,0,0,0,1,5,3,3,0,3,0
11957,3,9,321,2017,8,4,8,0,1,0,0,0,0,0,1,4,6,3,0,3,0
11958,3,9,321,2017,8,4,8,0,0,1,0,0,0,0,1,2,6,3,0,3,0
11959,2,8,220,2017,8,4,22,0,0,1,0,0,0,0,1,5,3,3,0,3,0
11960,4,2,405,2017,8,4,13,0,0,1,0,1,0,0,2,3,6,3,0,3,0
11961,2,1,206,2017,8,4,13,0,0,1,1,0,0,0,2,6,4,3,0,3,0
11962,3,3,313,2017,8,4,14,0,0,1,0,1,0,0,2,5,3,3,0,3,0
11963,3,2,312,2017,8,4,17,0,0,1,0,0,0,1,2,3,6,3,0,2,1
11964,3,2,311,2017,8,4,21,0,1,0,0,0,0,0,1,4,6,3,0,3,0
11965,1,4,111,2017,8,4,22,0,0,1,0,0,0,1,2,0,2,3,0,3,0
11966,1,5,114,2017,8,4,19,0,0,0,0,0,0,1,1,0,7,3,0,3,0
11967,1,1,102,2017,8,4,9,0,1,0,0,1,0,0,2,3,6,3,0,3,0
11968,7,2,703,2017,8,3,7,0,0,1,0,1,0,0,2,3,2,3,0,3,0
11969,7,1,701,2017,8,3,19,0,1,1,0,0,0,0,2,5,3,3,0,2,1
11970,7,1,702,2017,8,3,16,0,0,1,0,0,0,0,1,1,6,3,0,2,1
11971,5,5,513,2017,8,3,5,0,0,1,1,0,0,0,2,6,2,3,1,2,1
11972,5,2,508,2017,8,3,10,0,1,1,0,0,0,0,2,3,2,3,0,3,0
11973,4,10,429,2017,8,3,21,0,0,0,0,1,0,0,1,0,7,3,0,3,0
11974,4,12,431,2017,8,3,18,0,1,0,1,0,0,0,2,6,4,3,0,3,0
11975,4,12,431,2017,8,3,13,0,1,0,0,0,0,1,2,0,6,3,0,2,1
11976,4,5,408,2017,8,3,8,0,1,1,0,0,0,0,2,5,3,3,1,2,1
11977,3,8,320,2017,8,3,22,0,1,1,0,0,0,0,2,5,3,3,0,3,0
11978,2,11,223,2017,8,3,10,0,0,1,0,0,0,1,2,1,5,3,0,3,0
11979,2,8,220,2017,8,3,17,0,0,0,0,0,0,1,1,0,6,3,0,3,0
11980,2,6,218,2017,8,3,9,0,1,1,0,0,0,0,2,5,3,3,0,3,0
11981,2,8,220,2017,8,3,13,0,0,1,0,0,0,1,2,1,7,3,0,2,1
11982,2,1,201,2017,8,3,14,0,1,0,0,0,0,0,1,4,6,3,0,3,0
11983,1,3,105,2017,8,3,12,0,1,0,1,0,0,0,2,6,4,3,0,3,0
11984,1,1,102,2017,8,3,9,0,1,0,0,0,0,1,2,0,3,3,0,3,0
11985,1,16,136,2017,8,2,13,0,1,1,0,0,0,0,2,5,3,3,1,3,0
11986,1,12,130,2017,8,2,17,0,0,1,1,0,0,0,2,6,4,3,0,2,1
11987,1,11,129,2017,8,2,11,0,0,1,0,1,0,0,2,0,2,3,1,3,0
11988,1,6,117,2017,8,2,11,0,0,1,0,0,0,0,1,5,3,3,1,3,0
11989,5,6,514,2017,8,2,14,0,0,1,0,0,0,0,1,2,6,3,0,3,0
11990,5,18,526,2017,8,2,14,0,0,1,0,0,0,1,2,2,6,3,0,3,0
11991,5,18,526,2017,8,2,7,0,0,1,0,0,0,1,2,5,3,3,1,3,0
11992,5,18,526,2017,8,2,10,0,1,0,0,0,0,1,2,5,3,3,1,3,0
11993,5,10,518,2017,8,2,9,0,0,1,1,0,0,0,2,0,7,3,1,3,0
11994,5,9,517,2017,8,2,11,0,0,1,0,0,0,1,2,3,6,3,0,3,0
11995,4,11,430,2017,8,2,18,0,0,1,0,0,0,1,2,2,6,3,0,3,0
11996,4,12,431,2017,8,2,7,0,0,1,0,0,0,0,1,4,7,3,1,3,0
11997,4,5,409,2017,8,2,17,0,1,1,0,0,0,0,2,4,2,3,0,3,0
11998,4,4,407,2017,8,2,8,0,0,0,0,1,0,0,1,0,1,3,1,3,0
11999,4,8,420,2017,8,2,6,0,0,1,0,1,0,0,2,1,5,3,1,3,0
12000,4,8,422,2017,8,2,8,0,0,1,0,0,0,0,1,2,6,3,1,3,0
12001,4,7,416,2017,8,2,14,0,0,1,0,1,0,0,2,3,6,3,0,3,0
12002,3,5,317,2017,8,2,11,0,0,1,0,0,0,1,2,5,3,3,1,3,0
12003,2,3,209,2017,8,2,8,0,1,0,0,0,0,0,1,4,2,3,0,3,0
12004,2,4,213,2017,8,2,13,0,1,1,0,0,0,0,2,5,3,3,0,3,0
12005,1,3,107,2017,8,2,6,0,1,1,0,0,0,0,2,4,2,3,1,2,1
12006,1,3,108,2017,8,2,1,0,0,1,0,0,0,0,1,3,6,3,1,1,1
12007,7,9,710,2017,8,1,15,0,1,0,0,0,0,0,1,0,7,3,1,3,0
12008,7,4,705,2017,8,1,13,0,1,1,0,0,0,0,2,1,5,3,1,3,0
12009,7,2,703,2017,8,1,10,0,0,1,0,0,0,0,1,4,2,3,0,3,0
12010,1,16,137,2017,8,1,2,0,1,0,0,0,0,1,2,2,6,3,0,3,0
12011,5,4,512,2017,8,1,17,0,0,1,0,1,0,0,2,4,2,3,1,3,0
12012,5,12,520,2017,8,1,13,0,0,1,1,0,0,0,2,6,4,3,1,3,0
12013,4,6,414,2017,8,1,19,0,0,1,0,0,0,0,1,2,6,3,1,3,0
12014,2,14,227,2017,8,1,16,0,1,0,0,0,0,0,1,0,7,3,1,3,0
12015,2,14,227,2017,8,1,21,0,0,1,0,0,0,0,1,9,1,3,0,3,0
12016,2,1,205,2017,8,1,13,0,1,0,1,0,0,0,2,6,4,3,1,3,0
12017,1,1,101,2017,8,1,20,0,0,1,0,0,0,0,1,5,3,3,0,3,0
12018,7,13,714,2017,8,7,18,0,0,1,0,0,0,0,1,2,6,3,1,3,0
12019,7,4,705,2017,8,7,17,0,0,1,0,1,0,0,2,0,6,3,1,3,0
12020,7,8,709,2017,8,7,15,0,0,1,0,0,0,0,1,5,3,3,0,3,0
12021,5,5,513,2017,8,7,16,0,0,1,0,0,0,0,1,5,2,3,0,3,0
12022,5,4,512,2017,8,7,18,0,0,1,0,0,0,0,1,3,6,3,0,3,0
12023,4,9,425,2017,8,7,11,0,0,1,0,0,0,0,1,2,6,3,0,3,0
12024,5,7,515,2017,8,7,13,0,0,1,0,0,0,1,2,5,3,3,1,3,0
12025,4,8,422,2017,8,7,12,0,0,1,0,0,0,0,1,2,6,3,1,3,0
12026,2,5,217,2017,8,7,18,0,1,1,0,0,0,0,2,5,3,3,0,3,0
12027,2,3,210,2017,8,7,13,0,1,1,0,0,0,0,2,5,3,3,0,3,0
12028,1,5,114,2017,8,7,21,0,1,1,0,0,0,0,2,5,2,3,1,3,0
12029,1,5,113,2017,8,7,20,0,0,1,0,0,0,0,1,5,5,3,0,3,0
12030,7,14,715,2017,8,6,0,0,0,1,0,0,0,0,1,1,5,3,0,3,0
12031,6,1,601,2017,8,6,6,0,0,1,0,0,0,0,1,5,3,3,0,3,0
12032,5,18,526,2017,8,6,14,0,1,1,0,0,0,0,2,5,3,3,1,3,0
12033,5,18,526,2017,8,6,16,0,0,0,0,1,0,0,1,0,1,3,1,3,0
12034,4,4,407,2017,8,6,10,0,0,1,1,0,0,0,2,6,7,3,0,3,0
12035,4,5,408,2017,8,6,6,0,0,0,0,1,0,0,1,0,1,3,1,3,0
12036,2,8,220,2017,8,6,19,0,0,1,0,0,0,0,1,4,7,3,1,3,0
12037,3,6,318,2017,8,6,5,0,0,1,0,0,0,1,2,5,3,3,1,3,0
12038,3,4,315,2017,8,6,15,0,0,1,0,1,0,0,2,3,2,3,1,3,0
12039,2,4,212,2017,8,6,11,0,0,1,0,0,0,0,1,2,6,3,0,3,0
12040,3,2,312,2017,8,6,11,0,0,1,0,0,0,0,1,2,6,3,0,3,0
12041,3,2,311,2017,8,6,15,0,0,1,0,0,0,0,1,1,2,3,1,3,0
12042,7,1,702,2017,8,6,13,0,0,1,0,0,0,1,2,2,6,3,1,3,0
12043,7,4,705,2017,8,5,10,0,1,0,0,0,0,1,2,3,6,3,0,3,0
12044,1,13,131,2017,8,5,17,0,0,0,0,0,0,1,1,2,7,3,1,3,0
12045,6,2,602,2017,8,5,19,0,0,1,0,0,0,0,1,4,2,3,1,3,0
12046,1,11,128,2017,8,5,16,0,0,1,0,1,0,0,2,5,3,3,0,2,1
12047,1,8,123,2017,8,5,19,0,1,1,0,0,0,0,2,3,3,3,1,3,0
12048,5,5,513,2017,8,5,17,0,0,1,0,0,0,0,1,5,5,3,1,3,0
12049,5,7,515,2017,8,5,16,0,0,1,0,0,0,0,1,3,6,3,0,3,0
12050,4,4,407,2017,8,5,16,0,0,1,0,0,0,0,1,0,3,3,0,3,0
12051,4,5,409,2017,8,5,13,0,0,1,0,1,0,0,2,3,6,3,0,3,0
12052,4,8,421,2017,8,5,13,0,0,1,0,0,0,1,2,2,6,3,0,3,0
12053,2,5,215,2017,8,5,18,0,0,1,0,1,0,0,2,3,7,3,1,3,0
12054,3,5,317,2017,8,5,14,0,1,1,0,0,0,1,3,5,3,3,0,1,1
12055,3,1,306,2017,8,5,11,0,0,1,0,1,0,1,3,5,3,3,0,3,0
12056,3,2,312,2017,8,5,9,0,1,1,0,0,0,0,2,3,6,3,0,3,0
12057,1,2,103,2017,8,5,21,0,0,1,0,0,0,0,1,3,7,3,1,3,0
12058,7,13,714,2017,8,4,18,0,0,1,0,0,0,0,1,2,6,3,0,3,0
12059,1,20,141,2017,8,4,16,0,0,1,1,0,0,0,2,6,4,3,0,3,0
12060,6,2,602,2017,8,4,12,0,1,1,0,0,0,0,2,5,3,3,0,3,0
12061,1,13,131,2017,8,4,16,0,0,1,0,1,0,0,2,5,3,3,0,2,1
12062,5,18,526,2017,8,4,21,0,1,1,0,0,0,0,2,1,5,3,0,2,1
12063,5,2,507,2017,8,4,12,0,1,1,0,0,0,0,2,5,3,3,0,3,0
12064,5,14,522,2017,8,4,18,0,0,1,1,0,0,0,2,6,4,3,0,2,1
12065,4,7,417,2017,8,4,15,0,1,1,0,0,0,0,2,5,3,3,0,3,0
12066,5,1,501,2017,8,4,19,0,1,0,1,0,0,0,2,6,4,3,0,3,0
12067,2,5,216,2017,8,4,10,0,1,0,1,0,0,0,2,6,4,3,0,3,0
12068,3,6,318,2017,8,4,9,0,0,1,0,1,0,0,2,3,6,3,0,3,0
12069,3,7,319,2017,8,4,11,0,0,1,0,0,0,0,1,1,5,3,0,3,0
12070,3,5,317,2017,8,4,21,0,0,1,1,1,0,0,3,6,4,3,0,1,1
12071,2,1,201,2017,8,4,9,0,1,1,0,0,0,0,2,4,2,3,0,3,0
12072,2,2,207,2017,8,4,18,0,1,1,0,0,0,0,2,2,6,3,0,3,0
12073,1,4,112,2017,8,4,17,0,1,0,1,0,0,0,2,6,4,3,0,2,1
12074,7,1,702,2017,8,3,16,0,0,1,1,0,0,0,2,6,4,3,0,3,0
12075,1,12,130,2017,8,3,19,0,0,1,0,0,0,0,1,0,1,3,1,3,0
12076,5,4,512,2017,8,3,17,0,0,0,0,1,0,1,2,3,6,3,0,2,1
12077,1,12,130,2017,8,3,12,0,1,1,0,0,0,0,2,0,3,3,0,3,0
12078,5,3,510,2017,8,3,10,0,0,1,0,0,0,0,1,5,3,3,0,3,0
12079,5,12,520,2017,8,3,4,0,0,1,0,0,0,0,1,3,7,3,0,3,0
12080,4,12,431,2017,8,3,13,0,1,1,0,0,0,0,2,5,3,3,0,3,0
12081,4,5,409,2017,8,3,18,0,1,1,0,0,0,0,2,5,3,3,0,3,0
12082,4,10,427,2017,8,3,19,0,1,1,0,0,0,0,2,1,5,3,1,3,0
12083,4,7,416,2017,8,3,13,0,0,1,0,1,0,0,2,5,3,3,0,2,1
12084,3,8,320,2017,8,3,11,0,1,1,0,0,0,0,2,5,3,3,0,3,0
12085,3,8,320,2017,8,3,18,0,1,1,0,0,0,0,2,1,5,3,0,3,0
12086,2,9,221,2017,8,3,7,0,0,1,0,0,0,0,1,1,7,3,0,3,0
12087,3,7,319,2017,8,3,14,0,0,1,1,0,0,0,2,6,4,3,0,3,0
12088,2,4,214,2017,8,3,17,0,1,1,0,0,0,0,2,3,2,3,0,3,0
12089,2,3,210,2017,8,3,14,0,1,1,0,0,0,0,2,5,7,3,0,3,0
12090,3,2,312,2017,8,3,23,0,0,1,0,0,0,1,2,3,7,3,1,3,0
12091,1,5,114,2017,8,3,13,0,0,1,0,0,0,0,1,2,2,3,0,3,0
12092,1,3,106,2017,8,3,17,0,0,1,0,0,0,0,1,1,6,3,0,3,0
12093,1,5,113,2017,8,3,12,0,0,1,1,0,0,0,2,6,4,3,0,3,0
12094,1,20,141,2017,8,2,16,0,1,1,0,0,0,0,2,5,3,3,0,3,0
12095,5,18,526,2017,8,2,15,0,0,1,0,0,0,1,2,3,2,3,0,3,0
12096,5,3,511,2017,8,2,18,0,0,1,0,0,0,0,1,2,6,3,0,3,0
12097,5,7,515,2017,8,2,12,0,1,0,0,0,0,0,1,5,3,3,0,3,0
12098,5,9,517,2017,8,2,16,0,0,1,0,0,0,0,1,2,6,3,0,3,0
12099,5,10,518,2017,8,2,17,0,0,1,0,0,0,0,1,2,6,3,0,3,0
12100,4,13,432,2017,8,2,21,0,0,1,0,0,0,0,1,3,7,3,0,3,0
12101,4,13,432,2017,8,2,13,0,0,1,0,1,0,0,2,3,6,3,0,3,0
12102,4,6,415,2017,8,2,7,0,0,1,0,0,0,0,1,1,6,3,0,2,1
12103,3,8,320,2017,8,2,8,0,0,1,0,0,0,0,1,5,3,3,0,3,0
12104,2,9,221,2017,8,2,16,0,0,1,1,0,0,0,2,6,4,3,0,2,1
12105,2,7,219,2017,8,2,7,0,1,1,0,0,0,0,2,5,3,3,0,3,0
12106,1,3,108,2017,8,2,16,0,1,1,0,0,0,0,2,5,2,3,0,3,0
12107,1,5,114,2017,8,2,12,0,0,1,0,0,0,1,2,3,6,3,0,3,0
12108,7,17,718,2017,8,1,12,0,0,1,0,1,0,0,2,3,5,3,0,3,0
12109,7,12,713,2017,8,1,15,0,0,0,0,1,0,0,1,8,1,3,0,3,0
12110,7,8,709,2017,8,1,0,0,0,1,0,0,0,0,1,1,5,3,1,3,0
12111,5,18,526,2017,8,1,1,0,0,0,0,1,0,0,1,0,7,3,1,3,0
12112,5,6,514,2017,8,1,20,0,0,1,0,1,0,0,2,5,3,3,0,3,0
12113,5,7,515,2017,8,1,11,0,0,1,0,1,0,0,2,3,7,3,0,3,0
12114,4,5,413,2017,8,1,3,0,0,1,0,0,0,0,1,4,6,3,1,3,0
12115,4,5,408,2017,8,1,13,0,0,1,0,0,0,0,1,1,6,3,0,2,1
12116,3,6,318,2017,8,1,11,0,1,0,1,0,0,0,2,6,7,3,0,3,0
12117,1,6,115,2017,8,1,19,0,0,1,1,0,0,0,2,6,7,3,0,3,0
12118,7,9,710,2017,8,7,18,0,0,1,0,1,0,0,2,4,2,3,1,3,0
12119,7,1,702,2017,8,7,13,0,0,1,0,0,0,0,1,5,3,3,1,3,0
12120,1,12,130,2017,8,7,10,0,1,0,1,0,0,0,2,6,6,3,0,2,1
12121,5,8,516,2017,8,7,11,0,1,1,0,0,0,0,2,5,3,3,1,3,0
12122,4,11,430,2017,8,7,13,0,0,1,0,0,0,0,1,2,6,3,1,3,0
12123,4,13,432,2017,8,7,18,0,0,1,0,0,0,0,1,3,6,3,1,3,0
12124,4,13,432,2017,8,7,14,0,0,1,1,0,0,0,2,6,4,3,1,3,0
12125,1,5,114,2017,8,7,13,0,0,1,1,0,0,0,2,6,7,3,1,3,0
12126,7,9,710,2017,8,6,14,0,1,1,0,0,0,0,2,5,3,3,0,3,0
12127,7,4,705,2017,8,6,14,0,1,1,0,0,0,0,2,5,3,3,1,2,1
12128,7,7,708,2017,8,6,15,0,0,1,0,0,0,0,1,2,6,3,1,3,0
12129,1,16,137,2017,8,6,16,0,1,0,0,0,0,0,1,0,1,3,1,3,0
12130,1,16,137,2017,8,6,16,0,0,1,0,0,0,0,1,4,2,3,1,3,0
12131,6,1,601,2017,8,6,15,0,1,0,1,0,0,0,2,6,4,3,1,3,0
12132,6,2,602,2017,8,6,11,0,1,1,0,0,0,0,2,3,6,3,1,2,1
12133,6,2,603,2017,8,6,7,0,0,1,0,0,0,0,1,3,7,3,1,3,0
12134,1,12,130,2017,8,6,15,0,0,1,0,0,0,0,1,2,2,3,1,3,0
12135,1,12,130,2017,8,6,18,0,0,1,0,0,0,0,1,2,6,3,0,3,0
12136,1,14,133,2017,8,6,18,0,0,1,0,0,0,0,1,2,6,3,0,3,0
12137,1,8,123,2017,8,6,13,0,0,1,0,0,0,0,1,2,6,3,1,3,0
12138,5,5,513,2017,8,6,15,0,1,1,0,0,0,0,2,5,2,3,1,3,0
12139,5,5,513,2017,8,6,16,0,1,1,0,0,0,0,2,5,3,3,1,3,0
12140,5,4,512,2017,8,6,12,0,0,1,0,0,0,1,2,2,6,3,1,2,1
12141,5,7,515,2017,8,6,9,0,0,1,0,0,0,0,1,4,7,3,0,3,0
12142,5,7,515,2017,8,6,11,0,0,1,1,0,0,0,2,6,7,3,1,3,0
12143,4,11,430,2017,8,6,10,0,1,0,0,0,0,1,2,0,2,3,1,3,0
12144,5,16,524,2017,8,6,13,0,0,1,0,0,0,0,1,2,6,3,1,3,0
12145,5,17,525,2017,8,6,13,0,0,1,0,0,0,0,1,5,3,3,1,3,0
12146,4,6,415,2017,8,6,17,0,1,1,0,0,0,0,2,5,3,3,1,3,0
12147,4,8,423,2017,8,6,16,0,0,1,0,0,0,0,1,3,7,3,1,3,0
12148,4,10,426,2017,8,6,15,0,0,1,0,0,0,0,1,2,6,3,1,3,0
12149,4,8,422,2017,8,6,17,0,1,1,0,0,0,0,2,5,3,3,1,3,0
12150,4,10,426,2017,8,6,15,0,0,1,0,0,0,0,1,2,6,3,1,3,0
12151,3,8,320,2017,8,6,6,0,1,1,0,0,0,0,2,5,3,3,0,3,0
12152,2,10,222,2017,8,6,17,0,0,1,0,0,0,0,1,1,6,3,1,3,0
12153,3,2,311,2017,8,6,23,0,0,1,0,0,0,0,1,4,2,3,0,3,0
12154,7,6,707,2017,8,5,13,0,1,1,0,0,0,0,2,5,3,3,0,3,0
12155,1,16,137,2017,8,5,19,0,0,1,1,0,0,0,2,6,4,3,0,3,0
12156,1,11,129,2017,8,5,18,0,0,1,0,1,0,0,2,3,6,3,0,3,0
12157,1,8,122,2017,8,5,15,0,1,1,0,0,0,0,2,1,5,3,0,3,0
12158,5,12,520,2017,8,5,6,0,0,0,0,1,0,1,2,3,6,3,0,3,0
12159,4,13,432,2017,8,5,17,0,0,1,0,0,0,0,1,2,6,3,0,3,0
12160,4,5,410,2017,8,5,16,0,1,0,1,0,0,0,2,6,4,3,0,3,0
12161,4,8,422,2017,8,5,17,0,1,0,0,0,0,0,1,3,6,3,0,3,0
12162,4,10,426,2017,8,5,18,0,0,1,0,0,0,0,1,5,3,3,0,3,0
12163,2,3,209,2017,8,5,11,0,1,1,0,0,0,0,2,1,5,3,0,3,0
12164,2,7,219,2017,8,5,18,0,1,1,0,0,0,0,2,5,3,3,0,3,0
12165,3,5,317,2017,8,5,18,0,1,0,0,0,0,0,1,0,6,3,0,3,0
12166,2,3,209,2017,8,5,17,0,0,1,0,1,0,0,2,3,6,3,0,3,0
12167,1,4,112,2017,8,5,17,0,1,0,0,0,0,1,2,3,6,3,0,3,0
12168,7,14,715,2017,8,4,9,0,0,0,1,0,0,1,2,6,7,3,0,3,0
12169,1,12,130,2017,8,4,20,0,0,1,0,1,0,0,2,3,2,3,0,2,1
12170,1,11,129,2017,8,4,20,0,0,1,0,0,0,0,1,2,6,3,0,3,0
12171,5,5,513,2017,8,4,17,0,0,1,0,0,0,0,1,2,2,3,0,3,0
12172,4,11,430,2017,8,4,17,0,1,1,0,0,0,0,2,1,5,3,0,3,0
12173,4,5,411,2017,8,4,21,0,1,1,0,0,0,0,2,1,5,3,0,2,1
12174,4,8,421,2017,8,4,18,0,0,1,0,0,0,1,2,3,6,3,0,3,0
12175,4,1,402,2017,8,4,19,0,1,1,0,0,0,0,2,1,5,3,0,3,0
12176,4,1,401,2017,8,4,18,0,1,1,0,0,0,0,2,1,5,3,0,3,0
12177,3,3,314,2017,8,4,12,0,1,1,0,0,0,0,2,3,5,3,0,3,0
12178,3,3,314,2017,8,4,8,0,1,0,0,0,0,0,1,4,6,3,0,3,0
12179,2,2,207,2017,8,4,16,0,0,1,0,1,0,0,2,5,2,3,0,3,0
12180,1,1,101,2017,8,4,11,0,0,0,0,0,0,1,1,3,2,3,0,3,0
12181,1,4,112,2017,8,4,18,0,1,1,0,0,0,0,2,5,3,3,0,3,0
12182,1,3,107,2017,8,4,8,0,1,0,1,0,0,0,2,6,4,3,0,3,0
12183,1,5,113,2017,8,4,9,0,1,0,0,0,0,0,1,3,6,3,0,3,0
12184,7,15,716,2017,8,3,7,0,0,1,0,1,0,0,2,1,6,3,0,3,0
12185,7,9,710,2017,8,3,16,0,1,1,0,0,0,0,2,1,5,3,0,3,0
12186,1,11,129,2017,8,3,12,0,1,1,0,0,0,0,2,3,2,3,0,3,0
12187,1,6,115,2017,8,3,7,0,0,1,0,0,0,1,2,3,6,3,0,3,0
12188,5,4,512,2017,8,3,20,0,0,1,0,0,0,0,1,4,6,3,1,2,1
12189,5,4,512,2017,8,3,7,0,1,1,0,0,0,0,2,5,3,3,0,3,0
12190,5,2,508,2017,8,3,13,0,0,1,0,0,0,0,1,2,6,3,0,3,0
12191,5,7,515,2017,8,3,17,0,1,0,0,0,0,0,1,4,6,3,0,3,0
12192,5,8,516,2017,8,3,10,0,0,1,0,0,0,0,1,3,5,3,0,3,0
12193,5,17,525,2017,8,3,9,0,1,1,0,0,0,0,2,3,6,3,0,2,1
12194,4,13,432,2017,8,3,14,0,0,1,0,0,0,0,1,2,6,3,0,3,0
12195,4,5,413,2017,8,3,14,0,1,0,0,0,0,1,2,0,7,3,0,3,0
12196,4,6,415,2017,8,3,17,0,0,1,0,1,0,0,2,3,2,3,0,3,0
12197,3,9,321,2017,8,3,0,0,0,1,0,1,0,0,2,4,2,3,0,2,1
12198,3,7,319,2017,8,3,15,0,1,1,0,0,0,0,2,5,3,3,0,3,0
12199,4,3,406,2017,8,3,17,0,0,1,0,0,0,1,2,0,2,3,0,3,0
12200,2,1,203,2017,8,3,10,0,1,1,0,0,0,0,2,4,2,3,0,3,0
12201,1,4,111,2017,8,3,8,0,1,1,0,0,0,0,2,3,6,3,0,3,0
12202,1,5,113,2017,8,3,20,0,0,1,1,0,0,0,2,6,4,3,1,3,0