SN,District,Imperial_Circle,Community,Year,Month,Weekday,Hour,Road,Cycle,Car,Pedestrians,Motorcycle,Goods Vehicle,Others,Total,Collision Type,Accident Type,Light Condition,Road Condition,Accident_Severity,Severity
12503,3,5,317,2017,8,4,14,0,0,1,1,0,0,0,2,6,4,3,0,2,1
12504,1,5,114,2017,8,4,14,0,1,0,0,0,0,1,2,5,2,3,0,3,0
12505,1,5,113,2017,8,4,8,0,1,1,0,0,0,0,2,3,2,3,0,3,0
12506,1,5,114,2017,8,4,18,0,0,1,0,0,0,0,1,2,6,3,0,3,0
12507,7,1,702,2017,8,3,11,0,0,1,0,0,0,1,2,5,2,3,0,3,0
12508,7,4,705,2017,8,3,10,0,1,1,0,0,0,0,2,5,3,3,0,3,0
12509,6,2,602,2017,8,3,12,0,0,1,0,0,0,1,2,5,3,3,0,3,0
12510,1,11,129,2017,8,3,18,0,0,1,0,0,0,0,1,2,6,3,0,3,0
12511,1,13,131,2017,8,3,23,0,0,1,0,0,0,0,1,0,7,3,0,3,0
12512,1,12,130,2017,8,3,15,0,1,1,0,0,0,0,2,5,3,3,0,3,0
12513,5,5,513,2017,8,3,14,0,0,1,0,0,0,0,1,5,3,3,0,3,0
12514,5,18,526,2017,8,3,16,0,1,0,0,0,0,0,1,4,6,3,0,3,0
12515,5,18,526,2017,8,3,10,0,0,1,0,1,0,0,2,5,3,3,0,3,0
12516,5,4,512,2017,8,3,17,0,0,1,0,0,0,0,1,3,6,3,0,3,0
12517,5,17,525,2017,8,3,16,0,0,1,0,0,0,0,1,2,6,3,0,3,0
12518,4,13,432,2017,8,3,18,0,0,1,1,0,0,0,2,6,7,3,0,3,0
12519,4,11,430,2017,8,3,7,0,1,1,0,0,0,0,2,5,3,3,0,2,1
12520,4,5,411,2017,8,3,14,0,1,0,0,0,0,1,2,4,6,3,0,3,0
12521,5,1,504,2017,8,3,18,0,1,0,1,0,0,0,2,6,7,3,0,3,0
12522,4,6,415,2017,8,3,18,0,0,1,0,1,0,0,2,1,7,3,0,3,0
12523,4,10,429,2017,8,3,9,0,1,1,0,0,0,0,2,0,5,3,0,3,0
12524,4,6,415,2017,8,3,10,0,1,0,1,0,0,0,2,6,4,3,0,3,0
12525,4,6,415,2017,8,3,15,0,0,1,0,1,0,0,2,3,2,3,0,3,0
12526,2,9,221,2017,8,3,17,0,1,1,0,0,0,0,2,1,6,3,0,3,0
12527,3,8,320,2017,8,3,10,0,0,1,0,0,0,1,2,4,2,3,0,3,0
12528,3,1,301,2017,8,3,19,0,0,1,0,0,0,0,1,5,3,3,0,3,0
12529,3,5,317,2017,8,3,9,0,1,1,0,0,0,0,2,5,3,3,0,3,0
12530,2,4,211,2017,8,3,22,0,0,1,0,1,0,0,2,4,2,3,0,3,0
12531,2,4,212,2017,8,3,14,0,0,1,0,0,0,0,1,2,6,3,0,3,0
12532,1,1,101,2017,8,3,15,0,1,1,0,0,0,0,2,5,3,3,0,3,0
12533,1,5,114,2017,8,3,16,0,1,0,0,0,0,0,1,4,6,3,0,3,0
12534,1,5,114,2017,8,3,13,0,0,0,1,0,0,1,2,6,7,3,0,3,0
12535,6,2,602,2017,8,2,17,0,1,1,0,0,0,0,2,5,3,3,0,3,0
12536,1,11,128,2017,8,2,9,0,0,1,0,0,0,0,1,2,6,3,0,3,0
12537,1,11,129,2017,8,2,12,0,1,1,0,0,0,0,2,5,3,3,0,3,0
12538,5,18,526,2017,8,2,8,0,1,1,0,0,0,0,2,5,3,3,0,2,1
12539,5,5,513,2017,8,2,19,0,0,1,0,1,0,0,2,0,2,3,0,3,0
12540,5,3,510,2017,8,2,16,0,0,0,0,0,0,1,1,0,6,3,0,3,0
12541,5,3,510,2017,8,2,22,0,0,1,0,0,0,0,1,2,6,3,0,3,0
12542,5,8,516,2017,8,2,7,0,1,1,0,0,0,0,2,5,2,3,0,3,0
12543,4,11,430,2017,8,2,8,0,1,1,0,0,0,0,2,4,2,3,0,3,0
12544,4,4,407,2017,8,2,21,0,0,1,0,1,0,0,2,5,3,3,0,3,0
12545,4,4,407,2017,8,2,19,0,0,1,0,0,0,0,1,4,2,3,0,3,0
12546,4,8,420,2017,8,2,16,0,1,0,1,0,0,0,2,6,4,3,0,3,0
12547,3,9,321,2017,8,2,5,0,0,1,0,0,0,1,2,2,6,3,0,3,0
12548,3,8,320,2017,8,2,8,0,1,1,0,0,0,0,2,5,3,3,0,3,0
12549,2,7,219,2017,8,2,15,0,0,1,0,0,0,0,1,2,6,3,0,3,0
12550,2,5,216,2017,8,2,10,0,0,1,0,1,0,0,2,0,7,3,0,3,0
12551,4,3,406,2017,8,2,9,0,1,1,0,0,0,0,2,5,2,3,0,3,0
12552,4,1,401,2017,8,2,17,0,1,1,0,0,0,0,2,3,2,3,0,3,0
12553,2,1,204,2017,8,2,8,0,1,1,0,0,0,0,2,1,5,3,0,3,0
12554,2,4,212,2017,8,2,11,0,1,1,0,0,0,0,2,0,6,3,0,3,0
12555,3,3,314,2017,8,2,20,0,1,1,0,0,0,0,2,5,3,3,0,3,0
12556,7,16,717,2017,8,1,17,0,0,0,0,1,0,0,1,8,1,3,0,2,1
12557,1,12,130,2017,8,1,2,0,0,0,1,0,0,1,2,6,7,3,0,3,0
12558,5,2,509,2017,8,1,17,0,0,1,1,0,0,0,2,6,4,3,0,3,0
12559,4,4,407,2017,8,1,16,0,0,1,0,1,0,0,2,4,2,3,0,2,1
12560,4,8,422,2017,8,1,14,0,0,1,1,0,0,0,2,6,2,3,0,3,0
12561,2,9,221,2017,8,1,14,0,0,1,0,0,0,0,1,9,1,3,0,3,0
12562,2,11,223,2017,8,1,10,0,1,1,0,0,0,0,2,5,3,3,0,3,0
12563,2,1,205,2017,8,1,20,0,0,1,0,0,0,0,1,3,6,3,0,3,0
12564,3,2,312,2017,8,1,18,0,0,1,0,1,0,0,2,3,6,3,0,3,0
12565,1,4,112,2017,8,1,6,0,0,1,0,1,0,0,2,5,2,3,0,3,0
12566,1,3,106,2017,8,1,17,0,1,1,0,0,0,0,2,5,3,3,0,3,0
12567,1,5,114,2017,8,1,11,0,0,1,0,0,0,1,2,5,3,3,0,3,0
12568,7,12,713,2017,8,7,19,0,0,0,0,1,0,0,1,8,7,3,0,2,1
12569,6,2,602,2017,8,7,20,0,1,1,0,0,0,0,2,5,3,3,0,3,0
12570,1,11,129,2017,8,7,15,0,1,0,0,0,0,1,2,1,5,3,0,2,1
12571,5,5,513,2017,8,7,15,0,0,1,0,1,0,0,2,5,2,3,0,2,1
12572,5,12,520,2017,8,7,18,0,0,1,0,0,0,0,1,1,6,3,0,3,0
12573,5,11,519,2017,8,7,15,0,0,1,0,0,0,0,1,1,6,3,0,3,0
12574,3,9,321,2017,8,7,22,0,0,1,0,0,0,0,1,4,2,3,0,3,0
12575,2,13,226,2017,8,7,9,0,1,1,0,0,0,0,2,4,2,3,0,3,0
12576,2,13,226,2017,8,7,3,0,0,1,0,0,0,0,1,1,5,3,0,3,0
12577,7,13,714,2017,8,6,21,0,1,1,0,0,0,0,2,5,3,3,0,3,0
12578,1,8,121,2017,8,6,12,0,0,1,1,0,0,0,2,6,2,3,0,3,0
12579,5,15,523,2017,9,4,15,0,0,1,0,0,0,0,1,1,6,3,0,3,0
12580,3,2,312,2017,9,4,5,0,0,1,0,0,0,1,2,1,6,3,1,3,0
12581,5,18,526,2017,8,6,17,0,0,1,0,0,0,1,2,5,3,3,0,3,0
12582,5,6,514,2017,8,6,18,0,0,1,1,0,0,0,2,6,4,3,0,3,0
12583,5,18,526,2017,10,5,14,0,0,0,0,0,0,1,1,7,7,3,1,3,0
12584,4,11,430,2017,10,5,16,0,1,1,0,0,0,0,2,0,7,3,1,3,0
12585,4,11,430,2017,10,5,6,0,0,1,0,0,0,1,2,5,3,3,1,3,0
12586,5,11,519,2017,10,5,15,0,0,1,0,0,0,1,2,2,6,3,1,3,0
12587,4,11,430,2017,10,5,18,0,0,1,0,0,0,0,1,2,6,3,1,3,0
12588,4,12,431,2017,10,5,10,0,0,1,0,0,0,1,2,2,6,3,1,3,0
12589,4,5,408,2017,10,5,14,0,0,1,0,0,0,0,1,1,5,3,1,3,0
12590,5,1,503,2017,10,5,14,0,1,1,0,0,0,0,2,5,3,3,0,3,0
12591,4,8,419,2017,10,5,15,0,1,1,0,0,0,0,2,5,3,3,1,3,0
12592,4,7,416,2017,10,5,7,0,0,1,1,0,0,0,2,6,2,3,1,3,0
12593,4,6,415,2017,10,5,23,0,0,1,0,0,0,0,1,2,2,3,1,3,0
12594,4,6,415,2017,10,5,23,0,1,1,0,0,0,0,2,5,2,3,1,3,0
12595,3,9,321,2017,10,5,21,0,0,1,1,0,0,0,2,6,2,3,1,3,0
12596,2,12,225,2017,10,5,7,0,1,1,0,0,0,0,2,4,5,3,1,3,0
12597,2,7,219,2017,10,5,13,0,0,1,0,0,0,0,1,1,5,3,1,3,0
12598,2,8,220,2017,10,5,19,0,1,1,0,0,0,0,2,4,2,3,1,3,0
12599,3,6,318,2017,10,6,11,0,0,1,0,0,0,0,1,2,2,3,1,3,0
12600,3,7,319,2017,10,6,10,0,0,1,0,0,0,0,1,2,6,3,1,3,0
12601,3,1,301,2017,10,6,19,0,1,0,0,0,0,0,1,5,3,3,0,3,0
12602,2,8,220,2017,10,5,7,0,0,1,0,0,0,1,2,1,3,3,1,3,0
12603,3,7,319,2017,10,5,7,0,0,1,1,0,0,0,2,6,5,3,0,3,0
12604,3,1,303,2017,10,5,13,0,0,1,0,0,0,1,2,2,6,3,1,3,0
12605,4,1,402,2017,10,5,13,0,1,0,0,0,0,1,2,5,7,3,1,3,0
12606,3,3,314,2017,10,5,17,0,1,1,0,0,0,0,2,1,5,3,1,3,0
12607,1,5,113,2017,10,5,7,0,1,0,1,0,0,0,2,6,3,3,1,3,0
12608,1,5,113,2017,10,5,15,0,1,0,1,0,0,0,2,6,3,3,1,2,1
12609,7,12,713,2017,10,5,6,0,0,1,0,0,0,0,1,5,7,3,1,2,1
12610,7,14,715,2017,10,4,12,0,0,1,1,0,0,1,3,1,7,3,0,3,0
12611,7,8,709,2017,10,4,10,0,0,0,0,1,0,0,1,0,7,3,0,3,0
12612,6,1,601,2017,10,4,15,0,1,1,0,0,0,0,2,5,3,3,0,2,1
12613,1,8,121,2017,10,4,8,0,1,1,0,0,0,0,2,0,6,3,1,3,0
12614,1,8,125,2017,10,4,15,0,1,1,0,0,0,0,2,5,2,3,0,2,1
12615,5,4,512,2017,10,4,17,0,0,1,1,0,0,0,2,6,4,3,0,2,1
12616,5,2,507,2017,10,4,6,0,0,1,0,0,0,0,1,2,6,3,1,3,0
12617,5,11,519,2017,10,4,20,0,0,1,0,0,0,0,1,5,3,3,1,3,0
12618,5,13,521,2017,10,4,10,0,1,1,0,0,0,0,2,5,3,3,0,3,0
12619,2,9,221,2017,10,4,12,0,0,1,0,0,0,0,1,5,3,3,0,3,0
12620,2,8,220,2017,10,4,21,0,0,0,1,0,0,1,2,6,4,3,1,2,1
12621,2,5,215,2017,10,4,20,0,0,1,0,0,0,0,1,3,2,3,1,3,0
12622,2,5,216,2017,10,4,11,0,1,1,0,0,0,0,2,0,3,3,1,3,0
12623,3,3,314,2017,10,6,8,0,0,1,0,0,0,0,1,1,6,3,1,3,0
12624,2,6,218,2017,10,4,6,0,1,1,0,0,0,0,2,5,3,3,0,3,0
12625,3,1,309,2017,10,6,8,0,1,1,0,0,0,0,2,0,7,3,1,3,0
12626,3,6,318,2017,10,4,7,0,1,0,0,0,0,0,1,0,7,3,1,3,0
12627,3,2,312,2017,10,4,13,0,1,1,0,0,0,0,2,0,7,3,0,3,0
12628,7,9,710,2017,10,3,13,0,0,1,0,0,0,1,2,0,3,3,0,3,0
12629,7,4,705,2017,10,3,10,0,0,1,0,0,0,0,1,8,1,3,1,2,1
12630,1,11,129,2017,10,3,12,0,0,1,0,0,0,0,1,1,6,3,1,3,0
12631,5,2,506,2017,10,3,1,0,0,1,0,0,0,0,1,2,6,3,0,3,0
12632,4,11,430,2017,10,3,12,0,0,1,0,0,0,0,1,5,7,3,1,3,0
12633,4,13,432,2017,10,3,21,0,0,1,0,0,0,0,1,2,6,3,1,3,0
12634,3,7,319,2017,10,3,23,0,0,1,1,0,0,0,2,6,2,3,1,3,0
12635,3,1,305,2017,10,3,14,0,0,1,0,1,0,0,2,5,7,3,1,3,0
12636,1,3,106,2017,10,3,1,0,0,1,0,0,0,0,1,2,6,3,0,3,0
12637,7,13,714,2017,10,2,15,0,0,1,0,0,0,0,1,4,6,3,0,3,0
12638,1,12,130,2017,10,2,16,0,1,1,0,0,0,0,2,3,6,3,1,3,0
12639,1,8,123,2017,10,2,18,0,0,1,0,1,0,0,2,2,2,3,0,3,0
12640,1,6,117,2017,10,2,14,0,0,0,0,1,0,1,2,5,3,3,0,3,0
12641,5,8,516,2017,10,2,15,0,1,1,0,0,0,0,2,4,2,3,0,3,0
12642,5,7,515,2017,10,2,13,0,0,1,0,0,0,0,1,5,3,3,1,3,0
12643,5,11,519,2017,10,2,12,0,0,1,0,0,0,0,1,2,6,3,1,3,0
12644,5,11,519,2017,10,2,12,0,1,1,0,0,0,0,2,4,2,3,1,3,0
12645,4,5,409,2017,10,2,10,0,0,0,1,0,0,1,2,6,4,3,1,3,0
12646,4,6,415,2017,10,2,16,0,0,1,0,1,0,0,2,0,3,3,1,3,0
12647,4,10,426,2017,10,2,12,0,0,1,0,0,0,0,1,2,6,3,1,3,0
12648,4,10,428,2017,10,2,16,0,0,1,0,0,0,1,2,2,6,3,0,3,0
12649,2,5,215,2017,10,2,8,0,0,1,0,0,0,0,1,5,3,3,1,3,0
12650,4,2,405,2017,10,2,15,0,0,1,0,0,0,1,2,2,6,3,1,3,0
12651,3,1,309,2017,10,2,11,0,0,1,0,0,0,1,2,2,6,3,1,3,0
12652,3,3,314,2017,10,2,17,0,1,1,0,0,0,0,2,2,6,3,1,3,0
12653,7,9,710,2017,10,1,20,0,0,1,0,1,0,0,2,5,3,3,0,3,0
12654,1,16,137,2017,10,1,22,0,0,1,0,0,0,0,1,2,6,3,0,3,0
12655,1,17,138,2017,10,1,7,0,0,1,0,0,0,0,1,4,6,3,1,3,0
12656,6,9,610,2017,10,1,14,0,0,0,0,1,0,1,2,2,6,3,0,2,1
12657,6,2,603,2017,10,1,7,0,0,0,0,1,0,0,1,0,7,3,1,3,0
12658,1,3,107,2017,10,6,19,0,0,1,0,1,0,0,2,5,3,3,1,3,0
12659,7,13,714,2017,10,5,17,0,0,1,0,0,0,1,2,2,6,3,1,3,0
12660,7,14,715,2017,10,5,7,0,1,1,0,0,0,0,2,5,3,3,1,2,1
12661,7,4,705,2017,10,5,17,0,0,1,0,0,0,0,1,2,6,3,0,3,0
12662,1,16,137,2017,10,5,22,0,0,1,0,0,0,0,1,3,6,3,1,3,0
12663,1,17,138,2017,10,5,19,0,0,0,1,1,0,0,2,0,4,3,1,3,0
12664,6,2,602,2017,10,5,20,0,0,1,1,0,0,0,2,6,4,3,1,3,0
12665,1,11,128,2017,10,5,17,0,0,0,0,1,0,1,2,1,6,3,1,3,0
12666,2,7,219,2017,10,6,7,0,0,1,0,0,0,0,1,2,6,3,1,3,0
12667,1,11,128,2017,10,1,6,0,0,1,0,0,0,0,1,5,3,3,1,2,1
12668,1,8,126,2017,10,1,15,0,0,1,0,0,0,0,1,4,2,3,0,3,0
12669,4,5,409,2017,10,1,9,0,0,1,0,1,0,0,2,1,5,3,1,3,0
12670,1,4,111,2017,10,1,4,0,1,1,0,0,0,0,2,5,3,3,1,3,0
12671,1,5,114,2017,10,1,14,0,0,1,0,0,0,0,1,5,7,3,0,3,0
12672,1,5,114,2017,10,1,15,0,0,1,0,0,0,1,2,3,7,3,0,3,0
12673,5,7,515,2017,9,7,21,0,0,1,0,0,0,0,1,4,6,3,1,2,1
12674,5,10,518,2017,9,7,20,0,0,1,0,0,0,0,1,2,6,3,1,3,0
12675,4,5,411,2017,9,7,16,0,1,1,0,0,0,0,2,1,5,3,0,3,0
12676,4,8,423,2017,9,7,21,0,0,1,0,0,0,0,1,5,3,3,1,3,0
12677,5,1,502,2017,9,7,2,0,1,0,0,0,0,1,2,1,5,3,0,3,0
12678,2,9,221,2017,9,7,20,0,0,1,0,0,0,0,1,4,2,3,1,2,1
12679,3,7,319,2017,9,7,10,0,0,1,0,0,0,0,1,2,6,3,0,3,0
12680,2,4,211,2017,9,7,12,0,1,1,0,0,0,0,2,3,6,3,0,3,0
12681,3,2,311,2017,9,7,16,0,0,1,0,0,0,0,1,2,6,3,0,3,0
12682,3,1,309,2017,9,7,1,0,1,1,0,0,0,0,2,1,6,3,0,3,0
12683,1,4,111,2017,9,7,6,0,0,1,1,0,0,0,2,6,2,3,1,3,0
12684,1,5,114,2017,9,7,21,0,0,1,1,0,0,0,2,6,4,3,1,3,0
12685,1,18,139,2017,9,7,9,0,0,1,0,0,0,0,1,8,1,3,1,3,0
12686,1,20,141,2017,9,6,8,0,1,1,0,0,0,0,2,0,6,3,1,3,0
12687,1,19,140,2017,9,6,18,0,0,1,0,0,0,1,2,2,6,3,0,3,0
12688,1,16,136,2017,9,6,16,0,0,1,0,0,0,0,1,2,6,3,0,3,0
12689,1,12,130,2017,9,6,14,0,0,1,0,0,0,0,1,5,3,3,0,3,0
12690,1,11,129,2017,9,6,11,0,0,1,0,0,0,0,1,1,6,3,0,3,0
12691,1,7,119,2017,9,6,7,0,0,0,0,1,0,0,1,0,1,3,1,2,1
12692,5,6,514,2017,9,6,17,0,0,1,0,0,0,0,1,5,3,3,0,3,0
12693,5,2,505,2017,9,6,12,0,1,0,0,0,0,1,2,0,7,3,1,3,0
12694,4,9,424,2017,9,6,8,0,0,1,1,0,0,0,2,6,4,3,1,3,0
12695,5,7,515,2017,9,6,10,0,0,1,0,0,0,0,1,3,6,3,0,3,0
12696,5,8,516,2017,9,6,13,0,1,1,0,0,0,0,2,5,2,3,0,2,1
12697,5,7,515,2017,9,6,14,0,0,1,0,0,0,1,2,1,6,3,0,3,0
12698,5,11,519,2017,9,6,19,0,0,1,0,0,0,0,1,2,6,3,0,3,0
12699,4,7,416,2017,9,6,14,0,0,1,0,0,0,0,1,2,6,3,0,3,0
12700,3,7,319,2017,9,6,8,0,0,1,0,0,0,0,1,2,7,3,0,2,1
12701,3,5,317,2017,9,6,9,0,1,0,0,0,0,1,2,4,2,3,0,3,0
12702,3,4,316,2017,9,6,7,0,0,1,0,0,0,1,2,5,7,3,0,3,0
12703,3,1,307,2017,9,6,10,0,1,0,0,0,0,0,1,0,7,3,0,3,0
12704,2,3,210,2017,9,6,1,0,0,1,0,0,0,0,1,4,2,3,1,3,0
12705,1,4,112,2017,9,6,13,0,0,1,0,0,0,0,1,2,6,3,0,3,0
12706,1,3,108,2017,9,6,20,0,0,1,0,0,0,0,1,4,7,3,0,3,0
12707,1,3,108,2017,9,6,10,0,0,1,0,0,0,0,1,0,7,3,0,3,0
12708,1,5,113,2017,9,6,14,0,0,1,0,1,0,0,2,4,7,3,0,3,0
12709,1,17,138,2017,9,6,14,0,0,1,0,0,0,0,1,2,6,3,0,3,0
12710,1,15,134,2017,9,5,15,0,0,1,0,0,0,0,1,5,3,3,0,3,0
12711,1,11,129,2017,9,5,11,0,0,1,1,0,0,0,2,6,4,3,0,2,1
12712,5,4,512,2017,9,5,17,0,0,1,0,0,0,0,1,4,2,3,0,3,0
12713,5,7,515,2017,9,5,12,0,1,0,0,0,0,0,1,0,7,3,0,3,0
12714,4,12,431,2017,9,5,9,0,0,1,1,0,0,0,2,6,7,3,0,2,1
12715,4,8,423,2017,9,5,22,0,0,0,0,1,0,0,1,0,1,3,1,3,0
12716,3,7,319,2017,9,5,8,0,0,0,0,1,0,0,1,0,7,3,1,3,0
12717,3,4,315,2017,9,5,11,0,0,1,0,0,0,0,1,2,6,3,0,3,0
12718,2,4,213,2017,9,5,18,0,1,1,0,0,0,0,2,1,5,3,0,3,0
12719,2,1,205,2017,9,5,11,0,1,1,0,0,0,0,2,1,5,3,1,2,1
12720,3,1,310,2017,9,5,15,0,1,0,1,0,0,0,2,6,7,3,0,3,0
12721,1,1,101,2017,9,5,5,0,0,1,0,0,0,0,1,5,3,3,1,3,0
12722,1,16,136,2017,9,4,10,0,1,0,1,0,0,0,2,6,4,3,0,3,0
12723,1,12,130,2017,9,4,17,0,1,1,0,0,0,0,2,5,3,3,0,3,0
12724,1,11,129,2017,9,4,15,0,0,1,0,0,0,0,1,3,6,3,1,3,0
12725,1,6,118,2017,9,4,7,0,1,1,0,0,0,0,2,5,3,3,0,3,0
12726,5,5,513,2017,9,4,16,0,0,1,0,0,0,0,1,3,2,3,0,3,0
12727,5,2,507,2017,9,4,17,0,0,1,0,0,0,0,1,2,6,3,1,3,0
12728,5,2,507,2017,9,4,14,0,1,1,0,0,0,0,2,5,2,3,0,3,0
12729,4,13,432,2017,9,4,18,0,0,0,0,1,0,0,1,0,1,3,1,3,0
12730,4,10,429,2017,9,4,13,0,0,1,0,0,0,1,2,3,6,3,1,3,0
12731,2,7,219,2017,9,4,20,0,1,1,0,0,0,0,2,5,7,3,1,3,0
12732,2,6,218,2017,9,4,15,0,0,1,1,0,0,0,2,6,3,3,0,3,0
12733,2,8,220,2017,9,4,12,0,0,1,1,0,0,0,2,6,4,3,0,3,0
12734,2,5,217,2017,9,4,11,0,0,1,1,0,0,0,2,6,7,3,0,3,0
12735,2,7,219,2017,9,4,9,0,0,1,0,0,0,0,1,1,6,3,0,3,0
12736,2,1,203,2017,9,4,17,0,1,1,0,0,0,0,2,2,6,3,0,3,0
12737,2,3,209,2017,9,4,17,0,0,1,0,1,0,0,2,1,6,3,0,3,0
12738,2,1,204,2017,9,4,6,0,1,0,0,0,0,1,2,5,2,3,0,3,0
12739,3,2,312,2017,9,4,13,0,1,0,0,0,0,0,1,4,6,3,0,3,0
12740,2,3,208,2017,9,4,13,0,1,0,0,0,0,1,2,4,2,3,0,3,0
12741,1,20,141,2017,9,3,16,0,0,1,0,0,0,1,2,5,3,3,0,3,0
12742,1,16,136,2017,9,3,16,0,0,1,0,0,0,0,1,5,3,3,0,3,0
12743,4,9,425,2017,9,3,10,0,0,1,0,0,0,1,2,2,6,3,0,3,0
12744,5,7,515,2017,9,3,12,0,0,1,0,0,0,0,1,5,3,3,0,3,0
12745,5,11,519,2017,9,3,15,0,1,1,0,0,0,0,2,5,2,3,0,3,0
12746,4,5,410,2017,9,3,16,0,1,1,0,0,0,0,2,5,2,3,0,3,0
12747,3,8,320,2017,9,3,8,0,1,1,0,0,0,0,2,5,3,3,0,3,0
12748,3,8,320,2017,9,3,7,0,1,0,0,0,0,0,1,3,6,3,0,3,0
12749,2,9,221,2017,9,3,20,0,0,1,0,1,0,0,2,3,6,3,0,3,0
12750,2,5,215,2017,9,3,13,0,1,0,1,0,0,0,2,6,3,3,0,3,0
12751,3,6,318,2017,9,3,15,0,1,1,0,0,0,0,2,0,7,3,0,3,0
12752,4,2,404,2017,9,3,6,0,1,1,0,0,0,0,2,1,5,3,0,3,0
12753,3,2,312,2017,9,3,7,0,1,1,0,0,0,0,2,1,5,3,1,3,0
12754,3,3,313,2017,9,3,17,0,0,0,0,1,0,1,2,5,3,3,0,2,1
12755,1,1,101,2017,9,3,19,0,0,0,1,0,0,1,2,6,4,3,1,3,0
12756,1,11,128,2017,9,2,14,0,0,1,0,0,0,0,1,2,2,3,0,3,0
12757,1,12,130,2017,9,2,17,0,1,0,0,0,0,1,2,5,3,3,1,3,0
12758,1,12,130,2017,9,2,10,0,0,1,0,0,0,1,2,0,3,3,0,3,0
12759,1,6,118,2017,9,2,16,0,1,1,0,0,0,0,2,1,5,3,1,3,0
12760,5,6,514,2017,9,2,13,0,0,1,1,0,0,0,2,6,4,3,0,2,1
12761,5,7,515,2017,9,2,16,0,1,1,0,0,0,0,2,5,3,3,1,3,0
12762,5,7,515,2017,9,2,16,0,0,1,0,0,0,0,1,2,6,3,1,3,0
12763,5,11,519,2017,9,2,14,0,1,1,0,0,0,0,2,5,3,3,0,3,0
12764,4,13,432,2017,9,2,17,0,0,0,1,0,0,1,2,6,7,3,0,3,0
12765,4,13,432,2017,9,2,13,0,0,1,0,1,0,0,2,5,7,3,0,1,1
12766,4,12,431,2017,9,2,13,0,1,0,1,0,0,0,2,6,6,3,0,3,0
12767,4,5,409,2017,9,2,13,0,0,1,0,1,0,0,2,0,6,3,0,3,0
12768,4,5,408,2017,9,2,16,0,0,0,0,1,0,0,1,0,1,3,0,3,0
12769,4,5,408,2017,9,2,13,0,1,1,0,0,0,0,2,5,3,3,0,3,0
12770,4,6,414,2017,9,2,12,0,0,1,0,0,0,1,2,0,7,3,0,3,0
12771,4,10,429,2017,9,2,8,0,1,0,0,0,0,0,1,4,6,3,0,3,0
12772,4,8,422,2017,9,2,17,0,1,0,0,0,0,1,2,3,2,3,0,2,1
12773,2,8,220,2017,9,2,16,0,1,1,0,0,0,0,2,5,3,3,0,3,0
12774,4,2,403,2017,9,2,13,0,1,1,0,0,0,0,2,5,3,3,0,3,0
12775,4,4,407,2017,9,2,8,0,1,1,0,0,0,0,2,5,3,3,0,3,0
12776,1,1,101,2017,9,2,17,0,0,0,1,0,0,1,2,6,7,3,0,3,0
12777,1,5,114,2017,9,2,17,0,0,1,0,0,0,1,2,1,6,3,1,3,0
12778,1,5,113,2017,9,2,11,0,0,1,0,0,0,0,1,2,6,3,0,3,0
12779,1,16,137,2017,9,1,15,0,0,1,0,0,0,0,1,2,6,3,1,3,0
12780,4,13,432,2017,9,1,12,0,0,1,0,0,0,0,1,2,6,3,0,3,0
12781,3,9,321,2017,9,1,20,0,0,1,0,1,0,0,2,5,3,3,0,2,1
12782,2,8,220,2017,9,1,19,0,0,1,0,0,0,0,1,4,6,3,0,3,0
12783,1,4,112,2017,9,1,2,0,0,1,0,0,0,0,1,2,6,3,1,2,1
12784,7,14,715,2017,9,7,14,0,0,0,0,0,0,1,1,0,7,3,0,2,1
12785,6,7,608,2017,9,7,12,0,0,0,0,1,0,0,1,9,1,3,0,2,1
12786,6,1,601,2017,9,7,15,0,1,1,0,0,0,0,2,5,3,3,0,3,0
12787,5,2,506,2017,9,7,10,0,1,0,0,0,0,0,1,2,6,3,0,3,0
12788,5,2,507,2017,9,7,11,0,0,1,0,0,0,0,1,4,7,3,0,3,0
12789,3,5,317,2017,9,7,16,0,0,1,0,0,0,0,1,3,2,3,0,3,0
12790,7,9,710,2017,9,6,14,0,1,1,0,0,0,0,2,4,2,3,0,3,0
12791,7,4,705,2017,9,6,13,0,0,1,0,0,0,1,2,0,6,3,0,3,0
12792,6,2,602,2017,9,6,5,0,0,1,0,0,0,0,1,5,3,3,0,3,0
12793,1,11,129,2017,9,6,2,0,0,1,0,0,0,0,1,2,6,3,0,3,0
12794,5,18,526,2017,9,6,19,0,0,1,1,0,0,0,2,6,4,3,0,3,0
12795,5,18,526,2017,9,6,7,0,1,1,0,0,0,0,2,4,2,3,0,3,0
12796,5,13,521,2017,9,6,13,0,0,1,0,0,0,1,2,0,2,3,0,2,1
12797,4,13,432,2017,9,6,7,0,0,1,0,0,0,0,1,1,6,3,0,3,0
12798,4,13,432,2017,9,6,14,0,1,1,0,0,0,0,2,3,2,3,0,3,0
12799,4,7,416,2017,9,6,8,0,1,1,0,0,0,0,2,2,6,3,0,3,0
12800,2,12,225,2017,9,6,10,0,1,1,0,0,0,0,2,0,7,3,0,3,0
12801,2,8,220,2017,9,6,23,0,0,1,0,1,0,0,2,1,5,3,0,2,1