SN,District,Imperial_Circle,Community,Year,Month,Weekday,Hour,Road,Cycle,Car,Pedestrians,Motorcycle,Goods Vehicle,Others,Total,Collision Type,Accident Type,Light Condition,Road Condition,Accident_Severity,Severity
12802,2,1,203,2017,9,6,15,0,0,1,0,0,0,0,1,3,6,3,0,3,0
12803,3,3,314,2017,9,6,15,0,0,1,0,1,0,0,2,3,2,3,0,3,0
12804,1,4,112,2017,9,6,23,0,0,1,1,0,0,0,2,6,7,3,0,3,0
12805,1,16,136,2017,9,5,6,0,0,1,0,0,0,0,1,3,6,3,0,3,0
12806,6,14,615,2017,9,5,20,0,1,1,0,0,0,0,2,5,3,3,0,2,1
12807,1,12,130,2017,9,5,11,0,1,1,0,0,0,0,2,5,3,3,0,3,0
12808,5,18,526,2017,9,5,17,0,1,1,0,0,0,0,2,1,5,3,0,3,0
12809,5,5,513,2017,9,5,14,0,0,0,0,0,0,1,1,2,6,3,0,3,0
12810,5,4,512,2017,9,5,5,0,0,1,0,0,0,0,1,4,2,3,0,2,1
12811,5,2,507,2017,9,5,10,0,0,1,0,0,0,0,1,1,7,3,0,3,0
12812,5,7,515,2017,9,5,17,0,0,1,0,0,0,0,1,3,5,3,0,3,0
12813,5,7,515,2017,9,5,16,0,0,0,0,1,0,1,2,3,3,3,0,3,0
12814,4,5,409,2017,9,5,8,0,1,1,0,0,0,0,2,1,6,3,0,3,0
12815,5,1,501,2017,9,5,10,0,0,1,0,0,0,1,2,1,5,3,0,3,0
12816,2,7,219,2017,10,6,16,0,1,1,0,0,0,0,2,4,2,3,1,3,0
12817,2,9,221,2017,10,6,14,0,0,1,0,0,0,0,1,2,6,3,0,3,0
12818,3,8,320,2017,10,6,18,0,1,0,0,0,0,0,1,4,6,3,0,3,0
12819,2,10,222,2017,9,5,10,0,0,1,0,0,0,0,1,2,6,3,0,3,0
12820,2,9,221,2017,9,5,15,0,0,1,0,1,0,0,2,3,6,3,0,2,1
12821,2,5,215,2017,9,5,8,0,0,1,0,1,0,0,2,3,6,3,0,3,0
12822,3,6,318,2017,9,5,16,0,0,1,1,0,0,0,2,6,2,3,0,3,0
12823,1,3,105,2017,9,5,13,0,1,0,1,0,0,0,2,6,6,3,0,3,0
12824,1,3,108,2017,9,5,14,0,1,0,0,0,0,1,2,0,3,3,0,3,0
12825,1,12,130,2017,9,4,19,0,0,1,0,0,0,0,1,5,3,3,0,3,0
12826,1,13,131,2017,9,4,4,0,0,1,0,0,0,1,2,3,6,3,0,2,1
12827,5,18,526,2017,9,4,14,0,0,1,0,0,0,1,2,8,1,3,0,3,0
12828,5,18,526,2017,9,4,8,0,1,1,0,0,0,0,2,5,3,3,1,3,0
12829,5,18,526,2017,9,4,12,0,0,1,0,0,0,1,2,4,6,3,1,3,0
12830,5,2,505,2017,9,4,14,0,0,1,0,1,0,0,2,3,6,3,0,3,0
12831,5,2,505,2017,9,4,15,0,1,1,0,0,0,0,2,5,3,3,0,3,0
12832,5,7,515,2017,9,4,13,0,1,1,0,0,0,0,2,3,2,3,0,3,0
12833,4,5,409,2017,9,4,17,0,1,1,0,0,0,0,2,2,6,3,0,3,0
12834,4,10,426,2017,9,4,20,0,0,0,0,1,0,0,1,9,7,3,0,3,0
12835,3,9,321,2017,9,4,14,0,0,1,1,0,0,0,2,6,4,3,0,2,1
12836,1,8,122,2017,10,5,16,0,1,1,0,0,0,0,2,5,3,3,1,3,0
12837,1,8,124,2017,10,5,18,0,0,1,0,0,0,0,1,3,6,3,1,3,0
12838,2,1,204,2017,9,4,17,0,1,0,0,0,0,0,1,4,6,3,0,3,0
12839,2,4,213,2017,9,4,16,0,1,1,0,0,0,0,2,1,5,3,0,3,0
12840,3,2,312,2017,9,4,9,0,0,1,0,0,0,1,2,1,6,3,0,3,0
12841,1,4,111,2017,9,4,9,0,0,0,1,1,0,0,2,5,4,3,1,3,0
12842,1,4,112,2017,9,4,14,0,0,1,0,1,0,0,2,2,6,3,0,3,0
12843,1,1,101,2017,9,4,19,0,1,0,1,0,0,0,2,6,3,3,0,3,0
12844,1,16,137,2017,9,4,16,0,0,0,0,0,0,1,1,1,5,3,0,2,1
12845,1,16,137,2017,9,4,13,0,1,0,0,0,0,1,2,1,3,3,0,3,0
12846,7,4,705,2017,9,3,10,0,0,1,1,0,0,0,2,6,7,3,0,3,0
12847,1,16,137,2017,9,3,16,0,0,1,0,0,0,0,1,5,7,3,0,3,0
12848,1,16,136,2017,9,3,14,0,0,1,0,0,0,0,1,2,6,3,0,3,0
12849,1,16,136,2017,9,3,5,0,0,1,0,0,0,1,2,1,6,3,0,3,0
12850,6,1,601,2017,9,3,5,0,1,0,1,0,0,0,2,6,4,3,0,2,1
12851,1,12,130,2017,9,3,17,0,0,1,0,0,0,0,1,5,3,3,0,3,0
12852,1,7,120,2017,9,3,14,0,0,1,0,0,0,0,1,2,6,3,0,3,0
12853,5,4,512,2017,9,3,7,0,0,1,0,1,0,0,2,3,6,3,0,3,0
12854,5,6,514,2017,9,3,6,0,0,1,1,0,0,0,2,6,2,3,0,3,0
12855,4,9,425,2017,9,3,16,0,1,1,0,0,0,0,2,3,6,3,0,3,0
12856,4,10,429,2017,9,3,15,0,0,1,1,0,0,0,2,6,7,3,0,3,0
12857,5,11,519,2017,9,3,21,0,0,1,0,1,0,0,2,4,6,3,1,3,0
12858,2,10,222,2017,9,3,8,0,0,1,0,0,0,0,1,5,3,3,0,3,0
12859,2,11,223,2017,9,3,6,0,0,1,0,0,0,1,2,4,6,3,0,3,0
12860,2,7,219,2017,9,3,18,0,1,0,0,0,0,0,1,5,3,3,0,2,1
12861,2,5,217,2017,9,3,18,0,1,1,0,0,0,0,2,5,3,3,0,3,0
12862,3,7,319,2017,9,3,22,0,0,1,0,0,0,0,1,3,2,3,1,3,0
12863,3,5,317,2017,9,3,7,0,0,0,0,1,0,1,2,3,6,3,1,3,0
12864,2,1,202,2017,9,3,17,0,0,1,1,0,0,0,2,6,2,3,0,2,1
12865,1,4,112,2017,9,3,23,0,1,1,0,0,0,0,2,0,2,3,1,3,0
12866,1,3,108,2017,9,3,19,0,0,1,0,0,0,0,1,0,7,3,0,3,0
12867,7,4,705,2017,9,2,5,0,0,0,1,0,0,1,2,6,4,3,0,2,1
12868,1,11,128,2017,9,2,20,0,0,1,0,0,0,0,1,2,6,3,1,3,0
12869,5,4,512,2017,9,2,16,0,0,1,0,1,0,0,2,2,6,3,1,2,1
12870,5,18,526,2017,9,2,16,0,1,1,0,0,0,0,2,5,2,3,0,3,0
12871,5,18,526,2017,9,2,17,0,0,1,0,0,0,0,1,2,6,3,1,3,0
12872,5,3,511,2017,9,2,14,0,0,1,0,0,0,0,1,3,6,3,1,3,0
12873,5,9,517,2017,9,2,15,0,1,0,1,0,0,0,2,6,3,3,0,3,0
12874,4,12,431,2017,9,2,12,0,0,1,0,0,0,1,2,3,7,3,0,3,0
12875,4,12,431,2017,9,2,9,0,1,1,0,0,0,0,2,5,3,3,0,3,0
12876,5,1,504,2017,9,2,8,0,1,1,0,0,0,0,2,5,3,3,1,3,0
12877,4,7,416,2017,9,2,18,0,1,1,0,0,0,0,2,1,6,3,1,3,0
12878,3,9,321,2017,9,2,18,0,0,1,0,0,0,0,1,2,6,3,0,3,0
12879,2,7,219,2017,9,2,18,0,1,1,0,0,0,0,2,5,5,3,0,3,0
12880,2,8,220,2017,9,2,14,0,0,1,0,0,0,0,1,2,6,3,0,3,0
12881,3,6,318,2017,9,2,16,0,0,0,0,1,0,1,2,0,6,3,0,2,1
12882,3,6,318,2017,9,2,8,0,1,1,0,0,0,0,2,5,3,3,0,3,0
12883,3,1,307,2017,9,2,13,0,0,1,0,0,0,0,1,2,6,3,0,3,0
12884,2,1,206,2017,9,2,16,0,0,1,0,0,0,0,1,2,6,3,0,3,0
12885,2,4,214,2017,9,2,16,0,0,1,1,0,0,0,2,6,4,3,0,3,0
12886,3,1,310,2017,9,2,21,0,0,1,0,0,0,0,1,5,3,3,1,3,0
12887,1,1,101,2017,9,2,10,0,0,1,1,0,0,0,2,6,2,3,0,2,1
12888,1,5,114,2017,9,2,3,0,0,0,1,0,0,1,2,6,4,3,0,3,0
12889,1,3,108,2017,9,2,17,0,0,1,0,1,0,0,2,2,6,3,0,3,0
12890,1,2,103,2017,9,2,11,0,0,1,0,0,0,0,1,3,6,3,0,3,0
12891,1,12,130,2017,9,1,18,0,0,1,0,0,0,0,1,2,6,3,1,3,0
12892,1,8,126,2017,9,1,16,0,0,1,0,0,0,0,1,5,3,3,1,3,0
12893,5,2,508,2017,9,1,19,0,0,1,0,0,0,0,1,2,6,3,0,3,0
12894,5,3,510,2017,9,1,14,0,0,1,0,1,0,0,2,5,7,3,1,3,0
12895,4,8,423,2017,9,1,14,0,0,1,0,0,0,0,1,5,7,3,1,3,0
12896,3,8,320,2017,9,1,8,0,0,0,0,1,0,1,2,0,3,3,1,3,0
12897,2,1,202,2017,9,1,6,0,0,1,1,0,0,0,2,6,4,3,0,2,1
12898,1,3,108,2017,9,1,22,0,0,1,0,0,0,1,2,2,6,3,1,3,0
12899,5,6,514,2017,9,7,15,0,0,1,0,0,0,1,2,0,3,3,1,3,0
12900,5,8,516,2017,9,7,14,0,0,1,1,0,0,0,2,6,4,3,0,3,0
12901,5,7,515,2017,9,7,21,0,0,1,0,0,0,0,1,5,3,3,1,3,0
12902,4,11,430,2017,9,7,12,0,0,0,0,1,0,0,1,7,1,3,0,3,0
12903,2,8,220,2017,9,7,13,0,0,1,0,0,0,0,1,5,3,3,0,3,0
12904,2,1,201,2017,9,7,17,0,0,1,0,0,0,0,1,3,2,3,0,3,0
12905,3,1,309,2017,9,7,15,0,0,0,0,1,0,0,1,0,7,3,1,3,0
12906,3,3,313,2017,9,7,13,0,1,0,0,0,0,1,2,5,3,3,0,3,0
12907,7,4,705,2017,9,6,21,0,0,1,1,0,0,0,2,6,7,3,0,3,0
12908,1,16,136,2017,9,6,18,0,0,1,0,0,0,0,1,2,6,3,1,3,0
12909,4,8,421,2017,10,1,2,0,0,1,0,0,0,0,1,2,6,3,1,3,0
12910,5,1,501,2017,10,1,16,0,0,1,1,0,0,0,2,6,2,3,0,2,1
12911,4,6,414,2017,10,1,9,0,1,0,1,0,0,0,2,6,6,3,1,3,0
12912,2,9,221,2017,10,1,4,0,0,1,0,0,0,0,1,9,1,3,1,2,1
12913,2,5,216,2017,10,1,14,0,0,1,0,0,0,1,2,2,6,3,0,3,0
12914,1,16,136,2017,9,6,10,0,0,1,1,0,0,0,2,6,4,3,0,2,1
12915,2,5,217,2017,10,1,1,0,0,1,0,0,0,0,1,4,2,3,1,3,0
12916,6,1,601,2017,9,6,9,0,1,0,0,1,0,0,2,5,2,3,0,3,0
12917,3,5,317,2017,10,1,11,0,0,1,0,0,0,0,1,2,6,3,0,3,0
12918,1,11,129,2017,9,6,13,0,1,1,0,0,0,0,2,1,5,3,0,3,0
12919,3,3,314,2017,10,1,10,0,0,1,0,1,0,0,2,5,3,3,1,3,0
12920,4,9,425,2017,9,6,13,0,0,1,0,0,0,1,2,2,6,3,0,3,0
12921,4,9,425,2017,9,6,10,0,0,1,0,0,0,0,1,2,6,3,0,3,0
12922,3,2,312,2017,10,1,3,0,0,0,1,0,0,1,2,6,4,3,1,1,1
12923,5,10,518,2017,9,6,14,0,0,1,0,0,0,0,1,2,6,3,0,3,0
12924,4,13,432,2017,9,6,15,0,0,1,1,0,0,0,2,6,4,3,0,3,0
12925,1,16,137,2017,10,7,14,0,0,1,0,0,0,1,2,9,1,3,0,3,0
12926,3,6,318,2017,9,6,15,0,1,1,0,0,0,0,2,5,3,3,0,3,0
12927,2,3,210,2017,9,6,18,0,0,1,0,0,0,1,2,3,7,3,0,3,0
12928,6,1,601,2017,10,7,5,0,0,1,0,0,0,0,1,8,1,3,1,3,0
12929,3,2,312,2017,9,6,9,0,0,1,1,0,0,0,2,6,4,3,0,3,0
12930,1,11,129,2017,10,7,14,0,0,1,0,0,0,0,1,2,6,3,1,3,0
12931,1,12,130,2017,10,7,16,0,0,1,0,0,0,0,1,8,1,3,1,3,0
12932,1,4,111,2017,9,6,14,0,0,1,1,0,0,0,2,6,4,3,0,2,1
12933,1,7,119,2017,10,7,6,0,0,1,0,0,0,0,1,9,7,3,1,2,1
12934,5,4,512,2017,10,7,20,0,0,1,1,0,0,0,2,6,4,3,1,3,0
12935,1,5,114,2017,9,6,21,0,0,1,0,0,0,0,1,5,3,3,0,3,0
12936,1,2,104,2017,9,5,17,0,1,0,0,0,0,1,2,5,3,3,0,2,1
12937,5,3,511,2017,9,5,14,0,0,1,0,0,0,0,1,3,6,3,0,3,0
12938,5,18,526,2017,9,5,23,0,0,1,0,0,0,0,1,5,3,3,0,3,0
12939,4,10,429,2017,9,5,22,0,1,1,0,0,0,0,2,5,3,3,0,3,0
12940,5,7,515,2017,9,5,9,0,0,1,0,0,0,0,1,2,6,3,0,3,0
12941,5,12,520,2017,9,5,14,0,0,1,1,0,0,0,2,6,3,3,0,3,0
12942,4,5,410,2017,9,5,20,0,1,0,1,0,0,0,2,6,6,3,0,3,0
12943,4,4,407,2017,9,5,18,0,1,0,0,0,0,0,1,5,2,3,0,3,0
12944,4,4,407,2017,9,5,11,0,0,1,0,0,0,0,1,1,7,3,0,3,0
12945,4,13,432,2017,10,7,20,0,0,1,0,0,0,0,1,2,2,3,1,3,0
12946,4,10,427,2017,10,7,7,0,0,1,1,0,0,0,2,6,3,3,1,2,1
12947,4,8,420,2017,10,7,17,0,1,1,0,0,0,0,2,5,3,3,1,3,0
12948,2,5,215,2017,10,7,15,0,0,0,0,1,0,0,1,0,7,3,1,3,0
12949,4,3,406,2017,10,7,16,0,0,1,0,0,0,1,2,2,6,3,1,3,0
12950,3,1,310,2017,10,7,13,0,1,1,0,0,0,0,2,3,6,3,1,3,0
12951,7,16,717,2017,10,6,22,0,0,1,0,0,0,0,1,2,6,3,0,3,0
12952,7,13,714,2017,10,6,13,0,0,1,1,0,0,0,2,6,3,3,0,3,0
12953,6,14,615,2017,10,6,7,0,1,1,0,0,0,0,2,0,2,3,1,3,0
12954,1,12,130,2017,10,6,16,0,1,0,1,0,0,0,2,6,3,3,0,3,0
12955,4,10,428,2017,9,5,21,0,0,1,0,0,0,0,1,3,5,3,0,3,0
12956,1,6,116,2017,10,6,6,0,0,1,1,0,0,0,2,6,4,3,1,2,1
12957,4,8,420,2017,9,5,12,0,0,1,0,0,0,0,1,2,6,3,0,3,0
12958,1,8,121,2017,10,6,6,0,0,1,1,0,0,0,2,6,2,3,1,3,0
12959,2,10,222,2017,9,5,18,0,0,1,0,1,0,0,2,2,6,3,0,3,0
12960,5,4,512,2017,10,6,15,0,0,1,0,0,0,0,1,5,3,3,0,3,0
12961,5,18,526,2017,10,6,13,0,0,1,0,0,0,0,1,3,7,3,1,3,0
12962,2,6,218,2017,9,5,9,0,1,1,0,0,0,0,2,1,7,3,0,3,0
12963,3,4,316,2017,9,5,16,0,1,1,0,0,0,0,2,1,5,3,0,3,0
12964,5,18,526,2017,10,6,11,0,0,1,0,0,0,1,2,2,6,3,1,3,0
12965,2,4,211,2017,9,5,19,0,1,0,0,0,0,0,1,5,3,3,0,3,0
12966,3,3,314,2017,9,5,9,0,0,1,0,1,0,0,2,3,6,3,0,3,0
12967,4,9,425,2017,10,6,20,0,0,1,0,0,0,0,1,4,6,3,0,3,0
12968,3,1,310,2017,9,5,7,0,1,1,0,0,0,0,2,4,2,3,0,3,0
12969,1,1,102,2017,9,5,17,0,0,1,1,0,0,0,2,6,6,3,0,3,0
12970,5,3,511,2017,10,6,23,0,0,1,0,0,0,0,1,2,6,3,0,3,0
12971,1,1,101,2017,9,5,20,0,0,0,1,0,0,1,2,6,3,3,0,3,0
12972,5,2,509,2017,10,6,16,0,0,1,1,0,0,0,2,6,4,3,1,2,1
12973,5,2,509,2017,9,4,13,0,0,1,0,0,0,0,1,5,2,3,1,3,0
12974,4,5,409,2017,10,6,8,0,1,1,0,0,0,0,2,5,3,3,1,3,0
12975,1,8,123,2017,10,5,8,0,0,1,0,0,0,1,2,5,3,3,1,3,0
12976,2,8,220,2017,10,6,11,0,0,1,0,0,0,1,2,2,2,3,1,3,0
12977,5,18,526,2017,10,5,11,0,0,1,1,0,0,0,2,6,4,3,1,3,0
12978,5,7,515,2017,9,4,10,0,0,1,0,0,0,0,1,0,7,3,1,3,0
12979,3,9,321,2017,10,6,10,0,0,1,0,0,0,0,1,0,7,3,0,3,0
12980,3,8,320,2017,10,6,14,0,0,1,0,0,0,1,2,0,3,3,0,3,0
12981,3,7,319,2017,10,6,15,0,1,1,0,0,0,0,2,0,3,3,0,3,0
12982,2,1,203,2017,10,6,13,0,0,0,1,0,0,1,2,6,7,3,0,2,1
12983,1,4,112,2017,10,6,20,0,0,1,1,0,0,0,2,6,4,3,0,3,0
12984,1,1,101,2017,10,6,18,0,0,1,0,0,0,0,1,3,6,3,1,3,0
12985,1,16,137,2017,10,5,6,0,1,1,0,0,0,0,2,5,3,3,1,2,1
12986,1,16,137,2017,10,5,6,0,1,1,0,0,0,0,2,5,3,3,0,3,0
12987,5,7,515,2017,10,3,18,0,1,1,0,0,0,0,2,3,2,3,1,3,0
12988,5,7,515,2017,10,3,10,0,0,1,0,0,0,0,1,5,3,3,0,3,0
12989,5,17,525,2017,10,3,15,0,1,0,0,0,0,1,2,4,3,3,1,3,0
12990,6,3,604,2017,10,5,2,0,0,1,0,0,0,1,2,4,6,3,0,2,1
12991,6,1,601,2017,10,5,9,0,0,1,0,1,0,0,2,0,7,3,1,2,1
12992,6,2,602,2017,10,5,13,0,1,0,0,0,0,0,1,0,1,3,1,2,1
12993,1,8,125,2017,10,5,16,0,0,1,0,0,0,1,2,1,6,3,1,3,0
12994,5,2,505,2017,10,5,18,0,0,1,0,0,0,0,1,2,6,3,0,3,0
12995,4,9,425,2017,10,5,17,0,0,1,0,0,0,0,1,1,6,3,0,3,0
12996,5,7,515,2017,10,5,10,0,1,0,0,0,0,0,1,0,7,3,1,3,0
12997,4,13,432,2017,10,5,12,0,0,1,0,0,0,0,1,5,2,3,0,3,0
12998,4,13,432,2017,10,5,14,0,1,1,0,0,0,0,2,3,2,3,0,3,0
12999,4,5,413,2017,10,5,17,0,1,1,0,0,0,0,2,4,6,3,0,3,0
13000,4,6,415,2017,10,5,15,0,0,1,0,0,0,1,2,3,6,3,0,3,0
13001,2,8,220,2017,10,5,19,0,0,1,0,0,0,0,1,1,7,3,0,3,0
13002,2,5,216,2017,10,5,15,0,0,0,0,1,0,0,1,0,7,3,1,3,0
13003,4,1,401,2017,10,5,16,0,1,0,0,0,0,0,1,4,6,3,0,3,0
13004,3,1,309,2017,10,5,8,0,0,1,0,0,0,0,1,1,6,3,0,3,0
13005,7,10,711,2017,10,4,22,0,1,1,0,0,0,0,2,5,2,3,1,2,1
13006,1,16,137,2017,10,4,16,0,0,1,0,1,0,0,2,1,5,3,0,3,0
13007,1,6,118,2017,10,4,14,0,0,1,0,0,0,0,1,2,6,3,1,3,0
13008,4,9,424,2017,10,4,11,0,1,0,1,0,0,0,2,0,6,3,0,3,0
13009,5,8,516,2017,10,4,8,0,1,0,0,0,0,1,2,5,2,3,1,2,1
13010,5,15,523,2017,10,4,3,0,0,1,0,0,0,0,1,9,1,3,1,3,0
13011,4,5,413,2017,10,4,20,0,1,0,1,0,0,0,2,6,4,3,0,2,1
13012,4,4,407,2017,10,4,16,0,0,0,0,1,0,0,1,8,1,3,0,2,1
13013,4,4,407,2017,10,4,14,0,0,0,0,1,0,0,1,0,1,3,1,3,0
13014,4,8,418,2017,10,4,16,0,1,1,0,0,0,0,2,5,3,3,0,3,0
13015,2,6,218,2017,10,4,7,0,1,1,0,0,0,0,2,5,3,3,1,3,0
13016,3,6,318,2017,10,4,6,0,1,0,1,0,0,0,2,6,7,3,1,3,0
13017,1,5,114,2017,10,4,10,0,1,1,0,0,0,0,2,3,2,3,1,3,0
13018,6,6,607,2017,10,3,12,0,1,0,0,0,0,1,2,5,3,3,1,3,0
13019,5,10,518,2017,10,3,15,0,1,1,0,0,0,1,3,2,6,3,1,3,0
13020,5,11,519,2017,10,3,15,0,0,1,0,0,0,0,1,2,6,3,1,3,0
13021,1,14,132,2017,10,3,7,0,0,1,0,0,0,1,2,3,6,3,0,3,0
13022,4,10,429,2017,10,3,7,0,1,1,0,0,0,0,2,3,2,3,0,3,0
13023,5,11,519,2017,10,3,15,0,0,1,0,0,0,0,1,2,6,3,1,3,0
13024,4,12,431,2017,10,3,14,0,0,1,0,0,0,0,1,5,3,3,1,3,0
13025,4,10,426,2017,10,3,20,0,0,1,0,0,0,0,1,2,6,3,1,3,0
13026,4,7,416,2017,10,3,22,0,0,1,1,0,0,0,2,6,2,3,1,3,0
13027,4,10,426,2017,10,3,16,0,0,1,0,0,0,0,1,1,6,3,1,3,0
13028,4,6,414,2017,10,3,8,0,1,1,0,0,0,0,2,1,5,3,1,3,0
13029,2,5,216,2017,10,3,12,0,0,1,0,0,0,0,1,2,6,3,1,3,0
13030,2,5,216,2017,10,3,12,0,1,1,0,0,0,0,2,2,3,3,1,3,0
13031,4,3,406,2017,10,3,10,0,0,1,0,0,0,0,1,4,3,3,0,3,0
13032,2,4,214,2017,10,3,7,0,0,1,0,1,0,0,2,3,2,3,1,3,0
13033,3,3,313,2017,10,3,10,0,0,1,1,0,0,0,2,6,2,3,0,2,1
13034,1,5,114,2017,10,3,17,0,1,1,0,0,0,0,2,5,3,3,1,3,0
13035,1,19,140,2017,10,3,7,0,0,1,0,0,0,1,2,3,6,3,0,3,0
13036,7,4,705,2017,10,2,18,0,0,1,0,0,0,0,1,9,7,3,1,3,0
13037,1,12,130,2017,10,2,16,0,0,1,1,0,0,0,2,6,4,3,1,3,0
13038,1,11,129,2017,10,2,14,0,0,1,0,0,0,0,1,2,6,3,1,3,0
13039,1,12,130,2017,10,2,9,0,1,1,0,0,0,0,2,5,3,3,1,3,0
13040,1,8,122,2017,10,2,19,0,0,1,0,0,0,0,1,5,3,3,1,3,0
13041,5,18,526,2017,10,2,22,0,0,1,0,0,0,0,1,9,6,3,1,3,0
13042,5,6,514,2017,10,2,7,0,0,1,0,0,0,0,1,2,6,3,1,3,0
13043,5,5,513,2017,10,2,12,0,0,1,0,0,0,0,1,3,7,3,1,3,0
13044,5,6,514,2017,10,2,5,0,0,0,0,1,0,0,1,0,1,3,1,3,0
13045,5,3,511,2017,10,2,9,0,0,1,0,0,0,0,1,2,2,3,1,3,0
13046,4,10,428,2017,10,2,21,0,1,1,0,0,0,0,2,5,2,3,1,3,0
13047,4,12,431,2017,10,2,18,0,1,1,0,0,0,0,2,5,2,3,0,2,1
13048,4,13,432,2017,10,2,11,0,0,1,0,0,0,1,2,1,6,3,1,3,0
13049,3,9,321,2017,10,2,17,0,1,1,0,0,0,0,2,5,3,3,1,3,0
13050,2,5,215,2017,10,2,10,0,1,0,0,0,0,0,1,4,6,3,1,3,0
13051,4,1,402,2017,10,2,22,0,1,1,0,0,0,0,2,3,2,3,1,3,0
13052,3,1,307,2017,10,2,17,0,0,1,0,0,0,0,1,1,6,3,1,3,0
13053,3,5,317,2017,10,2,10,0,0,1,0,0,0,0,1,1,2,3,1,3,0
13054,3,2,312,2017,10,2,8,0,0,1,0,0,0,0,1,2,2,3,1,3,0
13055,5,10,518,2017,10,3,8,0,0,1,0,0,0,0,1,5,3,3,0,3,0
13056,4,8,423,2017,10,3,8,0,0,1,0,0,0,0,1,1,6,3,0,3,0
13057,4,7,417,2017,10,3,18,0,0,1,0,0,0,0,1,2,6,3,1,3,0
13058,4,8,419,2017,10,3,8,0,0,1,0,0,0,0,1,2,6,3,1,3,0
13059,3,9,321,2017,10,3,18,0,0,1,1,0,0,0,2,6,4,3,1,3,0
13060,2,5,215,2017,10,3,18,0,0,1,0,0,0,0,1,5,3,3,1,3,0
13061,3,7,319,2017,10,3,6,0,1,0,0,0,0,1,2,5,2,3,0,3,0
13062,4,2,404,2017,10,3,21,0,0,1,0,0,0,0,1,5,3,3,1,3,0
13063,3,1,303,2017,10,3,12,0,0,1,1,1,0,0,3,6,2,3,0,3,0
13064,7,16,717,2017,10,1,4,0,0,1,0,0,0,0,1,0,7,3,0,3,0
13065,1,20,141,2017,10,1,11,0,1,1,0,0,0,0,2,5,3,3,0,3,0
13066,7,1,702,2017,10,1,12,0,0,1,0,0,0,1,2,1,6,3,1,3,0
13067,7,4,705,2017,10,1,11,0,0,1,0,0,0,0,1,5,3,3,0,3,0
13068,5,4,512,2017,10,1,13,0,0,1,0,1,0,0,2,2,6,3,1,3,0
13069,5,4,512,2017,10,1,15,0,0,1,0,0,0,0,1,3,6,3,1,3,0
13070,4,11,430,2017,10,1,19,0,0,1,0,0,0,0,1,3,6,3,1,3,0
13071,5,8,516,2017,10,1,13,0,0,1,0,0,0,0,1,5,3,3,1,3,0
13072,5,7,515,2017,10,1,20,0,0,0,0,1,0,0,1,0,7,3,1,3,0
13073,5,16,524,2017,10,1,22,0,0,1,0,0,0,0,1,8,1,3,1,2,1
13074,4,8,422,2017,10,1,22,0,0,1,1,0,0,0,2,6,2,3,1,3,0
13075,3,8,320,2017,10,1,14,0,1,1,0,0,0,0,2,5,5,3,1,3,0
13076,3,6,318,2017,10,1,20,0,0,1,0,0,0,0,1,8,1,3,1,3,0
13077,3,3,314,2017,10,1,11,0,1,1,0,0,0,0,2,5,2,3,0,3,0
13078,1,19,140,2017,10,7,6,0,0,1,0,0,0,0,1,3,1,3,1,3,0
13079,7,1,702,2017,10,7,5,0,0,1,0,0,0,1,2,0,3,3,0,3,0
13080,1,16,137,2017,10,7,20,0,0,1,0,0,0,0,1,2,6,3,1,3,0
13081,1,16,137,2017,10,7,18,0,0,1,1,0,0,0,2,6,4,3,1,3,0
13082,1,12,130,2017,10,7,16,0,1,1,0,0,0,0,2,1,3,3,0,3,0
13083,1,12,130,2017,10,7,17,0,0,1,1,0,0,0,2,6,4,3,1,3,0
13084,1,14,133,2017,10,7,3,0,0,1,1,0,0,0,2,1,5,3,1,2,1
13085,5,2,507,2017,10,7,21,0,0,1,0,0,0,0,1,4,2,3,1,3,0
13086,5,10,518,2017,10,7,22,0,0,1,0,0,0,0,1,1,6,3,1,3,0
13087,4,5,408,2017,10,7,11,0,1,1,0,0,0,0,2,0,7,3,0,3,0
13088,2,8,220,2017,10,7,7,0,0,0,0,1,0,0,1,0,1,3,1,2,1
13089,3,2,312,2017,10,7,16,0,0,1,0,0,0,1,2,3,6,3,0,3,0
13090,1,19,140,2017,10,7,18,0,0,1,0,0,0,0,1,3,6,3,1,3,0
13091,7,13,714,2017,10,6,13,0,0,1,1,0,0,0,2,6,4,3,1,3,0
13092,7,6,707,2017,10,6,16,0,0,1,0,0,0,0,1,2,6,3,0,3,0
13093,7,1,702,2017,10,6,13,0,1,1,0,0,0,0,2,5,3,3,1,3,0
13094,1,12,130,2017,10,6,13,0,0,1,0,0,0,0,1,2,6,3,1,3,0
13095,1,7,120,2017,10,6,21,0,0,1,0,0,0,0,1,2,6,3,1,3,0
13096,5,18,526,2017,10,6,21,0,0,1,0,0,0,1,2,1,5,3,1,3,0
13097,5,18,526,2017,10,6,17,0,1,1,0,0,0,0,2,5,3,3,1,3,0
13098,5,6,514,2017,10,6,18,0,0,1,0,0,0,0,1,1,6,3,1,3,0
13099,5,5,513,2017,10,6,17,0,0,1,0,0,0,0,1,2,6,3,1,3,0