SN,District,Imperial_Circle,Community,Year,Month,Weekday,Hour,Road,Cycle,Car,Pedestrians,Motorcycle,Goods Vehicle,Others,Total,Collision Type,Accident Type,Light Condition,Road Condition,Accident_Severity,Severity
13396,3,7,319,2017,10,2,10,0,1,1,0,0,0,0,2,5,3,3,1,3,0
13397,2,3,210,2017,10,2,19,0,1,1,0,0,0,0,2,3,5,3,1,2,1
13398,2,1,202,2017,10,2,16,0,1,1,0,0,0,0,2,5,3,3,1,3,0
13399,1,3,106,2017,10,7,23,0,0,1,0,0,0,0,1,2,6,3,1,3,0
13400,1,4,109,2017,10,2,18,0,1,1,0,0,0,0,2,5,3,3,1,3,0
13401,7,1,701,2017,10,6,18,0,0,1,1,0,0,0,2,6,4,3,1,2,1
13402,1,3,108,2017,10,2,21,0,1,0,0,1,0,0,2,5,3,3,1,3,0
13403,7,1,702,2017,10,6,17,0,0,1,0,0,0,0,1,5,7,3,0,3,0
13404,1,3,108,2017,10,2,1,0,0,1,0,0,0,0,1,3,6,3,0,3,0
13405,1,19,140,2017,10,2,16,0,0,1,0,0,0,0,1,2,6,3,1,3,0
13406,1,8,121,2017,10,6,11,0,0,1,0,0,0,0,1,1,6,3,0,3,0
13407,1,8,123,2017,10,6,4,0,0,1,0,0,0,0,1,5,3,3,1,3,0
13408,7,1,702,2017,10,1,18,0,0,0,0,0,0,1,1,5,3,3,0,2,1
13409,5,4,512,2017,10,6,15,0,1,1,0,0,0,0,2,5,3,3,0,3,0
13410,5,3,510,2017,10,6,8,0,1,1,0,0,0,0,2,5,3,3,1,3,0
13411,1,16,137,2017,10,1,15,0,0,1,0,0,0,0,1,9,1,3,0,3,0
13412,5,2,507,2017,10,6,19,0,0,1,0,0,0,0,1,5,3,3,1,3,0
13413,5,2,505,2017,10,6,17,0,0,1,0,1,0,0,2,1,5,3,0,3,0
13414,6,14,615,2017,10,1,3,0,0,1,0,0,0,0,1,1,1,3,1,3,0
13415,5,12,520,2017,10,6,9,0,0,1,0,0,0,1,2,1,6,3,0,3,0
13416,6,1,601,2017,10,1,19,0,0,1,1,0,0,0,2,6,4,3,0,2,1
13417,4,8,420,2017,10,6,15,0,0,0,0,0,0,1,1,0,7,3,0,3,0
13418,1,11,129,2017,10,1,12,0,0,1,1,0,0,0,2,6,4,3,0,3,0
13419,1,8,123,2017,10,1,12,0,0,1,0,0,0,0,1,2,6,3,0,3,0
13420,5,16,524,2017,10,1,13,0,1,1,0,0,0,0,2,5,2,3,0,2,1
13421,4,6,415,2017,10,1,13,0,1,1,0,0,0,0,2,0,5,3,1,3,0
13422,5,3,511,2017,11,4,16,0,0,1,0,0,0,1,2,2,2,3,1,3,0
13423,5,2,509,2017,11,4,7,0,0,1,1,0,0,0,2,6,4,3,1,3,0
13424,5,11,519,2017,11,4,13,0,0,0,0,0,0,1,1,5,3,3,1,3,0
13425,5,17,525,2017,11,4,7,0,1,1,0,0,0,0,2,5,3,3,1,3,0
13426,4,10,428,2017,11,4,15,0,1,1,0,0,0,0,2,1,5,3,1,3,0
13427,4,7,416,2017,11,4,18,0,0,1,0,0,0,0,1,1,6,3,1,3,0
13428,5,1,503,2017,11,4,22,0,0,1,0,0,0,0,1,1,5,3,0,2,1
13429,3,9,321,2017,11,4,17,0,0,1,0,1,0,0,2,5,2,3,1,2,1
13430,2,14,227,2017,11,4,8,0,1,1,0,0,0,0,2,5,3,3,1,3,0
13431,3,8,320,2017,11,4,19,0,0,0,0,0,0,1,1,1,5,3,0,3,0
13432,3,2,312,2017,11,4,22,0,0,1,0,0,0,0,1,1,6,3,1,3,0
13433,3,2,312,2017,11,4,19,0,0,0,0,0,0,1,1,5,3,3,1,3,0
13434,1,5,113,2017,11,4,17,0,0,1,1,0,0,0,2,0,4,3,1,3,0
13435,1,20,141,2017,11,3,6,0,0,1,1,0,0,0,2,6,4,3,1,2,1
13436,7,14,715,2017,11,3,12,0,0,0,1,0,0,1,2,6,3,3,1,3,0
13437,7,1,701,2017,11,3,16,0,1,1,0,0,0,0,2,5,2,3,1,2,1
13438,1,16,136,2017,11,3,7,0,0,1,0,0,0,0,1,5,3,3,0,3,0
13439,1,15,134,2017,11,3,19,0,0,1,1,0,0,0,2,6,2,3,1,3,0
13440,6,2,602,2017,11,3,8,0,0,1,0,0,0,0,1,2,6,3,0,3,0
13441,1,11,128,2017,11,3,13,0,0,1,0,0,0,0,1,5,3,3,1,3,0
13442,1,11,129,2017,11,3,20,0,0,1,1,0,0,0,2,6,2,3,1,2,1
13443,1,11,129,2017,11,3,13,0,0,1,0,0,0,0,1,2,2,3,1,3,0
13444,1,8,127,2017,11,3,18,0,0,1,1,0,0,0,2,6,2,3,1,2,1
13445,5,18,526,2017,11,3,10,0,1,1,0,0,0,0,2,5,3,3,1,3,0
13446,4,9,424,2017,11,3,12,0,0,1,0,0,0,0,1,5,3,3,1,3,0
13447,5,2,508,2017,11,3,7,0,1,1,0,0,0,0,2,5,3,3,1,3,0
13448,4,13,432,2017,11,3,7,0,0,1,0,0,0,0,1,5,3,3,1,3,0
13449,4,11,430,2017,11,3,19,0,0,1,1,0,0,0,2,6,4,3,1,3,0
13450,4,8,422,2017,11,3,14,0,1,1,0,0,0,0,2,1,5,3,1,3,0
13451,2,7,219,2017,11,3,17,0,1,1,0,0,0,0,2,5,3,3,1,3,0
13452,2,6,218,2017,11,3,9,0,1,0,0,0,0,0,1,0,7,3,0,3,0
13453,4,3,406,2017,11,3,9,0,1,0,0,0,0,1,2,5,3,3,1,2,1
13454,3,1,309,2017,11,3,22,0,0,1,0,0,0,0,1,2,6,3,1,3,0
13455,3,2,311,2017,11,3,12,0,1,0,1,0,0,0,2,6,3,3,1,3,0
13456,1,4,112,2017,11,3,19,0,0,1,1,0,0,0,2,6,4,3,1,3,0
13457,1,1,101,2017,11,3,15,0,1,1,0,0,0,0,2,5,3,3,1,3,0
13458,1,3,108,2017,11,3,16,0,0,1,1,0,0,0,2,6,7,3,1,3,0
13459,1,19,140,2017,11,2,5,0,0,1,0,0,0,0,1,2,6,3,1,3,0
13460,7,2,703,2017,11,2,12,0,0,1,0,0,0,0,1,2,6,3,1,3,0
13461,6,6,607,2017,11,2,17,0,0,1,0,0,0,0,1,1,6,3,0,3,0
13462,6,1,601,2017,11,2,10,0,0,1,1,0,0,0,2,6,4,3,1,3,0
13463,1,12,130,2017,11,2,18,0,0,1,1,0,0,0,2,6,2,3,0,3,0
13464,5,18,526,2017,11,2,13,0,1,0,0,0,0,1,2,5,3,3,1,3,0
13465,5,18,526,2017,11,2,9,0,1,1,0,0,0,0,2,5,3,3,1,3,0
13466,5,7,515,2017,11,2,17,0,0,1,0,0,0,0,1,2,7,3,1,3,0
13467,5,7,515,2017,11,2,12,0,1,1,0,0,0,0,2,5,3,3,1,3,0
13468,5,12,520,2017,11,2,8,0,0,1,0,0,0,0,1,1,6,3,1,3,0
13469,4,13,432,2017,11,2,16,0,0,1,0,0,0,0,1,2,6,3,1,3,0
13470,4,13,432,2017,11,2,12,0,1,1,0,0,0,0,2,5,3,3,1,3,0
13471,4,5,408,2017,11,2,13,0,1,0,0,0,0,0,1,3,6,3,1,3,0
13472,4,8,419,2017,11,2,9,0,0,1,0,0,0,0,1,3,6,3,1,3,0
13473,4,8,421,2017,11,2,10,0,1,1,0,0,0,0,2,5,3,3,1,3,0
13474,2,9,221,2017,11,2,15,0,0,1,0,1,0,0,2,5,3,3,1,3,0
13475,2,7,219,2017,11,2,9,0,0,1,0,0,0,0,1,2,6,3,1,3,0
13476,2,8,220,2017,11,2,8,0,0,1,0,0,0,0,1,2,6,3,1,3,0
13477,3,5,317,2017,11,2,8,0,0,1,0,0,0,0,1,2,2,3,1,3,0
13478,2,3,209,2017,11,2,16,0,1,1,0,0,0,0,2,0,5,3,1,3,0
13479,1,1,101,2017,11,2,14,0,0,1,0,1,0,0,2,0,6,3,1,3,0
13480,1,3,108,2017,11,2,13,0,0,1,0,0,0,0,1,5,7,3,1,3,0
13481,5,6,514,2017,11,1,19,0,0,1,0,0,0,0,1,5,3,3,0,3,0
13482,5,18,526,2017,11,1,18,0,0,1,0,0,0,0,1,1,5,3,0,2,1
13483,5,4,512,2017,11,1,2,0,0,1,0,0,0,0,1,4,6,3,1,3,0
13484,5,16,524,2017,11,1,5,0,0,1,0,0,0,0,1,9,1,3,1,3,0
13485,2,13,226,2017,11,1,19,0,0,1,0,0,0,0,1,1,5,3,1,3,0
13486,2,5,215,2017,11,1,19,0,0,1,1,0,0,0,2,6,4,3,1,3,0
13487,3,1,307,2017,11,1,18,0,0,1,0,0,0,0,1,2,6,3,0,3,0
13488,2,1,202,2017,11,1,9,0,0,1,0,0,0,0,1,2,6,3,1,3,0
13489,3,2,312,2017,11,1,9,0,0,1,0,0,0,0,1,5,3,3,1,3,0
13490,2,2,207,2017,11,1,18,0,1,1,0,0,0,0,2,3,6,3,0,3,0
13491,2,1,201,2017,11,1,7,0,0,1,0,0,0,0,1,3,7,3,1,3,0
13492,7,14,715,2017,11,7,11,0,1,1,0,0,0,0,2,4,7,3,0,3,0
13493,7,7,708,2017,11,7,13,0,0,1,0,0,0,0,1,1,6,3,1,3,0
13494,6,1,601,2017,11,7,18,0,0,1,0,0,0,0,1,5,3,3,1,3,0
13495,5,4,512,2017,11,7,15,0,0,1,0,0,0,0,1,5,3,3,1,3,0
13496,5,3,510,2017,11,7,15,0,0,1,0,0,0,0,1,2,6,3,1,3,0
13497,5,11,519,2017,11,7,10,0,0,1,0,0,0,0,1,4,6,3,1,2,1
13498,4,4,407,2017,11,7,13,0,0,1,0,0,0,0,1,5,3,3,1,3,0
13499,5,1,501,2017,11,7,17,0,0,1,0,0,0,0,1,2,6,3,1,3,0
13500,2,12,225,2017,11,7,7,0,0,1,0,0,0,0,1,1,1,3,0,3,0
13501,2,5,217,2017,11,7,11,0,0,0,1,0,0,1,2,6,7,3,1,3,0
13502,2,4,212,2017,11,7,11,0,0,1,0,0,0,0,1,5,3,3,1,3,0
13503,2,5,215,2017,11,7,16,0,0,1,0,0,0,1,2,5,2,3,1,3,0
13504,3,7,319,2017,11,7,17,0,0,1,0,0,0,0,1,1,5,3,1,3,0
13505,1,4,112,2017,11,7,20,0,1,1,0,0,0,1,3,1,5,3,1,3,0
13506,1,3,108,2017,11,7,22,0,0,0,1,0,0,1,2,6,4,3,1,2,1
13507,1,6,115,2017,11,7,10,0,0,0,0,1,0,0,1,9,1,3,0,3,0
13508,1,20,141,2017,11,6,14,0,1,1,0,0,0,0,2,4,2,3,0,3,0
13509,7,13,714,2017,11,6,6,0,0,1,1,0,0,0,2,6,2,3,1,2,1
13510,7,9,710,2017,11,6,17,0,0,1,0,0,0,0,1,2,6,3,0,3,0
13511,6,2,602,2017,11,6,13,0,1,0,0,0,0,1,2,5,3,3,0,3,0
13512,1,7,119,2017,11,6,22,0,0,1,0,0,0,0,1,3,6,3,0,3,0
13513,1,14,132,2017,11,6,11,0,0,0,0,0,0,1,1,4,2,3,0,3,0
13514,5,2,507,2017,11,6,16,0,0,1,0,0,0,0,1,5,2,3,0,3,0
13515,5,2,508,2017,11,6,8,0,0,1,0,0,0,0,1,5,3,3,1,3,0
13516,4,11,430,2017,11,6,12,0,0,1,0,1,0,0,2,0,7,3,0,2,1
13517,4,12,431,2017,11,6,17,0,0,1,0,0,0,1,2,3,6,3,0,3,0
13518,4,13,432,2017,11,6,12,0,0,1,0,0,0,1,2,5,3,3,0,3,0
13519,4,12,431,2017,11,6,13,0,0,1,0,0,0,1,2,2,6,3,0,3,0
13520,4,5,413,2017,11,6,8,0,1,0,0,0,0,1,2,0,2,3,1,2,1
13521,4,10,426,2017,11,6,7,0,0,1,0,0,0,0,1,2,6,3,1,3,0
13522,2,11,223,2017,11,6,22,0,0,1,0,0,0,1,2,2,6,3,0,3,0
13523,3,6,318,2017,11,6,8,0,1,1,0,0,0,0,2,5,7,3,0,3,0
13524,2,4,214,2017,11,6,11,0,0,1,0,0,0,0,1,2,6,3,0,3,0
13525,2,3,210,2017,11,6,7,0,0,1,0,0,0,0,1,5,6,3,1,3,0
13526,2,1,203,2017,11,6,10,0,1,1,0,0,0,0,2,0,3,3,0,3,0
13527,3,3,314,2017,11,6,9,0,0,1,0,0,0,0,1,2,6,3,0,3,0
13528,1,4,111,2017,11,6,6,0,0,1,0,0,0,0,1,5,3,3,1,3,0
13529,1,1,101,2017,11,6,14,0,0,1,1,0,0,0,2,6,7,3,0,3,0
13530,6,2,602,2017,11,5,15,0,0,1,0,0,0,0,1,1,6,3,1,3,0
13531,5,4,512,2017,11,5,11,0,1,1,0,0,0,0,2,3,6,3,1,3,0
13532,5,18,526,2017,11,5,17,0,1,1,0,0,0,0,2,3,6,3,1,3,0
13533,5,5,513,2017,11,5,20,0,0,1,0,0,0,0,1,1,6,3,1,3,0
13534,5,18,526,2017,11,5,9,0,0,1,0,0,0,1,2,1,5,3,1,3,0
13535,4,13,432,2017,11,5,12,0,1,1,0,0,0,0,2,0,2,3,1,3,0
13536,4,5,409,2017,11,5,11,0,0,1,0,0,0,0,1,2,6,3,0,3,0
13537,4,6,414,2017,11,5,9,0,0,0,0,1,0,1,2,4,6,3,1,3,0
13538,5,1,503,2017,11,5,17,0,0,1,1,0,0,0,2,6,2,3,0,2,1
13539,4,10,429,2017,11,5,20,0,0,1,0,0,0,0,1,5,2,3,1,3,0
13540,2,10,222,2017,11,5,8,0,0,1,0,0,0,0,1,2,6,3,1,3,0
13541,3,7,319,2017,11,5,13,0,1,1,0,0,0,0,2,5,3,3,1,3,0
13542,4,1,402,2017,11,5,14,0,0,1,0,0,0,1,2,2,6,3,1,3,0
13543,3,1,310,2017,11,5,14,0,1,1,0,0,0,0,2,5,3,3,0,3,0
13544,4,2,404,2017,11,5,16,0,1,1,0,0,0,0,2,3,2,3,0,3,0
13545,7,13,714,2017,11,4,19,0,0,1,0,0,0,0,1,5,3,3,1,3,0
13546,7,4,705,2017,11,4,18,0,0,1,1,0,0,0,2,6,7,3,1,3,0
13547,7,10,711,2017,11,4,14,0,0,1,0,0,0,0,1,2,6,3,1,3,0
13548,7,1,701,2017,11,4,10,0,0,1,0,0,0,1,2,0,7,3,1,3,0
13549,3,7,319,2017,11,4,17,0,0,1,0,0,0,0,1,2,2,3,1,3,0
13550,1,13,131,2017,11,4,16,0,0,1,0,0,0,0,1,2,6,3,1,3,0
13551,1,6,118,2017,11,4,12,0,0,0,0,1,0,0,1,0,1,3,1,3,0
13552,5,18,526,2017,11,4,8,0,1,1,0,0,0,0,2,5,3,3,1,3,0
13553,5,7,515,2017,11,4,11,0,1,1,0,0,0,0,2,0,7,3,1,3,0
13554,4,11,430,2017,11,4,16,0,0,1,0,0,0,0,1,2,6,3,0,3,0
13555,5,7,515,2017,11,4,17,0,0,1,1,0,0,0,2,6,2,3,1,3,0
13556,5,10,518,2017,11,4,19,0,0,1,0,0,0,0,1,4,2,3,1,2,1
13557,5,11,519,2017,11,4,19,0,0,1,0,0,0,0,1,5,3,3,1,3,0
13558,4,13,432,2017,11,4,13,0,0,1,0,0,0,0,1,1,5,3,1,3,0
13559,5,12,520,2017,11,4,14,0,0,1,0,0,0,0,1,2,6,3,0,3,0
13560,4,13,432,2017,11,4,10,0,0,1,0,0,0,0,1,1,5,3,1,3,0
13561,4,7,416,2017,11,4,16,0,0,1,1,0,0,0,2,6,4,3,1,3,0
13562,3,8,320,2017,11,4,9,0,1,1,0,0,0,0,2,0,3,3,1,3,0
13563,4,2,404,2017,11,4,16,0,0,1,0,0,0,0,1,5,3,3,1,3,0
13564,2,1,203,2017,11,4,19,0,0,1,0,0,0,1,2,2,7,3,1,3,0
13565,1,3,107,2017,11,4,10,0,1,1,0,0,0,0,2,8,6,3,0,3,0
13566,1,4,112,2017,11,4,15,0,0,1,0,0,0,0,1,9,1,3,1,3,0
13567,1,3,105,2017,11,4,11,0,1,1,0,0,0,0,2,5,3,3,1,3,0
13568,1,17,138,2017,11,4,15,0,1,0,0,0,0,1,2,5,2,3,1,3,0
13569,1,19,140,2017,11,4,20,0,0,1,0,0,0,1,2,5,3,3,1,3,0
13570,7,1,702,2017,11,3,16,0,0,1,1,0,0,0,2,6,2,3,1,2,1
13571,7,10,711,2017,11,3,7,0,1,1,0,0,0,0,2,4,2,3,0,3,0
13572,6,1,601,2017,11,3,7,0,1,1,0,0,0,0,2,3,2,3,0,3,0
13573,6,1,601,2017,11,3,12,0,0,1,0,0,0,0,1,0,5,3,1,3,0
13574,1,11,129,2017,11,3,11,0,0,1,0,0,0,0,1,5,3,3,0,3,0
13575,5,18,526,2017,11,3,6,0,1,1,0,0,0,0,2,5,3,3,0,3,0
13576,5,6,514,2017,11,3,12,0,0,1,0,0,0,0,1,3,6,3,1,3,0
13577,5,7,515,2017,11,3,21,0,0,0,1,0,0,1,2,6,4,3,0,3,0
13578,5,7,515,2017,11,3,19,0,0,1,1,0,0,0,2,6,2,3,1,3,0
13579,4,5,412,2017,11,3,12,0,1,0,1,0,0,0,2,0,7,3,1,3,0
13580,4,5,408,2017,11,3,5,0,0,1,0,0,0,0,1,5,3,3,0,3,0
13581,3,9,321,2017,11,3,18,0,1,1,0,0,0,0,2,5,2,3,1,3,0
13582,2,9,221,2017,11,3,18,0,0,1,0,0,0,0,1,1,6,3,1,3,0
13583,2,7,219,2017,11,3,8,0,1,1,0,0,0,0,2,5,3,3,0,3,0
13584,2,5,216,2017,11,3,11,0,0,1,0,0,0,1,2,1,5,3,1,3,0
13585,4,2,405,2017,11,3,17,0,0,1,1,0,0,0,2,6,3,3,1,3,0
13586,2,3,209,2017,11,3,14,0,1,1,0,0,0,0,2,4,2,3,1,3,0
13587,7,14,715,2017,11,2,7,0,1,1,0,0,0,0,2,5,3,3,1,3,0
13588,6,1,601,2017,11,2,16,0,0,1,0,0,0,0,1,2,6,3,0,3,0
13589,1,11,129,2017,11,2,17,0,0,1,0,0,0,0,1,5,3,3,0,2,1
13590,5,4,512,2017,11,2,18,0,0,1,1,0,0,0,2,6,4,3,0,2,1
13591,5,18,526,2017,11,2,15,0,0,0,1,0,0,1,2,6,4,3,0,3,0
13592,5,6,514,2017,11,2,9,0,0,1,0,0,0,0,1,2,6,3,0,3,0
13593,5,5,513,2017,11,2,9,0,0,0,0,1,0,0,1,0,7,3,0,3,0
13594,5,2,509,2017,11,2,12,0,1,1,0,0,0,0,2,0,3,3,0,3,0
13595,5,11,519,2017,11,2,16,0,1,0,0,0,0,0,1,0,7,3,1,2,1
13596,5,12,520,2017,11,2,18,0,1,0,1,0,0,0,2,6,4,3,1,3,0
13597,4,5,408,2017,11,2,19,0,0,1,0,0,0,0,1,5,3,3,0,3,0
13598,4,5,408,2017,11,2,13,0,0,1,0,0,0,0,1,2,6,3,0,3,0
13599,4,5,412,2017,11,2,0,0,0,1,0,0,0,0,1,1,5,3,0,3,0
13600,3,9,321,2017,11,2,7,0,0,1,0,0,0,1,2,2,6,3,0,3,0
13601,2,8,220,2017,11,2,15,0,0,1,0,0,0,0,1,2,6,3,0,3,0
13602,3,5,317,2017,11,2,7,0,1,0,0,0,0,1,2,5,7,3,1,3,0
13603,1,1,101,2017,11,2,12,0,0,1,0,0,0,0,1,2,6,3,0,3,0
13604,1,1,102,2017,11,2,10,0,0,1,0,0,0,1,2,0,7,3,1,3,0
13605,1,5,114,2017,11,2,17,0,0,0,1,0,0,1,2,0,4,3,0,3,0
13606,1,19,140,2017,11,2,14,0,0,1,0,0,0,1,2,2,6,3,0,3,0
13607,6,8,609,2017,11,1,16,0,0,1,1,0,0,0,2,6,4,3,0,3,0
13608,1,12,130,2017,11,1,20,0,0,1,1,0,0,0,2,6,4,3,0,2,1
13609,4,9,425,2017,11,1,15,0,0,1,0,0,0,0,1,5,3,3,0,3,0
13610,5,7,515,2017,11,1,7,0,0,1,0,0,0,0,1,8,1,3,1,3,0
13611,5,10,518,2017,11,1,20,0,0,1,0,0,0,0,1,4,2,3,1,2,1
13612,4,7,416,2017,11,1,18,0,0,1,0,0,0,0,1,5,2,3,0,3,0
13613,2,1,205,2017,11,1,17,0,1,1,0,0,0,0,2,5,2,3,1,3,0
13614,1,4,111,2017,11,1,4,0,0,1,0,0,0,0,1,5,3,3,1,3,0
13615,7,14,715,2017,11,7,13,0,0,1,0,0,0,0,1,2,2,3,1,3,0
13616,7,4,705,2017,11,7,9,0,0,1,1,0,0,0,2,6,7,3,1,3,0
13617,7,1,701,2017,11,7,15,0,1,1,0,0,0,0,2,5,3,3,1,3,0
13618,7,10,711,2017,11,7,14,0,0,1,0,0,0,0,1,5,3,3,0,3,0
13619,1,8,123,2017,11,7,23,0,0,1,1,0,0,0,2,6,4,3,1,2,1
13620,1,14,133,2017,11,7,7,0,0,1,0,0,0,1,2,4,7,3,1,3,0
13621,5,2,507,2017,11,7,15,0,0,1,0,0,0,0,1,5,7,3,0,3,0
13622,5,3,510,2017,11,7,18,0,0,1,0,0,0,0,1,2,2,3,1,3,0
13623,5,2,505,2017,11,7,11,0,0,1,0,1,0,0,2,2,2,3,1,3,0
13624,5,1,504,2017,11,7,17,0,0,1,0,0,0,0,1,5,3,3,1,3,0
13625,2,9,221,2017,11,7,2,0,0,1,0,0,0,1,2,1,1,3,1,3,0
13626,2,1,203,2017,11,7,19,0,0,1,1,0,0,0,2,6,2,3,1,3,0
13627,2,3,209,2017,11,7,13,0,1,1,0,0,0,0,2,5,3,3,1,3,0
13628,3,2,311,2017,11,7,18,0,0,1,1,0,0,0,2,6,2,3,1,3,0
13629,1,1,101,2017,11,7,15,0,0,1,0,0,0,0,1,2,6,3,1,3,0
13630,7,11,712,2017,11,6,13,0,0,0,0,1,0,0,1,8,1,3,1,3,0
13631,7,16,717,2017,11,6,15,0,0,1,0,0,0,0,1,0,7,3,1,3,0
13632,7,10,711,2017,11,6,15,0,0,1,0,0,0,1,2,3,2,3,1,3,0
13633,1,16,137,2017,11,6,17,0,0,1,0,0,0,0,1,5,2,3,1,3,0
13634,1,16,137,2017,11,6,14,0,1,1,0,0,0,0,2,5,3,3,1,3,0
13635,1,12,130,2017,11,6,20,0,0,1,1,0,0,0,2,6,2,3,1,3,0
13636,1,13,131,2017,11,6,18,0,0,1,0,0,0,0,1,2,2,3,1,3,0
13637,1,12,130,2017,11,6,13,0,1,1,0,0,0,0,2,5,3,3,1,3,0
13638,1,11,129,2017,11,6,12,0,0,1,0,0,0,0,1,4,2,3,1,3,0
13639,5,5,513,2017,11,6,17,0,0,1,0,0,0,1,2,2,2,3,1,3,0
13640,5,17,525,2017,11,6,13,0,0,1,1,0,0,0,2,6,4,3,1,3,0
13641,4,11,430,2017,11,6,12,0,1,0,1,0,0,0,2,6,7,3,1,3,0
13642,4,13,432,2017,11,6,9,0,0,1,0,0,0,0,1,2,6,3,0,3,0
13643,4,5,413,2017,11,6,19,0,1,1,0,0,0,0,2,5,3,3,1,3,0
13644,4,5,411,2017,11,6,15,0,0,1,0,0,0,0,1,2,6,3,1,3,0
13645,4,8,423,2017,11,6,16,0,1,1,0,0,0,0,2,5,3,3,0,3,0
13646,2,9,221,2017,11,6,16,0,0,1,1,0,0,0,2,6,2,3,1,3,0
13647,2,14,227,2017,11,6,14,0,1,1,0,0,0,0,2,5,3,3,1,3,0
13648,2,9,221,2017,11,6,15,0,0,1,0,1,0,0,2,4,2,3,1,3,0
13649,2,5,217,2017,11,6,7,0,0,1,0,1,0,0,2,2,6,3,0,3,0
13650,2,3,210,2017,11,6,19,0,1,1,0,0,0,0,2,5,3,3,1,3,0
13651,2,4,213,2017,11,6,17,0,0,1,1,0,0,0,2,6,4,3,1,3,0
13652,1,18,139,2017,11,6,10,0,0,1,0,0,0,0,1,2,6,3,1,3,0
13653,1,15,134,2017,11,5,14,0,0,0,0,0,0,1,1,8,7,3,0,2,1
13654,6,9,610,2017,11,5,7,0,0,1,0,0,0,0,1,4,2,3,0,3,0
13655,6,6,607,2017,11,5,11,0,0,1,0,0,0,0,1,1,1,3,0,3,0
13656,1,7,119,2017,11,5,17,0,0,1,0,0,0,0,1,2,6,3,0,3,0
13657,5,2,508,2017,11,5,14,0,0,1,0,0,0,0,1,4,2,3,0,3,0
13658,5,18,526,2017,11,5,15,0,0,1,0,0,0,1,2,0,6,3,0,3,0
13659,5,7,515,2017,11,5,15,0,0,1,0,0,0,0,1,2,6,3,0,3,0
13660,5,17,525,2017,11,5,7,0,1,1,0,0,0,0,2,0,6,3,1,3,0
13661,5,16,524,2017,11,5,15,0,0,1,0,0,0,0,1,5,3,3,1,3,0
13662,4,11,430,2017,11,5,9,0,0,1,0,0,0,0,1,5,3,3,0,2,1
13663,4,5,410,2017,11,5,7,0,1,1,0,0,0,0,2,2,5,3,0,3,0
13664,3,5,317,2017,11,5,16,0,1,1,0,0,0,0,2,5,3,3,0,3,0
13665,3,5,317,2017,11,5,19,0,0,1,0,1,0,0,2,4,6,3,1,3,0
13666,3,2,312,2017,11,5,15,0,1,1,0,0,0,0,2,2,6,3,0,3,0
13667,3,1,309,2017,11,5,18,0,0,1,1,0,0,0,2,6,4,3,1,3,0
13668,3,2,312,2017,11,5,6,0,0,1,0,0,0,0,1,8,7,3,0,3,0
13669,1,4,112,2017,11,5,16,0,0,1,0,0,0,1,2,0,6,3,0,3,0
13670,1,5,114,2017,11,5,11,0,0,1,0,0,0,0,1,5,3,3,0,3,0
13671,7,1,702,2017,11,4,11,0,0,1,0,1,0,0,2,2,7,3,0,3,0
13672,7,6,707,2017,11,4,18,0,1,1,0,0,0,0,2,5,3,3,0,3,0
13673,6,9,610,2017,11,4,17,0,1,0,0,1,0,0,2,3,6,3,0,3,0
13674,5,18,526,2017,11,4,13,0,1,0,0,0,0,1,2,4,6,3,0,3,0
13675,5,2,509,2017,11,4,18,0,1,1,0,0,0,0,2,5,3,3,1,3,0
13676,5,7,515,2017,11,4,17,0,1,1,0,0,0,0,2,3,2,3,0,3,0
13677,5,7,515,2017,11,4,7,0,1,1,0,0,0,0,2,5,3,3,1,3,0
13678,4,12,431,2017,11,4,22,0,0,1,0,0,0,0,1,2,6,3,0,3,0
13679,4,8,421,2017,11,4,13,0,1,0,0,0,0,1,2,4,2,3,0,3,0
13680,4,7,416,2017,11,4,14,0,1,1,0,0,0,0,2,5,3,3,0,3,0
13681,4,10,428,2017,11,4,16,0,0,1,0,0,0,0,1,3,7,3,0,3,0
13682,4,10,426,2017,11,4,19,0,0,1,0,0,0,0,1,5,3,3,0,3,0
13683,2,8,220,2017,11,4,11,0,0,1,0,0,0,0,1,3,6,3,0,3,0
13684,4,2,403,2017,11,4,15,0,0,1,0,1,0,0,2,5,5,3,0,3,0
13685,1,3,108,2017,11,4,9,0,1,1,0,0,0,0,2,5,2,3,0,3,0
13686,7,1,702,2017,11,3,9,0,0,1,1,0,0,0,2,6,4,3,0,2,1
13687,1,16,136,2017,11,3,11,0,0,1,0,0,0,1,2,3,6,3,0,3,0
13688,1,8,126,2017,11,3,17,0,0,1,0,1,0,0,2,5,3,3,0,3,0
13689,1,8,124,2017,11,3,15,0,0,1,0,0,0,1,2,5,3,3,0,3,0
13690,5,7,515,2017,11,3,13,0,0,1,1,0,0,0,2,6,3,3,0,3,0