SN,District,Imperial_Circle,Community,Year,Month,Weekday,Hour,Road,Cycle,Car,Pedestrians,Motorcycle,Goods Vehicle,Others,Total,Collision Type,Accident Type,Light Condition,Road Condition,Accident_Severity,Severity
13691,5,9,517,2017,11,3,16,0,0,1,0,1,0,0,2,3,7,3,0,3,0
13692,3,1,309,2017,11,2,12,0,1,1,0,0,0,0,2,5,2,3,1,2,1
13693,2,3,208,2017,11,1,1,0,0,1,0,0,0,1,2,5,3,3,0,3,0
13694,4,13,432,2017,11,3,13,0,0,1,0,0,0,0,1,9,1,3,0,2,1
13695,4,12,431,2017,11,3,18,0,1,1,0,0,0,0,2,5,3,3,0,3,0
13696,4,4,407,2017,11,3,19,0,1,0,1,0,0,0,2,6,4,3,1,3,0
13697,5,1,504,2017,11,3,8,0,1,0,1,0,0,0,2,0,4,3,0,3,0
13698,5,1,501,2017,11,3,4,0,0,1,0,0,0,0,1,5,3,3,1,3,0
13699,3,9,321,2017,11,3,10,0,0,1,0,0,0,1,2,3,6,3,0,3,0
13700,2,5,216,2017,11,3,17,0,0,0,1,0,0,1,2,6,3,3,0,3,0
13701,2,8,220,2017,11,3,20,0,0,1,1,0,0,0,2,6,4,3,0,3,0
13702,3,5,317,2017,11,3,8,0,1,1,0,0,0,0,2,5,3,3,0,3,0
13703,3,4,315,2017,11,3,7,0,1,0,0,0,0,1,2,3,5,3,1,3,0
13704,2,4,211,2017,11,3,3,0,0,1,0,1,0,0,2,5,7,3,1,3,0
13705,7,1,701,2017,11,2,13,0,0,1,1,0,0,0,2,6,4,3,0,2,1
13706,3,2,311,2017,11,1,15,0,1,1,0,0,0,0,2,4,6,3,1,3,0
13707,1,16,137,2017,11,2,15,0,0,1,0,0,0,1,2,2,6,3,0,3,0
13708,1,4,111,2017,11,1,19,0,1,1,0,0,0,0,2,1,5,3,0,3,0
13709,6,6,607,2017,11,2,17,0,0,1,0,0,0,0,1,1,5,3,1,3,0
13710,7,1,702,2017,11,7,14,0,1,1,0,0,0,0,2,5,3,3,1,3,0
13711,1,6,118,2017,11,2,16,0,0,1,0,0,0,1,2,4,2,3,1,3,0
13712,1,13,131,2017,11,7,2,0,0,1,0,0,0,1,2,5,2,3,0,3,0
13713,4,12,431,2017,11,7,14,0,0,1,0,1,0,0,2,5,3,3,0,3,0
13714,5,6,514,2017,11,2,16,0,0,1,0,0,0,0,1,1,5,3,1,3,0
13715,5,7,515,2017,11,2,7,0,1,0,1,0,0,0,2,6,3,3,1,3,0
13716,4,10,429,2017,11,2,12,0,0,1,1,0,0,0,2,6,4,3,0,3,0
13717,5,16,524,2017,11,2,17,0,0,1,0,0,0,0,1,5,3,3,1,3,0
13718,4,13,432,2017,11,2,13,0,0,1,0,0,0,0,1,5,3,3,0,3,0
13719,4,13,432,2017,11,2,18,0,1,1,0,0,0,0,2,5,3,3,1,3,0
13720,4,10,426,2017,11,2,12,0,1,0,1,0,0,0,2,6,3,3,0,3,0
13721,2,10,222,2017,11,7,16,0,0,1,0,0,0,0,1,1,5,3,0,3,0
13722,2,10,222,2017,11,2,7,0,1,1,0,0,0,0,2,5,3,3,0,3,0
13723,2,5,215,2017,11,2,12,0,1,1,0,0,0,0,2,5,3,3,0,3,0
13724,2,5,217,2017,11,2,9,0,0,1,0,0,0,0,1,3,6,3,0,3,0
13725,3,5,317,2017,11,7,13,0,0,1,0,1,0,0,2,5,7,3,0,3,0
13726,2,4,213,2017,11,7,18,0,0,0,1,0,0,1,2,6,4,3,0,2,1
13727,2,1,203,2017,11,7,12,0,0,1,1,0,0,0,2,6,4,3,0,3,0
13728,3,2,312,2017,11,7,21,0,1,1,0,0,0,0,2,1,5,3,0,3,0
13729,2,8,220,2017,11,2,19,0,0,1,0,1,0,0,2,2,6,3,1,2,1
13730,1,1,101,2017,11,7,14,0,0,1,1,0,0,0,2,6,7,3,0,3,0
13731,1,3,108,2017,11,7,16,0,1,1,0,0,0,0,2,4,6,3,0,3,0
13732,3,5,317,2017,11,2,16,0,1,1,0,0,0,0,2,5,3,3,1,3,0
13733,7,12,713,2017,11,6,10,0,0,1,0,0,0,0,1,2,6,3,1,3,0
13734,1,15,134,2017,11,6,19,0,0,1,0,0,0,0,1,5,3,3,1,3,0
13735,2,1,205,2017,11,2,11,0,0,1,0,0,0,1,2,2,6,3,0,3,0
13736,1,16,137,2017,11,6,6,0,0,0,1,0,0,1,2,6,2,3,1,3,0
13737,3,3,314,2017,11,2,8,0,0,0,0,1,0,0,1,0,7,3,0,3,0
13738,6,1,601,2017,11,6,7,0,0,1,1,0,0,0,2,6,3,3,1,3,0
13739,1,8,122,2017,11,6,7,0,1,1,0,0,0,0,2,5,2,3,1,3,0
13740,1,17,138,2017,11,2,14,0,0,1,0,0,0,1,2,3,6,3,0,3,0
13741,1,8,123,2017,11,6,11,0,0,1,0,0,0,0,1,1,6,3,1,3,0
13742,4,9,425,2017,11,6,13,0,0,1,0,0,0,0,1,2,6,3,1,3,0
13743,5,7,515,2017,11,6,8,0,0,1,1,0,0,0,2,6,2,3,1,3,0
13744,4,10,429,2017,11,6,9,0,0,1,1,0,0,0,2,6,4,3,1,2,1
13745,1,18,139,2017,11,2,16,0,0,1,0,0,0,1,2,2,6,3,1,3,0
13746,7,9,710,2017,11,1,14,0,0,1,0,0,0,0,1,2,2,3,0,3,0
13747,5,6,514,2017,11,1,15,0,0,1,0,1,0,0,2,5,3,3,1,2,1
13748,5,6,514,2017,11,1,11,0,0,1,0,0,0,0,1,4,6,3,1,3,0
13749,4,13,432,2017,11,1,16,0,1,0,0,0,0,0,1,0,7,3,0,3,0
13750,3,2,312,2017,11,1,13,0,0,1,0,0,0,0,1,9,1,3,1,3,0
13751,1,1,101,2017,11,1,18,0,0,1,0,0,0,0,1,1,6,3,1,3,0
13752,7,1,702,2017,11,7,23,0,0,1,0,0,0,0,1,5,3,3,0,2,1
13753,7,8,709,2017,11,7,10,0,0,1,0,0,0,0,1,5,3,3,0,3,0
13754,6,2,602,2017,11,7,8,0,0,1,0,0,0,0,1,8,1,3,0,2,1
13755,6,9,610,2017,11,7,14,0,0,1,0,1,0,0,2,5,3,3,0,3,0
13756,4,6,414,2017,11,7,21,0,0,1,0,0,0,0,1,5,3,3,0,3,0
13757,2,1,203,2017,11,7,13,0,0,1,0,0,0,1,2,3,6,3,0,3,0
13758,3,3,314,2017,11,7,15,0,0,1,0,0,0,0,1,2,2,3,0,3,0
13759,2,2,207,2017,11,7,2,0,0,1,1,0,0,0,2,6,4,3,0,3,0
13760,2,2,207,2017,11,7,11,0,1,0,0,0,0,0,1,0,6,3,0,3,0
13761,1,4,111,2017,11,7,19,0,1,0,1,0,0,0,2,6,6,3,0,3,0
13762,1,3,106,2017,11,7,19,0,0,1,0,0,0,0,1,4,7,3,0,3,0
13763,1,1,101,2017,11,7,13,0,1,0,1,0,0,0,2,6,7,3,0,3,0
13764,7,9,710,2017,11,6,17,0,0,1,0,0,0,1,2,1,5,3,0,3,0
13765,5,10,518,2017,11,6,11,0,0,1,0,0,0,0,1,2,6,3,1,3,0
13766,5,18,526,2017,11,6,19,0,0,1,0,0,0,0,1,5,7,3,0,3,0
13767,5,13,521,2017,11,6,15,0,0,1,1,0,0,0,2,6,4,3,1,3,0
13768,5,18,526,2017,11,6,22,0,1,1,0,0,0,0,2,4,2,3,0,2,1
13769,2,10,222,2017,11,6,8,0,1,1,0,0,0,0,2,2,6,3,1,3,0
13770,5,18,526,2017,11,6,13,0,1,0,0,0,0,0,1,0,7,3,0,3,0
13771,3,7,319,2017,11,6,15,0,0,1,1,0,0,0,2,6,4,3,1,3,0
13772,3,5,317,2017,11,6,22,0,1,1,0,0,0,0,2,5,3,3,1,3,0
13773,5,18,526,2017,11,6,13,0,0,1,1,0,0,0,2,6,4,3,0,3,0
13774,3,2,312,2017,11,6,13,0,1,1,0,0,0,0,2,3,6,3,0,3,0
13775,1,3,108,2017,11,6,9,0,1,0,0,0,0,1,2,0,7,3,1,3,0
13776,5,18,526,2017,11,6,18,0,1,1,0,0,0,0,2,1,5,3,0,3,0
13777,1,3,105,2017,11,6,8,0,1,1,0,0,0,0,2,5,3,3,1,3,0
13778,6,2,603,2017,11,5,18,0,0,1,0,0,0,0,1,1,6,3,1,3,0
13779,4,10,429,2017,11,6,7,0,0,1,0,0,0,1,2,2,6,3,0,3,0
13780,6,4,605,2017,11,5,12,0,0,1,1,0,0,0,2,6,7,3,0,3,0
13781,5,7,515,2017,11,6,16,0,0,1,0,1,0,0,2,5,3,3,0,3,0
13782,4,5,410,2017,11,6,16,0,0,1,1,0,0,0,2,6,7,3,1,3,0
13783,1,12,130,2017,11,5,18,0,0,1,0,0,0,0,1,1,6,3,1,3,0
13784,4,4,407,2017,11,6,11,0,0,1,0,0,0,0,1,5,3,3,0,2,1
13785,4,10,428,2017,11,6,19,0,1,1,0,0,0,0,2,3,2,3,0,3,0
13786,1,8,122,2017,11,5,19,0,0,1,0,0,0,0,1,2,6,3,1,3,0
13787,5,6,514,2017,11,5,15,0,1,1,0,0,0,0,2,5,3,3,0,3,0
13788,5,4,512,2017,11,5,7,0,0,1,0,0,0,0,1,2,6,3,0,3,0
13789,5,2,508,2017,11,5,7,0,0,1,0,0,0,0,1,5,3,3,0,3,0
13790,5,3,510,2017,11,5,15,0,0,1,0,0,0,1,2,2,6,3,1,3,0
13791,5,2,508,2017,11,5,21,0,0,1,0,0,0,1,2,1,6,3,0,3,0
13792,5,3,511,2017,11,5,12,0,0,1,0,0,0,0,1,2,6,3,1,3,0
13793,4,13,432,2017,11,5,16,0,0,1,0,0,0,0,1,2,6,3,1,3,0
13794,4,11,430,2017,11,5,17,0,1,0,0,0,0,0,1,5,3,3,1,3,0
13795,5,1,504,2017,11,5,17,0,0,1,0,0,0,0,1,2,6,3,1,3,0
13796,4,7,417,2017,11,6,16,0,1,1,0,0,0,0,2,4,6,3,1,3,0
13797,4,10,428,2017,11,6,20,0,0,1,0,0,0,0,1,2,6,3,0,3,0
13798,4,7,416,2017,11,6,12,0,0,1,0,0,0,0,1,2,6,3,0,3,0
13799,3,8,320,2017,11,6,10,0,1,0,1,0,0,0,2,0,4,3,0,2,1
13800,2,5,216,2017,11,6,20,0,1,1,0,0,0,0,2,5,7,3,0,3,0
13801,4,2,403,2017,11,6,12,0,1,0,0,0,0,0,1,0,7,3,0,3,0
13802,4,1,401,2017,11,6,12,0,1,0,0,0,0,0,1,0,1,3,0,3,0
13803,2,3,210,2017,11,6,10,0,1,0,0,0,0,1,2,0,2,3,0,3,0
13804,3,2,312,2017,11,6,19,0,0,1,0,0,0,1,2,3,6,3,0,3,0
13805,6,5,606,2017,11,5,17,0,1,1,0,0,0,0,2,5,2,3,1,3,0
13806,4,6,415,2017,11,5,18,0,0,1,0,0,0,0,1,2,6,3,1,3,0
13807,6,9,610,2017,11,5,14,0,0,1,0,0,0,1,2,5,3,3,1,2,1
13808,2,14,227,2017,11,5,8,0,0,1,0,0,0,0,1,5,3,3,0,3,0
13809,1,6,118,2017,11,5,7,0,0,0,0,1,0,0,1,0,1,3,1,3,0
13810,2,11,223,2017,11,5,16,0,1,0,0,0,0,0,1,0,7,3,1,3,0
13811,5,5,513,2017,11,5,19,0,0,1,0,0,0,0,1,3,6,3,0,3,0
13812,5,17,525,2017,11,5,9,0,1,1,0,0,0,0,2,5,3,3,1,3,0
13813,2,8,220,2017,11,5,15,0,1,1,0,0,0,0,2,4,2,3,0,3,0
13814,2,5,215,2017,11,5,17,0,1,1,0,0,0,0,2,4,2,3,1,3,0
13815,4,11,430,2017,11,5,15,0,1,1,0,0,0,0,2,3,2,3,0,3,0
13816,1,1,101,2017,11,5,15,0,0,1,0,1,0,0,2,0,6,3,0,3,0
13817,1,3,107,2017,11,5,7,0,1,0,0,0,0,1,2,4,6,3,0,3,0
13818,4,13,432,2017,11,5,12,0,0,1,0,0,0,1,2,5,7,3,0,3,0
13819,1,5,114,2017,11,5,19,0,0,1,1,0,0,0,2,6,7,3,1,3,0
13820,7,1,701,2017,11,4,9,0,1,0,1,0,0,0,2,6,4,3,1,3,0
13821,4,13,432,2017,11,5,7,0,1,1,0,0,0,0,2,4,6,3,1,3,0
13822,6,1,601,2017,11,4,15,0,1,0,1,0,0,0,2,6,6,3,1,3,0
13823,4,13,432,2017,11,5,7,0,0,1,1,0,0,0,2,6,4,3,1,3,0
13824,1,14,133,2017,11,4,17,0,0,1,0,0,0,0,1,2,6,3,1,3,0
13825,4,4,407,2017,11,5,15,0,0,1,0,0,0,0,1,5,2,3,0,3,0
13826,4,5,408,2017,11,5,17,0,0,1,1,0,0,0,2,6,2,3,1,3,0
13827,4,6,415,2017,11,5,17,0,0,1,0,0,0,0,1,2,6,3,1,3,0
13828,1,6,115,2017,12,3,7,0,0,1,0,0,0,1,2,3,6,3,0,3,0
13829,5,6,514,2017,12,3,18,0,0,1,0,0,0,0,1,2,6,3,1,3,0
13830,5,18,526,2017,12,3,14,0,0,1,0,0,0,0,1,1,7,3,0,3,0
13831,5,4,512,2017,12,3,6,0,0,1,0,0,0,0,1,1,5,3,1,3,0
13832,5,18,526,2017,12,3,8,0,1,0,0,0,0,0,1,0,7,3,1,3,0
13833,5,3,510,2017,12,3,7,0,0,1,0,0,0,0,1,2,6,3,0,3,0
13834,4,10,428,2017,12,3,17,0,0,1,0,0,0,0,1,2,6,3,0,3,0
13835,2,9,221,2017,12,3,17,0,0,1,0,0,0,0,1,2,7,3,1,3,0
13836,2,7,219,2017,12,3,7,0,0,1,1,0,0,0,2,6,4,3,0,3,0
13837,3,1,308,2017,12,3,13,0,0,1,0,0,0,1,2,2,6,3,1,3,0
13838,4,3,406,2017,12,3,7,0,0,1,0,0,0,0,1,1,5,3,1,3,0
13839,3,1,307,2017,12,3,8,0,1,1,0,0,0,0,2,4,2,3,0,3,0
13840,1,3,108,2017,12,3,8,0,1,1,0,0,0,0,2,3,2,3,0,3,0
13841,7,4,705,2017,12,2,11,0,1,1,0,0,0,0,2,5,3,3,0,2,1
13842,6,1,601,2017,12,2,17,0,0,1,0,0,0,0,1,5,3,3,0,3,0
13843,6,3,604,2017,12,2,12,0,0,1,0,0,0,0,1,2,6,3,0,3,0
13844,5,5,513,2017,12,2,10,0,0,1,0,0,0,0,1,4,2,3,0,3,0
13845,5,2,507,2017,12,2,18,0,0,1,0,0,0,0,1,3,6,3,0,3,0
13846,5,2,507,2017,12,2,8,0,0,1,0,0,0,0,1,2,6,3,0,3,0
13847,5,17,525,2017,12,2,15,0,0,1,0,0,0,0,1,4,6,3,0,3,0
13848,5,11,519,2017,12,2,16,0,1,1,0,0,0,0,2,5,3,3,1,3,0
13849,4,11,430,2017,12,2,14,0,0,1,0,0,0,0,1,2,6,3,0,3,0
13850,4,6,414,2017,12,2,17,0,1,1,0,0,0,0,2,3,2,3,0,3,0
13851,5,1,501,2017,12,2,9,0,0,1,0,0,0,0,1,5,7,3,0,3,0
13852,2,5,215,2017,12,2,14,0,0,1,0,0,0,0,1,5,2,3,0,3,0
13853,4,3,406,2017,12,2,18,0,0,1,0,0,0,0,1,5,2,3,0,2,1
13854,2,3,208,2017,12,2,15,0,1,0,1,0,0,0,2,6,6,3,0,3,0
13855,1,16,137,2017,12,2,7,0,0,1,0,0,0,1,2,3,6,3,1,3,0
13856,7,1,702,2017,12,1,5,0,0,1,0,0,0,0,1,4,1,3,2,3,0
13857,7,8,709,2017,12,1,5,0,0,1,0,0,0,0,1,8,1,3,2,2,1
13858,6,5,606,2017,12,1,5,0,0,1,0,0,0,0,1,9,1,3,1,3,0
13859,1,13,131,2017,12,1,17,0,0,1,0,0,0,0,1,1,6,3,0,3,0
13860,1,12,130,2017,12,1,20,0,0,1,1,0,0,0,2,6,7,3,1,3,0
13861,4,11,430,2017,12,1,18,0,0,1,1,0,0,0,2,6,2,3,0,3,0
13862,5,1,502,2017,12,1,17,0,0,1,1,0,0,0,2,6,2,3,1,3,0
13863,4,2,405,2017,12,1,13,0,0,1,0,1,0,0,2,3,2,3,0,3,0
13864,1,4,112,2017,12,1,2,0,0,1,1,0,0,0,2,6,7,3,0,3,0
13865,1,17,138,2017,12,1,12,0,0,1,0,0,0,0,1,5,7,3,0,3,0
13866,6,1,601,2017,12,7,20,0,0,1,0,0,0,0,1,5,2,3,1,3,0
13867,1,12,130,2017,12,7,18,0,0,0,0,0,0,1,1,1,7,3,0,3,0
13868,1,11,128,2017,12,7,12,0,0,1,0,0,0,0,1,8,7,3,0,3,0
13869,5,4,512,2017,12,7,16,0,0,1,0,0,0,0,1,2,2,3,1,3,0
13870,5,7,515,2017,12,7,15,0,1,1,0,0,0,0,2,5,3,3,1,3,0
13871,5,16,524,2017,12,7,15,0,1,1,0,0,0,0,2,5,3,3,1,3,0
13872,4,13,432,2017,12,7,12,0,1,1,0,0,0,0,2,5,2,3,1,3,0
13873,4,8,420,2017,12,7,13,0,0,1,0,0,0,0,1,2,7,3,1,3,0
13874,5,1,502,2017,12,7,13,0,0,1,1,0,0,0,2,6,2,3,0,3,0
13875,4,10,427,2017,12,7,11,0,0,1,0,0,0,1,2,3,6,3,1,3,0
13876,2,6,218,2017,12,7,13,0,1,0,0,0,0,1,2,4,2,3,0,2,1
13877,1,4,111,2017,12,7,3,0,0,1,1,0,0,0,2,6,4,3,1,3,0
13878,7,16,717,2017,12,6,18,0,0,1,0,0,0,0,1,1,5,3,1,2,1
13879,7,14,715,2017,12,6,5,0,0,1,0,0,0,0,1,4,6,3,1,3,0
13880,6,7,608,2017,12,6,15,0,0,1,0,0,0,0,1,5,3,3,0,3,0
13881,5,4,512,2017,12,6,17,0,0,1,1,0,0,0,2,6,4,3,0,2,1
13882,5,2,505,2017,12,6,15,0,0,1,1,0,0,0,2,6,4,3,0,3,0
13883,5,3,510,2017,12,6,19,0,0,1,1,0,0,0,2,8,7,3,0,3,0
13884,5,9,517,2017,12,6,21,0,0,1,0,0,0,0,1,4,6,3,0,2,1
13885,4,12,431,2017,12,6,16,0,0,1,0,0,0,1,2,2,6,3,0,3,0
13886,4,13,432,2017,12,6,13,0,0,1,0,0,0,0,1,1,7,3,0,3,0
13887,2,11,223,2017,12,6,13,0,0,1,1,0,0,0,2,6,4,3,0,2,1
13888,4,1,401,2017,12,6,1,0,1,1,0,0,0,0,2,1,7,3,1,3,0
13889,2,1,206,2017,12,6,12,0,0,1,0,0,0,0,1,2,6,3,0,2,1
13890,3,2,312,2017,12,6,23,0,0,1,0,0,0,0,1,2,6,3,0,3,0
13891,1,4,109,2017,12,6,12,0,0,1,0,0,0,0,1,2,6,3,0,3,0
13892,7,11,712,2017,12,5,14,0,0,1,0,0,0,1,2,5,3,3,1,3,0
13893,1,20,141,2017,12,5,7,0,0,1,1,0,0,0,2,6,4,3,0,3,0
13894,7,8,709,2017,12,5,17,0,0,1,0,0,0,0,1,5,3,3,1,3,0
13895,1,15,134,2017,12,5,18,0,1,0,1,0,0,0,2,6,3,3,0,2,1
13896,1,12,130,2017,12,5,19,0,0,1,1,0,0,0,2,6,4,3,1,3,0
13897,1,12,130,2017,12,5,6,0,0,1,1,0,0,0,2,6,4,3,1,3,0
13898,1,14,132,2017,12,5,14,0,0,1,0,0,0,1,2,4,6,3,1,2,1
13899,5,6,514,2017,12,5,22,0,0,1,0,0,0,0,1,4,2,3,1,3,0
13900,5,2,507,2017,12,5,15,0,0,1,0,0,0,0,1,5,3,3,1,3,0
13901,5,9,517,2017,12,5,17,0,0,1,0,0,0,0,1,4,6,3,1,3,0
13902,4,8,422,2017,12,5,15,0,0,1,0,0,0,0,1,5,3,3,1,3,0
13903,4,10,427,2017,12,5,18,0,1,1,0,0,0,0,2,5,3,3,1,2,1
13904,5,1,504,2017,12,5,13,0,0,1,0,0,0,0,1,5,3,3,1,3,0
13905,3,6,318,2017,12,5,19,0,0,0,1,0,0,1,2,6,2,3,1,2,1
13906,3,5,317,2017,12,5,0,0,1,1,0,0,0,0,2,5,3,3,1,3,0
13907,3,5,317,2017,12,5,11,0,0,1,0,0,0,0,1,5,3,3,0,3,0
13908,3,1,309,2017,12,5,7,0,1,1,0,0,0,0,2,4,2,3,0,3,0
13909,7,13,714,2017,12,4,18,0,0,1,0,0,0,0,1,5,3,3,1,3,0
13910,7,9,710,2017,12,4,7,0,0,1,0,0,0,0,1,2,6,3,2,3,0
13911,1,16,136,2017,12,4,6,0,0,1,0,0,0,0,1,5,2,3,1,3,0
13912,6,2,602,2017,12,4,19,0,1,1,0,0,0,0,2,5,3,3,1,3,0
13913,1,12,130,2017,12,4,8,0,0,1,0,0,0,0,1,0,3,3,2,3,0
13914,1,11,129,2017,12,4,18,0,0,1,1,0,0,0,2,6,2,3,1,3,0
13915,1,8,121,2017,12,4,18,0,0,1,1,0,0,0,2,6,4,3,1,3,0
13916,5,6,514,2017,12,4,13,0,1,1,0,0,0,0,2,5,2,3,1,3,0
13917,5,18,526,2017,12,4,13,0,0,1,0,0,0,0,1,5,3,3,1,3,0
13918,5,7,515,2017,12,4,19,0,0,1,1,0,0,0,2,6,2,3,1,2,1
13919,5,8,516,2017,12,4,17,0,0,1,1,0,0,0,2,6,4,3,1,2,1
13920,5,8,516,2017,12,4,17,0,0,1,1,0,0,0,2,6,2,3,1,3,0
13921,5,7,515,2017,12,4,11,0,1,1,0,0,0,0,2,5,3,3,1,3,0
13922,5,15,523,2017,12,4,20,0,0,1,1,0,0,0,2,0,7,3,1,3,0
13923,4,5,410,2017,12,4,7,0,0,1,0,0,0,0,1,2,6,3,0,3,0
13924,3,9,321,2017,12,4,17,0,1,1,0,0,0,0,2,3,2,3,1,3,0
13925,2,11,224,2017,12,4,18,0,0,1,0,0,0,0,1,1,7,3,1,3,0
13926,2,7,219,2017,12,4,18,0,0,1,1,0,0,0,2,6,4,3,1,2,1
13927,3,5,317,2017,12,4,18,0,0,0,0,1,0,0,1,0,7,3,1,2,1
13928,2,3,209,2017,12,4,14,0,0,1,0,0,0,0,1,5,3,3,1,3,0
13929,1,4,112,2017,12,4,18,0,0,1,0,0,0,0,1,5,3,3,1,3,0
13930,2,1,201,2017,12,4,17,0,0,1,1,0,0,0,2,6,2,3,1,3,0
13931,1,3,107,2017,12,4,9,0,1,1,0,0,0,0,2,5,3,3,0,3,0
13932,1,5,113,2017,12,4,9,0,0,1,0,0,0,1,2,3,7,3,0,3,0
13933,1,17,138,2017,12,4,5,0,0,1,0,0,0,1,2,3,6,3,1,3,0
13934,7,1,702,2017,12,3,11,0,1,1,0,0,0,0,2,1,5,3,0,3,0
13935,6,7,608,2017,12,3,13,0,0,1,0,0,0,0,1,5,3,3,2,3,0
13936,1,12,130,2017,12,3,16,0,0,0,1,0,0,1,2,6,2,3,1,2,1
13937,1,12,130,2017,12,3,16,0,0,1,1,0,0,0,2,6,4,3,1,3,0
13938,1,12,130,2017,12,3,16,0,0,1,1,0,0,0,2,6,4,3,1,3,0
13939,1,7,119,2017,12,3,14,0,1,1,1,0,0,0,3,6,4,3,1,3,0
13940,1,14,132,2017,12,3,13,0,0,1,1,0,0,0,2,6,7,3,1,3,0
13941,5,18,526,2017,12,3,13,0,0,1,0,0,0,0,1,5,3,3,1,3,0
13942,4,10,429,2017,12,3,18,0,0,1,1,0,0,0,2,6,2,3,1,3,0
13943,5,11,519,2017,12,3,17,0,0,0,0,0,0,1,1,0,7,3,0,3,0
13944,5,15,523,2017,12,3,8,0,0,1,0,0,0,0,1,2,6,3,1,3,0
13945,5,1,504,2017,12,3,10,0,0,1,0,0,0,0,1,5,3,3,1,3,0
13946,2,7,219,2017,12,3,17,0,0,1,1,0,0,0,2,6,3,3,1,3,0
13947,2,8,220,2017,12,3,18,0,0,1,0,0,0,0,1,3,6,3,0,3,0
13948,3,5,317,2017,12,3,14,0,1,0,0,0,0,1,2,5,3,3,1,3,0
13949,3,5,317,2017,12,3,7,0,1,1,0,0,0,0,2,0,6,3,1,3,0
13950,3,2,311,2017,12,3,17,0,0,1,0,0,0,0,1,5,7,3,0,3,0
13951,3,2,311,2017,12,3,18,0,1,1,0,0,0,0,2,1,5,3,1,3,0
13952,7,13,714,2017,12,2,6,0,0,1,1,0,0,0,2,6,4,3,1,2,1
13953,7,1,701,2017,12,2,21,0,0,1,1,0,0,0,2,6,2,3,1,3,0
13954,7,10,711,2017,12,2,17,0,0,1,1,0,0,0,2,6,3,3,2,3,0
13955,7,4,705,2017,12,2,14,0,0,1,0,0,0,0,1,2,6,3,1,3,0
13956,1,16,137,2017,12,2,7,0,0,1,0,0,0,0,1,4,2,3,1,3,0
13957,6,1,601,2017,12,2,16,0,0,1,0,0,0,0,1,2,6,3,2,3,0
13958,1,11,128,2017,12,2,18,0,0,1,0,0,0,0,1,0,7,3,1,3,0
13959,1,11,129,2017,12,2,11,0,0,1,0,0,0,0,1,2,6,3,1,3,0
13960,1,14,132,2017,12,2,16,0,0,1,1,0,0,0,2,6,2,3,1,3,0
13961,5,5,513,2017,12,2,17,0,0,1,0,0,0,0,1,3,7,3,1,2,1
13962,5,6,514,2017,12,2,7,0,0,1,1,0,0,0,2,6,2,3,0,3,0
13963,5,18,526,2017,12,2,11,0,0,1,1,0,0,0,2,6,4,3,1,3,0
13964,5,2,509,2017,12,2,5,0,1,0,0,0,0,1,2,1,5,3,1,3,0
13965,2,10,222,2017,12,2,8,0,1,1,0,0,0,0,2,1,5,3,0,3,0
13966,2,8,220,2017,12,2,17,0,0,1,1,0,0,0,2,6,2,3,1,3,0
13967,3,2,312,2017,12,2,14,0,0,1,1,0,0,0,2,2,6,3,1,3,0
13968,3,2,312,2017,12,2,16,0,1,0,1,0,0,0,2,6,6,3,1,2,1
13969,1,3,108,2017,12,2,18,0,0,1,0,0,0,0,1,5,3,3,1,3,0
13970,1,1,101,2017,12,2,12,0,0,1,0,0,0,0,1,4,3,3,1,3,0
13971,1,18,139,2017,12,2,5,0,0,1,0,0,0,1,2,5,6,3,1,3,0
13972,7,14,715,2017,12,1,18,0,0,1,0,0,0,0,1,5,2,3,1,3,0
13973,6,7,608,2017,12,1,19,0,0,1,0,0,0,0,1,8,7,3,1,3,0
13974,4,8,423,2017,12,1,19,0,0,1,0,0,0,0,1,2,6,3,1,3,0
13975,4,6,415,2017,12,1,18,0,1,1,0,0,0,0,2,5,3,3,2,3,0
13976,2,7,219,2017,12,1,8,0,0,1,0,0,0,0,1,2,6,3,1,3,0
13977,1,16,136,2017,12,7,16,0,0,1,0,0,0,1,2,3,6,3,1,3,0
13978,1,7,120,2017,12,7,11,0,0,1,0,0,0,0,1,5,3,3,1,3,0
13979,5,3,510,2017,12,7,16,0,0,1,1,0,0,0,2,6,2,3,1,3,0
13980,5,2,509,2017,12,7,23,0,0,1,0,0,0,0,1,8,1,3,0,3,0
13981,5,2,509,2017,12,7,23,0,0,1,0,0,0,0,1,5,3,3,0,3,0
13982,4,10,426,2017,12,7,3,0,0,1,0,0,0,0,1,9,1,3,1,3,0
13983,3,9,321,2017,12,7,15,0,0,1,0,0,0,0,1,2,6,3,1,3,0
13984,2,6,218,2017,12,7,9,0,0,1,0,0,0,0,1,1,7,3,1,2,1
13985,2,8,220,2017,12,7,16,0,0,1,1,0,0,0,2,6,2,3,1,2,1