SN,District,Imperial_Circle,Community,Year,Month,Weekday,Hour,Road,Cycle,Car,Pedestrians,Motorcycle,Goods Vehicle,Others,Total,Collision Type,Accident Type,Light Condition,Road Condition,Accident_Severity,Severity
13986,3,5,317,2017,12,7,16,0,0,1,1,0,0,0,2,6,3,3,1,3,0
13987,3,5,317,2017,12,7,8,0,0,1,1,0,0,0,2,6,4,3,1,3,0
13988,2,1,201,2017,12,7,4,0,0,1,1,0,0,0,2,6,4,3,1,2,1
13989,2,4,214,2017,12,7,23,0,0,1,0,0,0,0,1,0,7,3,1,3,0
13990,3,2,312,2017,12,7,9,0,0,1,0,0,0,0,1,5,3,3,1,3,0
13991,3,1,310,2017,12,7,2,0,0,1,1,0,0,0,2,6,4,3,1,2,1
13992,1,3,108,2017,12,7,4,0,0,1,0,0,0,0,1,4,2,3,1,3,0
13993,1,5,114,2017,12,7,20,0,0,1,1,0,0,0,2,6,4,3,1,2,1
13994,7,11,712,2017,12,7,10,0,0,1,0,0,0,1,2,4,7,3,1,1,1
13995,7,14,715,2017,12,6,7,0,0,1,1,0,0,0,2,6,2,3,1,3,0
13996,6,1,601,2017,12,6,17,0,0,1,0,0,0,0,1,2,6,3,1,3,0
13997,1,11,128,2017,12,6,23,0,0,1,0,0,0,0,1,3,2,3,1,3,0
13998,1,6,118,2017,12,6,14,0,0,1,0,0,0,0,1,2,6,3,1,3,0
13999,5,5,513,2017,12,6,19,0,0,1,0,0,0,0,1,2,6,3,1,3,0
14000,5,6,514,2017,12,6,16,0,0,1,1,0,0,0,2,6,4,3,1,3,0
14001,5,9,517,2017,12,6,7,0,1,1,0,0,0,0,2,1,5,3,0,3,0
14002,4,11,430,2017,12,6,10,0,0,1,0,0,0,0,1,2,6,3,1,3,0
14003,2,14,227,2017,12,6,10,0,0,0,1,0,0,1,2,6,2,3,1,3,0
14004,2,8,220,2017,12,6,22,0,0,1,0,0,0,0,1,8,1,3,1,2,1
14005,2,8,220,2017,12,6,19,0,0,1,1,0,0,0,2,6,4,3,1,3,0
14006,3,7,319,2017,12,6,16,0,0,1,0,1,0,0,2,2,6,3,1,3,0
14007,4,3,406,2017,12,6,13,0,0,1,0,0,0,0,1,2,6,3,1,3,0
14008,3,5,317,2017,12,6,11,0,1,1,0,0,0,0,2,5,3,3,1,3,0
14009,2,3,210,2017,12,6,16,0,0,1,0,0,0,1,2,1,5,3,1,3,0
14010,3,3,314,2017,12,6,13,0,0,0,1,0,0,1,2,6,4,3,1,2,1
14011,2,2,207,2017,12,6,14,0,1,0,0,0,0,1,2,5,3,3,1,3,0
14012,1,3,108,2017,12,6,23,0,1,0,0,0,0,0,1,3,6,3,2,2,1
14013,1,5,113,2017,12,6,9,0,0,1,0,0,0,0,1,4,2,3,1,3,0
14014,7,14,715,2017,12,5,15,0,0,1,1,0,0,0,2,6,4,3,0,3,0
14015,7,1,702,2017,12,5,16,0,0,1,0,0,0,0,1,5,2,3,1,2,1
14016,1,11,128,2017,12,5,21,0,0,1,0,1,0,0,2,0,3,3,1,3,0
14017,5,18,526,2017,12,5,12,0,0,0,1,0,0,1,2,6,7,3,0,3,0
14018,4,11,430,2017,12,5,18,0,0,1,0,0,0,0,1,2,6,3,1,3,0
14019,5,11,519,2017,12,5,20,0,0,1,0,0,0,1,2,1,6,3,1,3,0
14020,4,4,407,2017,12,5,20,0,0,1,0,0,0,0,1,8,1,3,1,3,0
14021,4,5,410,2017,12,5,16,0,1,0,1,0,0,0,2,6,4,3,1,3,0
14022,4,5,409,2017,12,5,18,0,0,1,1,0,0,0,2,6,4,3,1,3,0
14023,4,5,413,2017,12,5,17,0,0,1,0,0,0,0,1,2,6,3,1,3,0
14024,4,10,427,2017,12,5,18,0,1,1,0,0,0,0,2,3,6,3,1,2,1
14025,3,8,320,2017,12,5,14,0,1,0,0,0,0,1,2,1,5,3,0,3,0
14026,2,8,220,2017,12,5,19,0,0,1,0,0,0,0,1,1,6,3,1,3,0
14027,2,7,219,2017,12,5,19,0,0,1,1,0,0,0,2,6,3,3,1,3,0
14028,1,16,136,2017,12,1,3,0,0,1,1,0,0,0,2,6,7,3,0,3,0
14029,1,14,133,2017,12,1,16,0,0,1,0,0,0,0,1,3,6,3,1,3,0
14030,3,2,311,2017,12,1,18,0,0,1,1,0,0,0,2,6,4,3,1,2,1
14031,1,16,137,2017,12,7,18,0,0,1,1,0,0,0,2,6,4,3,0,3,0
14032,6,1,601,2017,12,7,21,0,0,1,0,0,0,0,1,4,6,3,1,3,0
14033,5,18,526,2017,12,7,16,0,0,1,1,0,0,0,2,6,4,3,1,3,0
14034,5,7,515,2017,12,7,18,0,0,0,1,0,0,1,2,6,4,3,1,2,1
14035,4,13,432,2017,12,7,13,0,0,1,0,0,0,0,1,5,3,3,1,3,0
14036,4,8,422,2017,12,7,4,0,0,1,0,0,0,0,1,2,6,3,1,3,0
14037,3,1,309,2017,12,5,13,0,1,0,0,1,0,0,2,5,3,3,0,3,0
14038,1,4,109,2017,12,5,6,0,0,1,0,0,0,1,2,5,3,3,0,3,0
14039,1,8,121,2017,12,4,0,0,0,1,0,0,0,1,2,3,6,3,1,3,0
14040,1,14,132,2017,12,4,9,0,0,1,0,0,0,0,1,1,7,3,0,3,0
14041,5,11,519,2017,12,4,8,0,0,1,0,0,0,0,1,1,6,3,0,3,0
14042,4,7,417,2017,12,4,18,0,0,1,1,0,0,0,2,6,2,3,0,2,1
14043,2,8,220,2017,12,4,9,0,1,0,0,0,0,1,2,4,2,3,1,3,0
14044,2,6,218,2017,12,4,8,0,1,1,0,0,0,0,2,3,6,3,0,3,0
14045,4,2,404,2017,12,4,8,0,0,1,0,0,0,1,2,5,3,3,0,3,0
14046,3,2,311,2017,12,4,16,0,1,0,1,0,0,0,2,6,3,3,0,3,0
14047,3,2,311,2017,12,4,17,0,0,1,0,0,0,1,2,0,6,3,0,3,0
14048,5,1,501,2017,12,7,18,0,0,1,0,0,0,0,1,3,7,3,1,3,0
14049,3,2,312,2017,12,4,7,0,0,1,0,0,0,1,2,2,6,3,0,3,0
14050,1,2,103,2017,12,4,18,0,0,0,1,1,0,0,2,6,7,3,0,3,0
14051,7,13,714,2017,12,3,5,0,0,1,0,0,0,0,1,2,6,3,1,3,0
14052,7,10,711,2017,12,3,17,0,0,1,1,0,0,0,2,6,2,3,0,2,1
14053,7,10,711,2017,12,3,12,0,0,1,1,0,0,0,2,6,4,3,1,3,0
14054,5,5,513,2017,12,3,18,0,0,1,0,0,0,0,1,2,6,3,1,3,0
14055,3,7,319,2017,12,7,20,0,0,1,0,0,0,0,1,2,2,3,0,3,0
14056,5,6,514,2017,12,3,17,0,1,1,0,0,0,0,2,5,3,3,1,3,0
14057,5,2,506,2017,12,3,18,0,0,1,1,0,0,0,2,6,2,3,1,3,0
14058,3,1,309,2017,12,7,23,0,0,1,0,0,0,0,1,5,3,3,0,3,0
14059,5,7,515,2017,12,3,16,0,0,1,0,0,0,0,1,4,2,3,1,3,0
14060,5,17,525,2017,12,3,7,0,1,1,0,0,0,0,2,5,2,3,1,3,0
14061,3,1,309,2017,12,7,23,0,0,1,1,0,0,0,2,6,2,3,1,3,0
14062,1,3,108,2017,12,7,21,0,0,1,0,0,0,0,1,4,1,3,1,3,0
14063,5,1,502,2017,12,3,21,0,0,1,0,0,0,0,1,5,3,3,1,3,0
14064,1,5,113,2017,12,7,12,0,0,1,0,0,0,0,1,3,7,3,1,3,0
14065,4,10,426,2017,12,3,10,0,0,0,1,0,0,1,2,6,4,3,1,2,1
14066,6,1,601,2017,12,6,13,0,0,1,0,0,0,1,2,3,7,3,0,3,0
14067,5,1,502,2017,12,3,9,0,0,0,1,0,0,1,2,6,6,3,1,3,0
14068,6,2,603,2017,12,6,17,0,1,1,0,0,0,0,2,1,7,3,0,3,0
14069,6,1,601,2017,12,6,19,0,0,1,1,0,0,0,2,6,2,3,0,3,0
14070,1,12,130,2017,12,6,17,0,0,1,0,0,0,0,1,2,6,3,0,3,0
14071,4,8,423,2017,12,3,15,0,0,1,0,1,0,0,2,1,7,3,1,2,1
14072,1,8,126,2017,12,6,16,0,1,1,0,0,0,0,2,5,3,3,0,3,0
14073,5,5,513,2017,12,6,20,0,0,1,0,0,0,0,1,4,6,3,1,3,0
14074,5,5,513,2017,12,6,7,0,0,1,1,0,0,0,2,6,4,3,0,3,0
14075,4,10,429,2017,12,6,10,0,0,1,0,0,0,0,1,2,6,3,0,3,0
14076,4,8,419,2017,12,6,7,0,0,0,1,0,0,1,2,6,4,3,1,3,0
14077,1,12,130,2017,12,5,10,0,0,1,0,0,0,0,1,2,6,3,1,3,0
14078,5,3,511,2017,12,5,14,0,0,1,0,1,0,0,2,5,3,3,0,3,0
14079,3,6,318,2017,12,3,12,0,1,1,0,0,0,0,2,4,6,3,0,3,0
14080,3,5,317,2017,12,3,16,0,1,1,0,0,0,0,2,5,2,3,1,3,0
14081,1,3,108,2017,12,3,13,0,1,1,0,0,0,0,2,2,6,3,1,3,0
14082,1,3,108,2017,12,3,12,0,0,0,0,1,0,0,1,0,7,3,1,3,0
14083,7,1,701,2017,12,2,21,0,0,1,0,0,0,0,1,1,5,3,1,3,0
14084,7,9,710,2017,12,2,6,0,0,1,0,0,0,0,1,2,6,3,1,3,0
14085,7,10,711,2017,12,2,13,0,1,0,0,0,0,0,1,0,1,3,0,3,0
14086,6,2,602,2017,12,2,19,0,1,1,0,0,0,0,2,0,5,3,1,3,0
14087,6,2,603,2017,12,2,15,0,0,1,0,0,0,0,1,5,3,3,1,3,0
14088,5,7,515,2017,12,5,14,0,0,1,0,0,0,0,1,5,3,3,0,2,1
14089,1,12,130,2017,12,2,21,0,0,1,0,0,0,0,1,2,6,3,1,3,0
14090,5,18,526,2017,12,2,10,0,1,1,0,0,0,0,2,5,3,3,1,3,0
14091,5,2,509,2017,12,2,11,0,0,1,0,0,0,0,1,5,2,3,0,3,0
14092,5,17,525,2017,12,5,11,0,0,1,0,0,0,1,2,1,6,3,1,3,0
14093,5,2,508,2017,12,2,17,0,0,1,0,0,0,0,1,2,6,3,1,3,0
14094,5,11,519,2017,12,2,10,0,1,1,0,0,0,0,2,5,3,3,1,3,0
14095,5,16,524,2017,12,5,13,0,0,1,0,0,0,0,1,5,3,3,0,3,0
14096,4,3,406,2017,12,2,8,0,0,1,0,0,0,0,1,5,2,3,1,3,0
14097,4,5,408,2017,12,2,8,0,0,1,0,0,0,1,2,3,6,3,0,3,0
14098,3,7,319,2017,12,5,12,0,1,1,0,0,0,0,2,5,7,3,0,2,1
14099,2,5,215,2017,12,2,14,0,1,1,0,0,0,0,2,5,3,3,0,3,0
14100,7,8,709,2017,12,4,15,0,0,1,0,0,0,0,1,4,2,3,0,3,0
14101,1,15,134,2017,12,4,6,0,1,0,0,0,0,1,2,7,7,3,0,3,0
14102,6,2,602,2017,12,4,11,0,0,1,0,0,0,0,1,2,6,3,1,3,0
14103,4,1,401,2017,12,2,8,0,1,1,0,0,0,0,2,5,3,3,1,2,1
14104,5,18,526,2017,12,4,20,0,1,0,1,0,0,0,2,6,7,3,0,3,0
14105,5,18,526,2017,12,4,20,0,0,1,0,0,0,0,1,4,7,3,0,3,0
14106,3,5,317,2017,12,2,6,0,0,1,1,0,0,0,2,6,4,3,1,3,0
14107,2,1,206,2017,12,2,14,0,0,1,0,0,0,0,1,2,6,3,0,3,0
14108,5,18,526,2017,12,4,15,0,0,1,0,0,0,0,1,2,6,3,1,3,0
14109,5,11,519,2017,12,4,12,0,0,1,0,0,0,0,1,1,6,3,1,3,0
14110,4,5,409,2017,12,4,16,0,0,1,0,0,0,0,1,2,2,3,1,3,0
14111,3,8,320,2017,12,4,15,0,0,1,0,0,0,0,1,3,6,3,0,3,0
14112,1,3,107,2017,12,4,12,0,0,1,0,0,0,0,1,3,6,3,0,3,0
14113,1,12,130,2017,12,3,6,0,0,1,1,0,0,0,2,8,4,3,0,3,0
14114,1,12,130,2017,12,3,15,0,0,1,0,1,0,0,2,5,3,3,0,3,0
14115,5,6,514,2017,12,3,13,0,0,1,0,0,0,0,1,5,3,3,0,3,0
14116,5,5,513,2017,12,3,23,0,0,1,0,0,0,0,1,4,2,3,0,3,0
14117,2,11,223,2017,12,3,8,0,0,1,0,0,0,0,1,9,1,3,0,3,0
14118,1,1,102,2017,12,3,14,0,0,1,0,0,0,0,1,4,2,3,0,3,0
14119,1,13,131,2017,12,2,6,0,0,1,0,0,0,0,1,4,2,3,0,3,0
14120,4,9,425,2017,12,2,18,0,0,1,0,0,0,0,1,4,2,3,0,3,0
14121,2,4,214,2017,12,2,16,0,0,1,0,0,0,0,1,2,6,3,0,3,0
14122,3,2,312,2017,12,2,10,0,0,1,0,0,0,0,1,2,6,3,0,3,0
14123,3,2,311,2017,12,2,18,0,0,1,1,0,0,0,2,6,4,3,1,3,0
14124,6,1,601,2017,12,1,18,0,0,1,0,0,0,0,1,4,6,3,1,3,0
14125,2,9,221,2017,12,1,12,0,0,1,0,0,0,0,1,3,2,3,1,3,0
14126,2,4,211,2017,12,1,13,0,0,1,0,0,0,0,1,5,3,3,1,3,0
14127,3,2,311,2017,12,1,18,0,0,1,0,0,0,0,1,0,7,3,1,3,0
14128,1,1,102,2017,12,1,16,0,0,1,0,0,0,0,1,2,7,3,1,3,0
14129,6,1,601,2017,12,7,4,0,0,1,0,0,0,1,2,4,6,3,0,3,0
14130,1,8,123,2017,12,7,15,0,0,1,0,0,0,0,1,4,2,3,0,3,0
14131,4,10,428,2017,12,7,10,0,0,1,0,0,0,0,1,5,3,3,0,3,0
14132,2,6,218,2017,12,7,23,0,0,1,0,0,0,0,1,0,7,3,0,3,0
14133,5,12,520,2017,12,2,22,0,0,1,1,0,0,0,2,6,2,3,0,2,1
14134,2,8,220,2017,12,7,13,0,1,1,0,0,0,0,2,5,3,3,0,3,0
14135,5,4,512,2017,12,1,12,0,0,1,1,0,0,0,2,6,2,3,1,3,0
14136,5,2,508,2017,12,1,0,0,1,1,0,0,0,0,2,0,3,3,0,3,0
14137,3,4,316,2017,12,7,13,0,0,1,0,0,0,1,2,0,7,3,0,3,0
14138,4,10,426,2017,12,1,14,0,0,1,0,0,0,0,1,5,3,3,1,2,1
14139,3,2,311,2017,12,1,23,0,0,1,1,0,0,0,2,6,4,3,1,2,1
14140,3,4,316,2017,12,7,11,0,1,1,0,0,0,0,2,5,3,3,1,3,0
14141,7,10,711,2017,12,7,16,0,0,1,1,0,0,0,2,6,4,3,1,2,1
14142,6,2,602,2017,12,7,15,0,1,1,0,0,0,0,2,2,7,3,1,3,0
14143,3,1,304,2017,12,7,11,0,1,0,0,0,0,1,2,1,5,3,0,3,0
14144,1,11,129,2017,12,7,23,0,0,1,0,0,0,0,1,5,3,3,1,3,0
14145,2,4,213,2017,12,7,18,0,1,1,0,0,0,0,2,5,2,3,0,3,0
14146,2,1,203,2017,12,7,15,0,0,0,1,0,0,1,2,6,4,3,1,2,1
14147,5,2,507,2017,12,7,18,0,0,1,0,0,0,0,1,2,6,3,1,3,0
14148,1,19,140,2017,12,6,6,0,1,1,0,0,0,0,2,5,3,3,0,3,0
14149,4,13,432,2017,12,7,10,0,0,1,0,0,0,0,1,0,2,3,1,3,0
14150,1,16,137,2017,12,6,12,0,0,1,0,0,0,1,2,3,6,3,1,3,0
14151,4,5,409,2017,12,7,12,0,0,1,0,0,0,0,1,2,2,3,1,3,0
14152,6,1,601,2017,12,6,23,0,0,1,0,1,0,0,2,3,7,3,1,3,0
14153,1,4,112,2017,12,7,18,0,0,1,0,0,0,0,1,5,3,3,1,3,0
14154,1,11,129,2017,12,6,16,0,0,1,0,0,0,0,1,5,2,3,0,3,0
14155,5,18,526,2017,12,6,16,0,1,1,0,0,0,0,2,5,3,3,1,3,0
14156,5,3,511,2017,12,6,6,0,0,1,0,0,0,0,1,5,2,3,1,3,0
14157,1,12,130,2017,12,6,19,0,0,1,0,0,0,0,1,4,2,3,0,3,0
14158,5,2,508,2017,12,6,19,0,0,1,1,0,0,1,3,1,5,3,0,3,0
14159,5,5,513,2017,12,6,14,0,0,1,0,0,0,0,1,1,6,3,1,3,0
14160,5,4,512,2017,12,6,15,0,0,1,0,0,0,0,1,5,3,3,1,3,0
14161,5,12,520,2017,12,6,12,0,1,1,0,0,0,0,2,5,3,3,1,3,0
14162,5,10,518,2017,12,6,13,0,1,1,0,0,0,0,2,5,3,3,0,3,0
14163,4,6,415,2017,12,6,16,0,0,1,0,0,0,0,1,2,6,3,1,3,0
14164,4,10,426,2017,12,6,14,0,0,1,0,0,0,0,1,2,6,3,0,3,0
14165,3,3,314,2017,12,6,19,0,0,1,0,0,0,0,1,1,5,3,0,3,0
14166,1,5,114,2017,12,6,15,0,1,1,1,0,0,0,3,2,4,3,0,3,0
14167,7,13,714,2017,11,5,19,0,0,0,0,1,0,1,2,5,2,3,0,3,0
14168,7,15,716,2017,11,5,11,0,0,0,0,1,0,0,1,8,7,3,0,2,1
14169,1,16,137,2017,11,5,16,0,0,1,0,0,0,0,1,2,6,3,0,3,0
14170,1,11,129,2017,11,5,14,0,0,0,1,0,0,1,2,6,3,3,0,3,0
14171,1,12,130,2017,11,5,17,0,0,1,0,0,0,0,1,4,6,3,1,3,0
14172,1,12,130,2017,11,5,17,0,0,1,0,0,0,1,2,3,6,3,1,3,0
14173,1,11,128,2017,11,5,10,0,0,1,0,0,0,0,1,5,3,3,1,3,0
14174,4,13,432,2017,12,6,6,0,0,1,0,0,0,1,2,2,6,3,0,3,0
14175,1,12,130,2017,11,5,8,0,0,1,0,0,0,0,1,2,6,3,0,3,0
14176,2,5,216,2017,12,6,0,0,0,1,0,0,0,0,1,5,3,3,1,3,0
14177,1,7,119,2017,11,5,7,0,0,1,1,0,0,0,2,6,7,3,1,3,0
14178,2,4,212,2017,12,6,8,0,0,1,0,0,0,0,1,5,3,3,0,3,0
14179,4,10,428,2017,11,5,22,0,0,1,0,0,0,0,1,5,3,3,0,3,0
14180,3,7,319,2017,12,6,15,0,0,1,0,0,0,0,1,5,3,3,1,3,0
14181,3,7,319,2017,12,6,22,0,0,0,0,1,0,0,1,0,7,3,1,3,0
14182,4,11,430,2017,11,5,15,0,0,1,0,1,0,1,3,4,6,3,0,3,0
14183,5,7,515,2017,11,5,8,0,1,1,0,0,0,0,2,5,3,3,0,3,0
14184,4,12,431,2017,11,5,19,0,0,1,0,0,0,0,1,0,7,3,1,3,0
14185,3,8,320,2017,11,5,10,0,0,1,0,0,0,0,1,5,2,3,0,3,0
14186,1,5,113,2017,11,5,17,0,0,1,1,0,0,0,2,6,4,3,1,3,0
14187,1,5,114,2017,11,5,22,0,0,1,0,0,0,0,1,5,3,3,0,3,0
14188,7,12,713,2017,11,5,14,0,0,1,0,0,0,1,2,2,6,3,0,3,0
14189,2,2,207,2017,12,6,12,0,1,0,0,0,0,1,2,1,5,3,1,3,0
14190,7,4,705,2017,11,4,10,0,0,1,0,0,0,1,2,1,6,3,0,3,0
14191,1,16,137,2017,11,4,13,0,0,1,0,0,0,1,2,5,3,3,0,3,0
14192,1,16,137,2017,11,4,11,0,0,1,0,0,0,0,1,5,3,3,2,3,0
14193,2,1,201,2017,12,6,11,0,1,1,0,0,0,0,2,5,3,3,0,3,0
14194,1,4,112,2017,12,6,18,0,0,1,0,1,0,0,2,4,7,3,0,3,0
14195,1,16,137,2017,12,6,14,0,0,1,0,0,0,1,2,1,6,3,0,3,0
14196,5,18,526,2017,12,5,22,0,0,1,0,0,0,1,2,0,3,3,1,2,1
14197,6,1,601,2017,11,4,14,0,1,1,0,0,0,0,2,5,3,3,0,3,0
14198,5,2,508,2017,12,5,18,0,0,1,0,0,0,0,1,1,5,3,0,3,0
14199,5,2,506,2017,12,5,14,0,0,0,1,0,0,1,2,6,2,3,1,3,0
14200,1,11,128,2017,11,4,16,0,1,1,0,0,0,0,2,5,3,3,1,3,0
14201,4,9,425,2017,12,5,15,0,1,1,0,0,0,0,2,1,5,3,1,3,0
14202,5,10,518,2017,12,5,13,0,1,1,0,0,0,0,2,3,3,3,0,2,1
14203,5,6,514,2017,11,4,16,0,0,1,0,1,0,0,2,0,2,3,1,3,0
14204,4,13,432,2017,12,5,23,0,0,1,0,0,0,0,1,5,3,3,1,3,0
14205,5,18,526,2017,11,4,14,0,0,1,0,0,0,0,1,2,6,3,1,3,0
14206,2,8,220,2017,12,5,15,0,1,1,0,0,0,0,2,5,3,3,1,3,0
14207,2,3,208,2017,12,5,2,0,1,0,0,0,0,0,1,8,1,3,1,3,0
14208,5,2,509,2017,11,4,6,0,1,0,0,0,0,1,2,0,7,3,0,3,0
14209,3,3,314,2017,12,5,15,0,0,1,0,0,0,0,1,5,3,3,0,3,0
14210,7,9,710,2017,12,4,12,0,0,1,0,0,0,0,1,2,6,3,1,3,0
14211,7,9,710,2017,12,4,7,0,0,0,0,0,0,1,1,2,6,3,0,3,0
14212,6,1,601,2017,12,4,12,0,1,1,0,0,0,0,2,3,2,3,1,3,0
14213,5,2,505,2017,11,4,16,0,0,1,0,0,0,0,1,2,6,3,0,3,0
14214,4,11,430,2017,11,4,17,0,0,1,1,0,0,0,2,6,2,3,1,3,0
14215,4,5,410,2017,11,4,20,0,0,1,0,0,0,0,1,2,6,3,0,3,0
14216,4,5,410,2017,11,4,20,0,1,0,1,0,0,0,2,6,4,3,1,3,0
14217,4,10,428,2017,11,4,19,0,0,1,0,0,0,0,1,4,2,3,0,3,0
14218,3,9,321,2017,11,4,16,0,0,1,0,0,0,0,1,4,2,3,1,3,0
14219,2,5,215,2017,11,4,21,0,0,0,0,1,0,0,1,0,7,3,1,3,0
14220,2,8,220,2017,11,4,2,0,0,1,0,0,0,0,1,1,5,3,1,3,0
14221,4,2,403,2017,11,4,16,0,1,0,0,0,0,1,2,5,3,3,1,3,0
14222,3,4,315,2017,11,4,15,0,0,1,0,0,0,0,1,2,6,3,1,3,0
14223,2,4,212,2017,11,4,18,0,0,1,1,0,0,0,2,6,4,3,1,2,1
14224,1,1,101,2017,11,4,0,0,0,1,0,0,0,0,1,5,3,3,1,3,0
14225,1,16,137,2017,11,3,11,0,0,1,0,0,0,1,2,5,3,3,1,3,0
14226,6,1,601,2017,11,3,17,0,1,1,0,0,0,0,2,5,2,3,1,3,0
14227,5,6,514,2017,11,3,18,0,0,1,0,0,0,0,1,5,2,3,1,3,0
14228,5,18,526,2017,11,3,18,0,1,1,0,0,0,0,2,5,3,3,1,3,0
14229,5,18,526,2017,11,3,18,0,0,1,1,0,0,0,2,6,2,3,1,2,1
14230,5,18,526,2017,11,3,16,0,0,1,0,0,0,1,2,5,3,3,0,3,0
14231,5,2,505,2017,11,3,11,0,1,1,0,0,0,0,2,3,2,3,1,3,0
14232,5,8,516,2017,11,3,17,0,0,1,0,0,0,0,1,2,6,3,0,3,0
14233,6,1,601,2017,12,4,7,0,0,1,1,0,0,0,2,6,2,3,1,3,0
14234,4,10,429,2017,11,3,16,0,0,1,0,0,0,0,1,5,7,3,1,3,0
14235,1,8,125,2017,12,4,18,0,0,1,1,0,0,0,2,6,7,3,1,3,0
14236,5,11,519,2017,11,3,16,0,0,1,1,0,0,0,2,6,3,3,1,2,1
14237,5,5,513,2017,12,4,11,0,0,1,0,1,0,0,2,4,7,3,1,3,0
14238,5,17,525,2017,11,3,14,0,0,1,0,0,0,0,1,2,6,3,1,3,0
14239,5,8,516,2017,12,4,15,0,1,1,0,0,0,0,2,0,3,3,0,3,0
14240,5,14,522,2017,12,4,16,0,1,1,0,0,0,0,2,5,7,3,1,3,0
14241,5,11,519,2017,11,3,17,0,0,1,1,0,0,0,2,6,2,3,1,2,1
14242,5,17,525,2017,12,4,8,0,1,1,0,0,0,0,2,5,3,3,1,3,0
14243,4,5,408,2017,12,4,18,0,0,1,1,0,0,0,2,6,4,3,1,2,1
14244,4,11,430,2017,11,3,21,0,0,1,0,0,0,0,1,2,6,3,1,3,0
14245,4,5,408,2017,12,4,23,0,0,1,0,0,0,0,1,9,1,3,1,3,0
14246,4,5,410,2017,12,4,9,0,0,1,0,0,0,0,1,2,6,3,1,3,0
14247,4,8,420,2017,11,3,17,0,0,1,0,0,0,0,1,2,6,3,1,3,0
14248,4,5,413,2017,12,4,7,0,1,0,0,0,0,0,1,4,6,3,1,3,0
14249,2,9,221,2017,11,3,17,0,0,1,1,0,0,0,2,6,4,3,1,3,0
14250,2,5,215,2017,11,3,18,0,1,1,0,0,0,0,2,5,3,3,1,3,0
14251,4,8,421,2017,12,4,8,0,1,1,0,0,0,0,2,5,2,3,1,2,1
14252,2,5,216,2017,11,3,12,0,0,1,0,0,0,0,1,1,6,3,1,3,0
14253,3,5,317,2017,11,3,15,0,0,1,1,0,0,0,2,6,4,3,1,3,0
14254,5,1,501,2017,12,4,19,0,0,1,0,0,0,0,1,5,7,3,1,3,0
14255,4,10,427,2017,12,4,7,0,0,1,0,0,0,1,2,1,7,3,1,3,0
14256,3,8,320,2017,12,4,8,0,0,1,0,0,0,0,1,5,3,3,0,3,0
14257,3,8,320,2017,12,4,15,0,0,0,0,1,0,1,2,5,3,3,0,3,0
14258,2,11,223,2017,12,4,7,0,0,1,0,0,0,0,1,2,7,3,1,3,0
14259,2,5,215,2017,12,4,14,0,0,1,0,0,0,0,1,2,6,3,1,3,0
14260,2,7,219,2017,12,4,17,0,0,1,0,0,0,0,1,2,2,3,1,3,0
14261,3,9,321,2017,12,4,20,0,0,1,0,0,0,0,1,4,2,3,1,3,0
14262,2,5,215,2017,12,4,9,0,1,1,0,0,0,0,2,5,3,3,1,3,0
14263,3,4,316,2017,12,4,15,0,0,1,1,0,0,0,2,6,2,3,1,3,0
14264,3,1,305,2017,11,3,13,0,1,0,0,0,0,1,2,0,7,3,1,3,0
14265,2,4,211,2017,11,3,17,0,1,0,1,0,0,0,2,6,4,3,1,3,0
14266,1,1,102,2017,11,3,11,0,0,1,0,0,0,0,1,2,6,3,1,3,0
14267,1,3,105,2017,11,3,16,0,0,1,1,0,0,0,2,6,7,3,1,3,0
14268,1,13,131,2017,11,2,17,0,0,1,1,0,0,0,2,6,4,3,1,3,0
14269,6,1,601,2017,11,2,18,0,0,1,1,0,0,0,2,6,4,3,1,2,1
14270,1,11,129,2017,11,2,16,0,1,1,0,0,0,0,2,5,3,3,1,3,0
14271,1,11,129,2017,11,2,13,0,0,1,0,0,0,0,1,5,2,3,1,3,0
14272,5,18,526,2017,11,2,8,0,1,1,0,0,0,0,2,5,3,3,0,3,0
14273,5,5,513,2017,11,2,18,0,0,1,0,0,0,0,1,5,3,3,1,3,0
14274,3,1,306,2017,12,4,18,0,1,0,1,0,0,0,2,6,6,3,1,3,0
14275,5,6,514,2017,11,2,14,0,1,0,0,0,0,0,1,3,6,3,1,3,0
14276,4,1,401,2017,12,4,19,0,0,1,0,0,0,0,1,1,6,3,1,3,0
14277,4,13,432,2017,11,2,17,0,0,1,0,0,0,0,1,1,5,3,1,3,0
14278,3,1,303,2017,12,4,7,0,1,0,0,0,0,0,1,5,3,3,1,3,0
14279,4,5,413,2017,11,2,12,0,0,1,0,0,0,1,2,1,5,3,1,2,1
14280,3,8,320,2017,11,2,14,0,1,0,0,0,0,1,2,5,3,3,1,3,0