SN,District,Imperial_Circle,Community,Year,Month,Weekday,Hour,Road,Cycle,Car,Pedestrians,Motorcycle,Goods Vehicle,Others,Total,Collision Type,Accident Type,Light Condition,Road Condition,Accident_Severity,Severity
14582,2,14,227,2018,5,4,13,0,0,1,0,0,1,0,2,1,6,3,0,3,0
14583,3,9,321,2018,3,3,14,0,0,1,0,0,1,0,2,2,6,3,0,3,0
14584,1,8,124,2018,2,6,19,0,0,1,0,0,0,0,1,2,6,3,1,3,0
14585,3,9,321,2018,3,5,10,0,0,0,0,1,0,0,1,0,1,3,0,3,0
14586,6,1,601,2018,3,6,8,0,0,0,1,0,0,1,2,6,5,3,0,2,1
14587,3,1,307,2018,4,2,15,0,0,1,0,0,0,0,1,2,6,3,1,3,0
14588,4,2,405,2018,1,4,8,0,0,1,0,0,0,0,1,2,2,3,1,3,0
14589,3,6,318,2018,2,1,6,0,0,1,0,0,0,0,1,9,1,3,0,1,1
14590,6,9,610,2018,5,2,7,0,0,1,0,0,0,0,1,2,6,3,0,3,0
14591,1,16,137,2018,4,4,7,0,0,1,0,0,0,1,2,2,6,3,0,3,0
14592,2,5,216,2018,1,6,11,0,0,1,1,0,0,0,2,6,3,3,0,3,0
14593,4,2,405,2018,2,2,20,0,1,0,0,0,0,0,1,0,7,3,2,2,1
14594,7,10,711,2018,4,6,4,0,0,0,0,0,1,0,1,5,2,3,1,3,0
14595,3,7,319,2018,3,2,14,0,0,1,0,0,1,0,2,3,3,3,0,3,0
14596,6,9,610,2018,4,1,13,0,0,1,0,0,0,0,1,0,6,3,0,3,0
14597,4,3,406,2018,1,3,14,0,1,1,0,0,0,0,2,3,2,3,0,3,0
14598,1,3,106,2018,2,3,13,0,0,1,0,0,1,0,2,3,6,3,0,3,0
14599,2,3,209,2018,5,3,21,0,1,1,0,0,0,0,2,0,5,3,0,3,0
14600,1,1,102,2018,3,3,16,0,0,1,0,1,0,0,2,2,6,3,0,3,0
14601,7,13,714,2018,4,2,18,0,0,1,0,0,0,0,1,2,6,3,0,3,0
14602,1,4,111,2018,2,5,12,0,1,0,0,0,0,1,2,0,3,3,0,3,0
14603,7,9,710,2018,3,3,12,0,0,1,0,0,0,0,1,8,7,3,0,2,1
14604,3,7,319,2018,3,5,15,0,0,1,0,0,0,0,1,2,6,3,0,3,0
14605,1,4,110,2018,4,6,8,0,1,0,1,0,0,0,2,5,3,3,0,3,0
14606,2,7,219,2018,1,3,7,0,0,1,0,0,0,1,2,2,6,3,0,3,0
14607,3,8,320,2018,2,6,9,0,0,1,0,0,1,0,2,3,6,3,0,3,0
14608,7,13,714,2018,1,6,12,0,0,1,1,0,0,0,2,6,4,3,1,2,1
14609,1,16,136,2018,5,1,14,0,0,1,0,0,0,0,1,2,6,3,0,3,0
14610,4,2,404,2018,4,3,8,0,0,1,0,0,0,1,2,3,7,3,1,3,0
14611,1,6,117,2018,1,4,22,0,0,1,0,0,0,1,2,2,6,3,0,3,0
14612,1,8,121,2018,2,7,15,0,0,0,1,0,0,1,2,0,7,3,1,3,0
14613,1,1,102,2018,4,6,10,0,0,1,0,0,1,0,2,3,6,3,0,3,0
14614,1,6,117,2018,3,6,13,0,0,1,0,0,0,0,1,3,6,3,0,3,0
14615,3,7,319,2018,4,7,12,0,0,1,0,0,0,0,1,2,6,3,0,3,0
14616,1,6,115,2018,1,2,14,0,0,1,0,0,0,0,1,2,6,3,1,3,0
14617,1,6,115,2018,3,6,15,0,0,1,0,0,0,0,1,2,6,3,0,3,0
14618,4,5,409,2018,5,1,15,0,1,0,0,0,0,0,1,4,6,3,0,3,0
14619,1,12,130,2018,4,2,7,0,0,1,0,0,0,0,1,8,1,3,0,3,0
14620,1,1,102,2018,1,7,18,0,0,1,0,0,0,1,2,2,6,3,1,3,0
14621,3,6,318,2018,3,1,5,0,0,1,0,0,0,0,1,8,1,3,1,3,0
14622,3,7,319,2018,3,2,16,0,0,1,0,1,0,0,2,5,3,3,0,2,1
14623,2,12,225,2018,5,4,13,0,1,1,0,0,0,0,2,5,2,3,0,3,0
14624,1,3,107,2018,4,4,1,0,1,0,0,0,0,0,1,0,7,3,0,3,0
14625,1,1,102,2018,1,2,13,0,0,1,0,0,0,0,1,2,6,3,1,3,0
14626,7,13,714,2018,2,3,7,0,0,1,0,0,0,0,1,2,2,3,0,2,1
14627,2,12,225,2018,1,4,15,0,0,1,1,0,0,0,2,6,2,3,1,3,0
14628,2,3,209,2018,5,7,10,0,0,1,0,0,0,0,1,2,6,3,0,3,0
14629,1,4,111,2018,3,7,4,0,0,1,0,0,0,0,1,3,6,3,0,3,0
14630,7,2,703,2018,1,2,5,0,0,1,0,0,0,1,2,2,6,3,1,3,0
14631,3,9,321,2018,2,6,19,0,0,1,0,0,0,1,2,3,6,3,0,3,0
14632,3,4,316,2018,4,5,14,0,1,1,0,0,0,0,2,5,2,3,1,3,0
14633,2,3,209,2018,3,5,20,0,1,1,0,0,0,0,2,5,3,3,0,3,0
14634,6,11,612,2018,4,5,17,0,0,1,0,0,1,0,2,2,6,3,0,2,1
14635,3,1,306,2018,1,1,17,0,0,1,0,0,0,0,1,2,6,3,1,3,0
14636,6,3,604,2018,5,4,10,0,0,0,0,1,0,0,1,0,1,3,0,2,1
14637,3,7,319,2018,3,6,12,0,0,1,0,0,0,0,1,2,6,3,0,3,0
14638,2,3,209,2018,5,7,12,0,0,1,0,0,0,0,1,2,3,3,0,3,0
14639,7,10,711,2018,4,7,11,0,0,1,0,0,0,0,1,3,6,3,0,2,1
14640,1,14,132,2018,1,5,18,0,0,1,0,0,0,0,1,2,2,3,2,3,0
14641,1,11,128,2018,2,4,9,0,0,1,0,0,0,1,2,2,6,3,0,3,0
14642,7,7,708,2018,5,4,9,0,0,1,0,0,1,0,2,2,6,3,0,1,1
14643,1,6,117,2018,3,3,17,0,0,1,0,0,0,0,1,5,3,3,0,3,0
14644,3,9,321,2018,2,2,8,0,1,1,0,0,0,0,2,5,3,3,0,2,1
14645,3,9,321,2018,2,7,17,0,0,1,0,0,0,0,1,3,2,3,0,3,0
14646,4,2,403,2018,1,3,12,0,1,1,0,0,0,0,2,5,3,3,0,3,0
14647,2,5,217,2018,5,6,14,0,1,1,0,0,0,0,2,1,5,3,0,3,0
14648,3,7,319,2018,3,5,12,0,0,1,1,0,0,0,2,0,4,3,1,3,0
14649,6,1,601,2018,2,3,15,0,0,1,0,0,0,0,1,2,6,3,0,3,0
14650,1,16,136,2018,4,3,16,0,0,1,0,0,1,0,2,3,6,3,0,3,0
14651,3,6,318,2018,3,3,7,0,1,1,0,0,0,0,2,5,2,3,1,3,0
14652,1,6,115,2018,4,3,16,0,0,1,0,0,0,0,1,2,6,3,0,3,0
14653,6,9,610,2018,1,5,7,0,0,1,0,0,0,0,1,2,6,3,1,3,0
14654,3,4,316,2018,3,5,9,0,0,1,0,0,0,0,1,0,6,3,0,3,0
14655,7,14,715,2018,5,3,12,0,1,0,0,0,0,0,1,0,7,3,0,3,0
14656,1,8,124,2018,4,6,9,0,0,1,0,0,0,0,1,1,6,3,0,3,0
14657,7,10,711,2018,1,3,16,0,0,1,0,0,0,0,1,1,6,3,1,3,0
14658,1,14,132,2018,2,3,6,0,0,1,0,0,1,0,2,3,6,3,1,3,0
14659,3,6,318,2018,5,4,6,0,1,0,0,0,0,1,2,5,3,3,0,3,0
14660,2,5,216,2018,3,3,13,0,0,1,0,0,0,0,1,2,6,3,0,3,0
14661,4,7,417,2018,4,3,16,0,1,0,0,0,0,1,2,5,2,3,1,2,1
14662,3,9,321,2018,2,5,8,0,0,1,0,0,1,0,2,3,6,3,0,3,0
14663,1,4,111,2018,3,5,17,0,0,0,1,0,0,1,2,6,2,3,0,3,0
14664,1,3,106,2018,3,6,15,0,0,1,1,0,0,0,2,6,4,3,0,3,0
14665,1,6,117,2018,4,6,13,0,0,1,0,0,0,0,1,4,2,3,1,3,0
14666,1,6,117,2018,1,3,18,0,0,1,0,0,0,1,2,2,6,3,1,3,0
14667,1,16,136,2018,2,6,14,0,0,1,0,0,0,0,1,3,6,3,0,3,0
14668,3,1,307,2018,3,7,21,0,0,1,0,0,0,0,1,3,7,3,0,2,1
14669,2,5,217,2018,4,2,17,0,1,1,0,0,0,0,2,5,2,3,1,3,0
14670,1,7,119,2018,1,4,15,0,0,1,0,0,0,0,1,5,3,3,0,3,0
14671,1,8,125,2018,2,3,19,0,0,1,0,0,0,0,1,3,6,3,2,3,0
14672,2,1,206,2018,5,3,11,0,0,1,0,1,0,0,2,2,6,3,0,3,0
14673,7,14,715,2018,4,5,12,0,1,1,0,0,0,0,2,5,3,3,0,3,0
14674,1,1,101,2018,1,2,13,0,0,1,0,0,0,1,2,2,6,3,0,3,0
14675,6,11,612,2018,2,2,9,0,0,1,0,0,0,1,2,2,6,3,1,3,0
14676,3,8,320,2018,4,2,20,0,0,1,0,0,0,0,1,2,6,3,0,3,0
14677,1,6,117,2018,3,2,6,0,0,1,0,0,0,0,1,2,6,3,0,3,0
14678,1,14,132,2018,4,2,8,0,0,0,0,1,1,1,3,2,6,3,0,3,0
14679,7,14,715,2018,1,3,14,0,0,1,1,0,0,0,2,6,7,3,0,3,0
14680,1,16,136,2018,3,2,18,0,0,1,0,0,0,0,1,2,6,3,1,2,1
14681,1,19,140,2018,3,4,13,0,0,1,0,0,0,0,1,3,6,3,1,3,0
14682,1,16,136,2018,4,4,17,0,0,1,0,0,1,0,2,3,6,3,0,3,0
14683,1,4,111,2018,1,3,17,0,0,1,0,0,0,0,1,2,6,3,1,3,0
14684,7,13,714,2018,2,5,16,0,0,1,0,0,0,0,1,2,6,3,0,2,1
14685,6,11,612,2018,1,5,19,0,0,1,0,0,1,0,2,2,6,3,1,2,1
14686,1,1,102,2018,5,1,16,0,0,1,0,0,0,0,1,2,6,3,0,3,0
14687,7,10,711,2018,3,7,11,0,0,1,1,0,0,0,2,6,2,3,1,3,0
14688,2,12,225,2018,1,4,14,0,1,1,0,0,0,0,2,4,2,3,0,3,0
14689,2,6,218,2018,2,7,11,0,0,1,0,1,0,0,2,0,3,3,0,3,0
14690,4,5,409,2018,4,5,18,0,1,1,0,0,0,0,2,5,3,3,1,3,0
14691,1,19,140,2018,3,5,22,0,0,1,0,0,0,0,1,9,1,3,1,3,0
14692,2,12,225,2018,6,6,14,0,0,1,0,0,0,0,1,5,2,3,0,3,0
14693,6,11,612,2018,9,7,9,0,0,1,0,0,0,1,2,2,6,3,0,2,1
14694,7,13,714,2018,6,6,15,0,0,1,0,0,0,0,1,2,6,3,0,3,0
14695,2,3,209,2018,11,3,0,0,0,1,0,0,0,0,1,8,1,3,1,3,0
14696,3,6,318,2018,12,5,21,0,0,1,0,0,0,0,1,8,1,3,1,3,0
14697,7,14,715,2018,10,4,15,0,1,1,0,0,0,0,2,4,2,3,0,3,0
14698,4,2,403,2018,7,1,16,0,0,1,0,0,0,0,1,4,2,3,0,3,0
14699,2,5,215,2018,8,2,18,0,1,1,0,0,0,0,2,5,2,3,0,3,0
14700,4,5,409,2018,9,5,9,0,1,0,0,0,0,0,1,0,1,3,0,3,0
14701,2,7,219,2018,6,6,8,0,0,1,0,0,0,0,1,2,6,3,1,3,0
14702,4,7,417,2018,8,5,0,0,1,1,0,0,0,0,2,5,3,3,0,2,1
14703,1,4,110,2018,11,6,15,0,0,1,0,0,1,0,2,3,6,3,0,3,0
14704,3,9,321,2018,6,6,16,0,1,1,0,0,0,0,2,3,2,3,0,3,0
14705,7,8,709,2018,10,4,8,0,0,1,0,0,0,1,2,2,6,3,0,3,0
14706,6,11,612,2018,6,5,22,0,0,1,0,0,0,0,1,9,7,3,1,3,0
14707,1,7,119,2018,7,6,22,0,0,1,0,0,0,0,1,4,2,3,0,3,0
14708,4,6,415,2018,11,4,13,0,0,1,0,0,0,0,1,2,2,3,0,3,0
14709,3,1,305,2018,8,5,9,0,1,0,0,0,0,0,1,5,3,3,0,3,0
14710,7,10,711,2018,12,2,10,0,0,1,0,0,0,0,1,3,6,3,0,3,0
14711,3,1,304,2018,10,7,17,0,0,1,0,0,0,0,1,3,6,3,0,3,0
14712,1,6,115,2018,6,5,14,0,0,0,1,0,0,1,2,6,4,3,1,3,0
14713,1,16,136,2018,8,7,9,0,0,1,0,0,1,0,2,0,7,3,0,3,0
14714,2,7,219,2018,9,6,17,0,0,1,0,0,0,1,2,2,6,3,0,3,0
14715,3,7,319,2018,6,5,14,0,1,1,0,0,0,0,2,0,3,3,1,3,0
14716,4,5,411,2018,7,4,11,0,1,0,0,0,0,0,1,4,6,3,0,2,1
14717,7,1,701,2018,11,6,20,0,0,1,0,0,0,0,1,5,2,3,0,2,1
14718,1,6,117,2018,12,5,18,0,0,1,0,0,0,0,1,4,2,3,0,3,0
14719,6,1,601,2018,7,5,11,0,0,1,0,0,1,0,2,1,6,3,0,3,0
14720,1,3,106,2018,8,7,20,0,0,1,0,0,0,0,1,3,6,3,0,3,0
14721,4,5,409,2018,9,5,17,0,0,1,0,0,0,0,1,2,6,3,0,3,0
14722,7,14,715,2018,6,4,15,0,0,1,0,0,0,0,1,3,7,3,0,2,1
14723,3,5,317,2018,9,4,15,0,1,0,0,0,0,0,1,0,7,3,0,3,0
14724,2,5,216,2018,11,2,18,0,0,1,0,1,0,0,2,5,3,3,1,3,0
14725,1,7,120,2018,12,3,8,0,0,1,0,0,0,0,1,2,6,3,1,3,0
14726,1,16,137,2018,10,2,10,0,0,1,0,0,0,0,1,4,6,3,0,3,0
14727,1,14,133,2018,7,5,9,0,1,0,0,0,0,0,1,4,6,3,0,3,0
14728,6,2,602,2018,8,4,14,0,0,1,1,0,0,0,2,6,4,3,0,3,0
14729,4,4,407,2018,11,3,14,0,0,1,0,0,0,0,1,2,6,3,0,3,0
14730,7,11,712,2018,6,4,8,0,0,0,0,0,1,1,2,2,6,3,0,3,0
14731,1,15,134,2018,10,7,13,0,0,1,0,1,0,0,2,0,6,3,0,2,1
14732,4,5,409,2018,6,4,12,0,0,1,0,0,0,0,1,2,6,3,0,3,0
14733,6,1,601,2018,7,3,18,0,0,1,0,1,0,0,2,2,7,3,0,2,1
14734,1,12,130,2018,11,6,18,0,0,1,0,0,0,0,1,3,3,3,0,3,0
14735,4,5,410,2018,8,7,21,0,0,1,0,1,0,0,2,4,7,3,0,3,0
14736,3,9,321,2018,12,5,10,0,0,1,0,0,0,1,2,2,6,3,1,3,0
14737,1,7,120,2018,10,4,15,0,1,0,0,0,1,0,2,5,3,3,0,3,0
14738,1,1,101,2018,6,4,15,0,1,0,1,0,0,0,2,4,6,3,0,3,0
14739,3,9,321,2018,8,5,10,0,0,1,0,0,0,0,1,4,3,3,0,3,0
14740,1,16,136,2018,8,3,13,0,0,1,0,0,1,0,2,3,6,3,0,3,0
14741,1,16,136,2018,9,3,8,0,0,1,0,0,0,0,1,2,6,3,0,3,0
14742,7,10,711,2018,6,3,22,0,0,1,0,0,0,0,1,3,6,3,0,3,0
14743,1,12,130,2018,7,2,14,0,0,1,0,0,1,1,3,3,6,3,0,3,0
14744,7,8,709,2018,10,3,12,0,0,1,0,0,0,0,1,2,2,3,0,3,0
14745,1,16,136,2018,6,3,16,0,0,0,0,0,1,0,1,1,6,3,0,3,0
14746,4,2,403,2018,7,5,8,0,0,1,0,0,0,0,1,2,6,3,0,3,0
14747,1,19,140,2018,11,1,15,0,0,1,0,0,0,0,1,3,6,3,0,3,0
14748,3,8,320,2018,8,2,11,0,0,0,0,0,1,1,2,2,6,3,0,3,0
14749,4,2,405,2018,12,7,18,0,0,1,0,0,0,0,1,4,7,3,1,3,0
14750,1,16,136,2018,10,5,17,0,0,1,0,0,0,1,2,2,6,3,0,3,0
14751,6,9,610,2018,6,3,15,0,0,1,0,0,0,1,2,3,6,3,0,3,0
14752,3,6,318,2018,8,6,13,0,1,0,0,0,0,1,2,0,7,3,0,3,0
14753,4,6,414,2018,8,5,16,0,1,0,1,0,0,0,2,6,3,3,0,3,0
14754,3,1,304,2018,9,5,8,0,0,1,0,1,0,0,2,2,6,3,0,3,0
14755,1,7,120,2018,6,6,7,0,0,1,0,0,0,1,2,1,6,3,0,3,0
14756,1,12,130,2018,6,3,16,0,0,1,0,0,0,0,1,2,6,3,0,3,0
14757,4,5,409,2018,7,3,11,0,1,1,0,0,0,0,2,5,3,3,0,3,0
14758,1,6,117,2018,6,5,13,0,0,1,0,0,0,0,1,3,6,3,0,3,0
14759,1,19,140,2018,11,6,8,0,0,1,0,0,0,1,2,3,6,3,0,3,0
14760,3,9,321,2018,12,4,5,0,0,1,0,0,1,0,2,3,6,3,1,3,0
14761,3,8,320,2018,10,2,11,0,0,0,0,0,1,0,1,2,6,3,0,3,0
14762,7,10,711,2018,7,4,9,0,0,1,0,1,0,0,2,1,2,3,0,3,0
14763,3,8,320,2018,8,6,8,0,0,1,0,0,1,0,2,3,6,3,0,3,0
14764,3,6,318,2018,9,4,17,0,1,0,0,0,0,1,2,3,2,3,0,3,0
14765,2,6,218,2018,6,3,16,0,1,1,0,0,0,0,2,4,2,3,0,3,0
14766,4,5,409,2018,9,3,11,0,1,1,0,0,0,0,2,5,2,3,0,3,0
14767,3,4,316,2018,11,1,3,0,0,1,0,0,0,0,1,2,6,3,0,3,0
14768,1,3,106,2018,12,3,10,0,1,0,0,0,0,1,2,3,2,3,1,3,0
14769,2,5,216,2018,10,2,9,0,0,1,0,0,0,1,2,2,6,3,0,3,0
14770,1,8,124,2018,7,3,12,0,0,0,1,0,0,1,2,6,4,3,0,3,0
14771,6,1,601,2018,8,3,17,0,1,1,0,0,0,0,2,5,3,3,0,3,0
14772,4,2,405,2018,11,1,6,0,0,1,0,0,0,0,1,4,1,3,0,3,0
14773,7,12,713,2018,6,2,8,0,0,0,0,1,1,0,2,2,6,3,0,3,0
14774,6,11,612,2018,10,6,18,0,0,1,0,0,0,0,1,2,6,3,0,3,0
14775,7,10,711,2018,6,2,21,0,0,1,0,0,0,0,1,2,6,3,1,3,0
14776,4,2,403,2018,7,2,17,0,0,1,0,0,0,0,1,2,6,3,0,3,0
14777,4,7,417,2018,11,5,14,0,0,1,0,0,1,0,2,3,6,3,1,3,0
14778,1,16,136,2018,8,6,13,0,0,1,0,0,0,0,1,2,6,3,0,3,0
14779,3,6,318,2018,12,4,7,0,0,1,0,0,0,0,1,2,2,3,1,3,0
14780,3,9,321,2018,7,3,12,0,1,0,1,0,0,0,2,6,3,3,0,3,0
14781,1,19,140,2018,8,3,7,0,0,1,0,0,1,0,2,2,6,3,0,1,1
14782,7,10,711,2018,9,2,12,0,0,1,0,0,0,0,1,3,7,3,0,3,0
14783,1,7,119,2018,6,2,8,0,0,1,0,0,0,1,2,1,6,3,0,3,0
14784,2,5,215,2018,9,2,15,0,0,1,0,0,1,0,2,5,3,3,0,3,0
14785,3,6,318,2018,7,1,15,0,1,0,0,0,0,0,1,4,6,3,0,3,0
14786,3,4,316,2018,11,4,14,0,0,1,0,0,0,0,1,2,6,3,0,3,0
14787,1,4,111,2018,12,7,9,0,1,1,0,0,0,0,2,5,3,3,1,3,0
14788,3,8,320,2018,10,6,14,0,0,1,0,0,0,1,2,2,6,3,0,3,0
14789,2,5,216,2018,7,2,8,0,1,1,0,0,0,0,2,3,2,3,0,3,0
14790,2,5,215,2018,8,4,16,0,0,1,0,0,1,0,2,3,6,3,0,3,0
14791,2,5,215,2018,9,2,16,0,1,0,0,0,0,0,1,5,3,3,0,3,0
14792,1,6,117,2018,6,2,9,0,0,1,0,0,1,0,2,5,3,3,0,3,0
14793,1,12,130,2018,9,7,14,0,0,1,0,0,0,0,1,2,6,3,0,3,0
14794,6,1,601,2018,11,6,7,0,0,1,0,0,0,1,2,3,3,3,0,2,1
14795,3,9,321,2018,6,2,16,0,0,1,0,0,0,0,1,2,6,3,0,3,0
14796,6,9,610,2018,12,1,21,0,0,1,0,0,0,0,1,3,6,3,1,3,0
14797,1,6,117,2018,10,6,7,0,0,1,0,1,0,0,2,0,6,3,0,3,0
14798,1,16,136,2018,11,4,6,0,0,1,0,0,1,1,3,2,6,3,0,3,0
14799,2,3,209,2018,12,3,7,0,1,0,0,0,0,0,1,4,6,3,0,3,0
14800,1,1,102,2018,10,2,9,0,0,1,0,1,0,0,2,2,6,3,1,2,1
14801,7,10,711,2018,7,3,18,0,0,1,0,0,0,1,2,2,6,3,0,2,1
14802,1,15,134,2018,8,5,19,0,0,1,0,0,0,0,1,8,1,3,1,3,0
14803,1,4,111,2018,9,3,8,0,1,0,0,0,1,0,2,5,3,3,0,3,0
14804,3,7,319,2018,6,2,23,0,0,1,0,0,0,1,2,3,6,3,0,3,0
14805,6,2,603,2018,9,2,11,0,0,1,0,0,0,0,1,2,6,3,0,3,0
14806,3,7,319,2018,11,7,17,0,0,1,0,0,0,0,1,2,6,3,1,3,0
14807,3,7,319,2018,12,2,8,0,0,1,0,0,0,0,1,2,2,3,1,2,1
14808,4,7,417,2018,10,7,15,0,0,1,0,0,0,0,1,8,7,3,0,3,0
14809,2,6,218,2018,7,2,17,0,0,1,0,0,0,0,1,3,6,3,0,2,1
14810,3,8,320,2018,11,6,18,0,1,1,0,0,0,0,2,5,3,3,1,3,0
14811,1,15,134,2018,8,3,9,0,0,1,0,0,0,1,2,2,6,3,0,3,0
14812,4,8,418,2018,12,2,8,0,0,0,1,1,0,0,2,6,7,3,1,3,0
14813,7,1,702,2018,10,3,19,0,0,1,1,0,0,0,2,6,2,3,1,3,0
14814,3,4,316,2018,6,2,10,0,0,1,0,0,0,0,1,2,6,3,0,3,0
14815,3,9,321,2018,10,5,14,0,0,1,0,0,1,0,2,3,6,3,1,3,0
14816,7,10,711,2018,6,1,12,0,1,1,0,0,0,0,2,3,2,3,0,2,1
14817,3,7,319,2018,7,7,17,0,0,1,0,0,0,0,1,5,3,3,0,3,0
14818,4,5,409,2018,11,4,14,0,1,1,0,0,0,0,2,5,5,3,0,3,0
14819,3,8,320,2018,12,2,11,0,0,1,0,0,1,0,2,3,6,3,1,3,0
14820,3,9,321,2018,7,2,7,0,0,1,0,0,0,0,1,3,2,3,0,3,0
14821,4,5,412,2018,8,2,15,0,1,1,0,0,0,0,2,3,2,3,0,2,1
14822,2,5,216,2018,9,2,16,0,1,1,0,0,0,0,2,3,2,3,0,3,0
14823,6,9,610,2018,6,1,9,0,0,1,0,0,0,0,1,2,6,3,0,3,0
14824,3,7,319,2018,9,1,11,0,0,1,0,0,0,0,1,2,6,3,0,3,0
14825,2,14,227,2018,6,7,9,0,0,1,0,0,0,0,1,3,6,3,0,3,0
14826,1,8,125,2018,11,3,14,0,0,1,0,0,0,1,2,2,6,3,1,3,0
14827,6,1,601,2018,12,5,7,0,1,0,0,0,0,1,2,3,2,3,0,3,0
14828,7,13,714,2018,10,5,13,0,1,1,0,0,0,0,2,5,3,3,1,3,0
14829,1,16,136,2018,7,1,15,0,0,1,0,0,0,0,1,8,7,3,0,3,0
14830,1,4,110,2018,8,3,17,0,1,0,0,0,1,0,2,2,6,3,0,3,0
14831,1,14,133,2018,9,6,19,0,0,1,0,1,0,0,2,3,6,3,0,2,1
14832,1,6,117,2018,6,1,16,0,1,1,0,0,0,0,2,5,2,3,0,3,0
14833,2,13,226,2018,8,6,7,0,0,1,0,0,0,0,1,3,6,3,0,3,0
14834,3,6,318,2018,11,6,17,0,0,1,0,0,0,0,1,2,6,3,1,3,0
14835,2,3,209,2018,6,1,17,0,0,0,1,0,0,1,2,6,4,3,0,3,0
14836,1,2,104,2018,10,5,17,0,0,1,0,1,0,0,2,2,6,3,0,3,0
14837,4,7,417,2018,7,7,15,0,1,0,0,0,0,0,1,0,6,3,0,3,0
14838,3,8,320,2018,11,5,6,0,0,1,1,0,0,0,2,6,2,3,1,3,0
14839,4,6,414,2018,8,5,16,0,0,1,0,0,0,0,1,3,7,3,0,3,0
14840,3,8,320,2018,12,4,11,0,0,1,0,0,0,0,1,2,6,3,1,3,0
14841,7,7,708,2018,10,7,5,0,0,0,0,0,1,1,2,2,6,3,0,3,0
14842,7,10,711,2018,6,7,18,0,0,1,0,0,0,1,2,2,6,3,0,3,0
14843,3,7,319,2018,9,7,14,0,0,1,0,0,0,0,1,2,6,3,0,3,0
14844,7,9,710,2018,6,7,9,0,0,1,0,0,0,0,1,3,6,3,0,3,0
14845,7,2,703,2018,7,4,11,0,0,1,0,0,0,0,1,2,6,3,0,3,0
14846,7,10,711,2018,11,7,7,0,0,1,0,0,0,0,1,9,1,3,1,3,0
14847,1,7,120,2018,7,1,18,0,0,1,0,1,0,0,2,4,2,3,0,3,0
14848,1,1,102,2018,11,6,23,0,0,1,0,0,0,0,1,2,6,3,0,3,0
14849,7,13,714,2018,8,7,9,0,0,1,1,0,0,0,2,6,4,3,0,3,0
14850,3,8,320,2018,12,6,19,0,0,1,0,0,1,0,2,5,3,3,1,3,0
14851,1,1,102,2018,10,3,16,0,0,1,0,0,0,0,1,2,6,3,0,3,0
14852,7,1,701,2018,6,7,20,0,1,1,0,0,0,0,2,5,3,3,0,3,0
14853,4,2,405,2018,10,3,17,0,0,1,0,0,0,0,1,4,6,3,0,2,1
14854,3,7,319,2018,6,7,10,0,0,1,0,1,0,0,2,2,6,3,0,3,0
14855,1,16,136,2018,7,5,16,0,0,1,0,0,0,0,1,3,6,3,0,3,0
14856,2,5,216,2018,11,3,17,0,0,1,0,0,1,0,2,5,3,3,0,3,0
14857,6,9,610,2018,12,6,7,0,0,1,0,0,0,0,1,2,6,3,0,3,0
14858,6,11,612,2018,7,1,5,0,0,1,0,0,0,0,1,2,6,3,0,3,0
14859,3,5,317,2018,8,2,9,0,1,1,0,0,0,0,2,5,3,3,0,3,0
14860,4,12,431,2018,9,7,17,0,0,1,0,0,0,0,1,3,6,3,0,3,0
14861,4,2,405,2018,6,7,13,0,0,1,0,0,0,0,1,2,6,3,0,3,0
14862,1,16,136,2018,9,6,12,0,0,1,0,0,1,0,2,3,6,3,0,3,0
14863,6,9,610,2018,6,6,16,0,0,0,0,1,0,1,2,0,7,3,0,2,1
14864,1,4,111,2018,6,5,16,0,1,1,0,0,0,0,2,2,2,3,0,3,0
14865,7,14,715,2018,11,2,10,0,0,1,0,0,0,0,1,1,6,3,1,3,0
14866,1,1,102,2018,12,5,11,0,1,1,0,0,0,0,2,5,3,3,1,3,0
14867,4,8,419,2018,10,4,7,0,0,1,0,0,0,0,1,3,7,3,1,3,0
14868,4,13,432,2018,7,6,17,0,0,1,0,1,0,0,2,3,5,3,0,3,0
14869,6,2,602,2018,8,1,11,0,0,1,0,0,0,0,1,5,2,3,0,3,0
14870,1,19,140,2018,9,4,11,0,0,1,0,0,1,0,2,3,6,3,0,3,0
14871,1,19,140,2018,8,5,14,0,0,1,0,0,1,0,2,2,3,3,1,3,0
14872,6,2,603,2018,11,5,14,0,0,1,1,0,0,0,2,6,7,3,0,3,0
14873,7,1,702,2018,6,6,8,0,0,1,0,0,0,0,1,8,1,3,0,2,1
14874,2,13,226,2018,10,4,7,0,0,1,0,0,0,0,1,2,6,3,0,3,0
14875,2,14,227,2018,6,6,13,0,1,1,0,0,0,0,2,4,2,3,0,3,0
14876,1,15,134,2018,7,5,11,0,0,1,0,0,1,0,2,3,6,3,0,3,0
14877,6,9,610,2018,11,3,7,0,0,1,0,0,0,0,1,2,6,3,0,3,0
14878,7,1,701,2018,8,4,16,0,0,1,0,0,0,0,1,3,5,3,0,3,0
14879,7,10,711,2018,12,7,16,0,0,1,1,0,0,0,2,6,4,3,1,2,1
14880,7,14,715,2018,10,6,17,0,0,1,0,0,0,0,1,5,3,3,1,2,1
14881,6,10,611,2018,6,5,5,0,0,0,0,0,1,1,2,2,6,3,0,3,0