SN,District,Imperial_Circle,Community,Year,Month,Weekday,Hour,Road,Cycle,Car,Pedestrians,Motorcycle,Goods Vehicle,Others,Total,Collision Type,Accident Type,Light Condition,Road Condition,Accident_Severity,Severity
14882,1,16,136,2018,8,6,14,0,0,1,0,0,0,0,1,2,6,3,0,3,0
14883,7,10,711,2018,9,5,14,0,0,1,0,0,0,1,2,3,6,3,0,3,0
14884,1,19,140,2018,6,6,14,0,0,1,0,0,0,0,1,2,6,3,0,3,0
14885,1,14,132,2018,6,5,11,0,0,1,0,0,0,0,1,1,6,3,0,3,0
14886,7,14,715,2018,7,3,14,0,0,1,0,0,0,0,1,5,3,3,0,3,0
14887,1,3,107,2018,6,5,0,0,0,1,0,0,0,0,1,2,6,3,0,3,0
14888,1,7,119,2018,11,6,13,0,0,1,0,0,1,0,2,3,6,3,0,3,0
14889,1,16,136,2018,12,4,17,0,0,1,0,0,0,1,2,2,6,3,0,3,0
14890,1,6,117,2018,10,2,8,0,0,1,0,0,0,0,1,5,3,3,1,3,0
14891,1,6,117,2018,7,5,13,0,0,1,0,0,0,0,1,5,3,3,0,3,0
14892,6,10,611,2018,8,6,15,0,0,1,0,0,1,0,2,2,6,3,0,3,0
14893,7,1,701,2018,9,4,16,0,0,1,0,0,1,0,2,3,6,3,0,2,1
14894,4,7,417,2018,6,5,17,0,0,1,0,0,0,0,1,2,6,3,0,3,0
14895,7,2,703,2018,9,3,13,0,0,1,0,0,1,0,2,2,6,3,0,2,1
14896,3,6,318,2018,11,2,15,0,0,1,0,0,0,0,1,4,6,3,1,2,1
14897,4,4,407,2018,12,3,9,0,0,1,0,0,0,0,1,1,6,3,1,3,0
14898,1,7,120,2018,10,2,13,0,0,1,0,0,0,1,2,0,6,3,0,3,0
14899,3,5,317,2018,7,5,11,0,1,0,1,0,0,0,2,0,6,3,0,3,0
14900,3,7,319,2018,12,6,22,0,0,1,1,0,0,0,2,6,2,3,0,2,1
14901,3,1,306,2018,6,4,15,0,1,1,0,0,0,0,2,4,2,3,0,3,0
14902,4,4,407,2018,7,6,0,0,0,1,1,1,0,0,3,6,4,3,0,2,1
14903,1,12,130,2018,8,7,13,0,0,1,0,0,0,0,1,3,6,3,0,3,0
14904,3,5,317,2018,9,6,17,0,0,1,1,0,0,0,2,6,4,3,0,2,1
14905,2,5,216,2018,6,5,15,0,1,0,0,0,0,1,2,5,2,3,0,2,1
14906,4,2,405,2018,9,5,8,0,0,1,0,0,0,0,1,1,6,3,0,3,0
14907,1,8,121,2018,11,2,9,0,0,1,0,0,0,0,1,5,3,3,1,3,0
14908,3,4,316,2018,12,4,8,0,1,1,0,0,0,0,2,4,2,3,0,3,0
14909,2,7,219,2018,10,4,17,0,0,1,0,0,0,1,2,3,6,3,0,3,0
14910,6,2,603,2018,7,5,23,0,0,1,0,0,0,0,1,7,7,3,0,3,0
14911,3,1,304,2018,8,5,18,0,0,0,0,1,0,0,1,0,7,3,0,3,0
14912,2,5,215,2018,11,4,6,0,0,1,0,0,1,0,2,3,6,3,0,3,0
14913,2,1,206,2018,6,5,15,0,0,1,0,0,0,0,1,5,3,3,0,3,0
14914,3,9,321,2018,10,3,1,0,0,1,0,0,1,0,2,2,6,3,0,3,0
14915,7,10,711,2018,6,4,15,0,0,1,1,0,0,0,2,2,4,3,0,3,0
14916,4,3,406,2018,7,4,23,0,0,1,0,0,0,0,1,2,6,3,1,3,0
14917,3,8,320,2018,11,7,23,0,0,1,0,0,0,0,1,2,6,3,0,3,0
14918,1,3,106,2018,8,2,8,0,1,0,0,0,0,0,1,3,6,3,1,3,0
14919,7,10,711,2018,12,6,14,0,1,1,0,0,0,0,2,5,3,3,1,3,0
14920,1,19,140,2018,10,5,16,0,0,1,0,0,0,0,1,2,6,3,0,3,0
14921,6,2,602,2018,6,4,16,0,1,1,0,0,0,0,2,3,2,3,0,3,0
14922,7,14,715,2018,8,5,16,0,0,1,0,0,0,0,1,2,6,3,0,3,0
14923,4,2,405,2018,8,5,10,0,1,0,0,0,1,0,2,3,2,3,0,3,0
14924,4,7,417,2018,9,4,7,0,1,1,0,0,0,0,2,3,2,3,0,3,0
14925,1,6,117,2018,6,5,20,0,0,0,0,1,0,0,1,0,1,3,0,3,0
14926,2,5,217,2018,6,4,16,0,1,1,0,0,0,0,2,1,7,3,0,3,0
14927,2,5,216,2018,7,3,22,0,0,1,0,0,0,1,2,0,7,3,0,3,0
14928,2,12,225,2018,11,5,15,0,1,1,0,0,0,0,2,3,2,3,0,3,0
14929,2,7,219,2018,12,3,11,0,0,0,0,0,1,0,1,2,6,3,0,3,0
14930,2,5,216,2018,10,2,14,0,1,1,0,0,0,0,2,5,2,3,0,3,0
14931,2,9,221,2018,7,4,10,0,0,0,0,0,0,1,1,2,6,3,0,3,0
14932,2,5,215,2018,8,6,9,0,0,1,0,0,0,1,2,2,6,3,0,3,0
14933,2,3,208,2018,9,4,9,0,0,1,0,0,0,0,1,3,6,3,0,3,0
14934,2,5,217,2018,6,4,15,0,0,1,0,0,0,0,1,2,6,3,0,3,0
14935,1,3,107,2018,9,3,8,0,1,0,0,0,0,0,1,2,6,3,0,2,1
14936,3,9,321,2018,11,7,22,0,0,1,0,0,0,0,1,2,6,3,1,3,0
14937,3,8,320,2018,12,2,17,0,0,1,0,0,0,0,1,5,2,3,1,3,0
14938,2,5,215,2018,10,2,19,0,0,1,0,0,0,1,2,2,6,3,0,3,0
14939,7,10,711,2018,7,2,17,0,0,1,0,0,0,0,1,2,6,3,0,3,0
14940,1,2,104,2018,8,3,15,0,0,1,0,0,0,0,1,2,6,3,0,3,0
14941,1,4,110,2018,11,6,14,0,0,1,0,0,0,1,2,0,6,3,0,3,0
14942,2,5,216,2018,6,4,14,0,0,1,0,1,0,0,2,1,6,3,0,3,0
14943,2,9,221,2018,10,6,22,0,0,1,0,0,0,0,1,1,6,3,0,3,0
14944,3,8,320,2018,6,4,8,0,1,1,0,0,0,0,2,4,2,3,0,3,0
14945,2,9,221,2018,7,1,7,0,0,1,0,0,0,1,2,3,6,3,0,3,0
14946,3,9,321,2018,11,5,9,0,0,1,0,0,0,1,2,4,2,3,1,3,0
14947,3,6,318,2018,12,3,16,0,0,1,0,0,0,0,1,2,6,3,0,3,0
14948,3,9,321,2018,8,4,22,0,0,1,0,1,0,0,2,5,2,3,0,2,1
14949,6,1,601,2018,11,2,8,0,0,1,0,0,0,1,2,2,6,3,1,3,0
14950,3,5,317,2018,6,4,14,0,1,1,0,0,0,0,2,5,2,3,0,3,0
14951,1,3,106,2018,10,7,15,0,0,1,0,0,0,0,1,2,6,3,0,3,0
14952,7,13,714,2018,6,3,5,0,0,1,0,1,0,0,2,1,5,3,0,2,1
14953,3,4,316,2018,7,3,9,0,1,1,0,0,0,0,2,3,2,3,1,3,0
14954,3,8,320,2018,11,6,19,0,0,1,0,0,1,0,2,3,6,3,0,3,0
14955,3,1,304,2018,8,7,17,0,1,1,0,0,0,0,2,5,3,3,0,3,0
14956,6,1,601,2018,12,4,10,0,0,1,1,0,0,0,2,6,4,3,1,3,0
14957,2,5,216,2018,10,4,19,0,0,1,0,0,0,0,1,2,6,3,0,3,0
14958,7,2,703,2018,6,3,7,0,0,1,0,0,1,0,2,2,2,3,0,3,0
14959,1,7,119,2018,8,4,13,0,0,1,0,0,0,1,2,1,6,3,0,3,0
14960,1,7,119,2018,8,3,8,0,0,1,0,0,0,0,1,2,6,3,0,3,0
14961,1,14,132,2018,9,3,9,0,0,1,0,0,1,0,2,3,6,3,0,3,0
14962,2,9,221,2018,6,3,14,0,1,0,0,0,0,0,1,2,6,3,0,3,0
14963,2,5,215,2018,7,2,19,0,0,1,0,0,0,1,2,5,3,3,0,3,0
14964,1,7,120,2018,11,4,8,0,1,1,0,0,0,0,2,4,2,3,0,3,0
14965,2,5,215,2018,12,2,9,0,1,1,0,0,0,0,2,5,3,3,1,3,0
14966,3,7,319,2018,10,7,11,0,1,1,0,0,0,0,2,5,3,3,0,3,0
14967,4,7,417,2018,7,3,9,0,0,1,0,0,0,1,2,0,5,3,0,3,0
14968,3,8,320,2018,8,5,11,0,0,1,0,0,0,0,1,4,2,3,0,3,0
14969,7,10,711,2018,9,2,9,0,0,1,0,0,0,0,1,2,6,3,0,3,0
14970,2,7,219,2018,6,3,16,0,0,1,0,0,0,1,2,2,6,3,0,3,0
14971,3,9,321,2018,9,2,17,0,0,1,0,0,0,0,1,2,2,3,0,3,0
14972,1,3,106,2018,11,7,19,0,0,1,0,0,0,0,1,4,3,3,1,3,0
14973,3,7,319,2018,6,3,18,0,0,1,0,0,0,0,1,2,6,3,0,3,0
14974,4,2,403,2018,12,2,10,0,0,1,0,0,0,0,1,9,1,3,1,3,0
14975,7,10,711,2018,10,6,19,0,1,1,0,0,0,0,2,5,3,3,0,3,0
14976,3,4,316,2018,7,2,22,0,0,1,0,1,0,0,2,4,2,3,0,2,1
14977,3,9,321,2018,11,6,13,0,0,1,0,0,0,0,1,2,6,3,0,3,0
14978,7,14,715,2018,8,2,14,0,0,1,0,0,0,1,2,2,6,3,1,3,0
14979,1,1,101,2018,12,1,14,0,0,1,0,0,0,0,1,5,7,3,0,3,0
14980,2,13,226,2018,10,3,17,0,0,1,0,0,0,0,1,3,6,3,0,3,0
14981,4,2,405,2018,6,3,16,0,1,0,0,0,0,0,1,0,1,3,0,3,0
14982,1,4,111,2018,10,4,23,0,0,1,0,0,0,0,1,5,7,3,1,3,0
14983,1,1,102,2018,6,3,0,0,0,1,0,0,1,0,2,3,6,3,0,3,0
14984,3,9,321,2018,7,6,15,0,0,1,0,1,0,0,2,0,6,3,0,3,0
14985,4,5,409,2018,6,3,18,0,0,0,1,0,0,1,2,6,4,3,0,3,0
14986,7,14,715,2018,6,6,20,0,0,1,0,0,0,0,1,5,3,3,1,3,0
14987,2,5,215,2018,11,4,16,0,0,1,0,0,0,0,1,2,6,3,0,3,0
14988,1,4,110,2018,12,2,8,0,1,1,0,0,0,0,2,3,2,3,0,3,0
14989,2,5,216,2018,7,2,17,0,0,1,0,0,0,0,1,2,6,3,0,3,0
14990,2,12,225,2018,8,2,20,0,0,1,0,0,0,0,1,8,1,3,1,2,1
14991,6,2,602,2018,9,1,15,0,0,1,1,0,0,0,2,1,7,3,0,3,0
14992,7,9,710,2018,6,2,18,0,0,1,0,0,1,1,3,3,6,3,0,2,1
14993,7,13,714,2018,9,7,15,0,0,1,0,0,1,0,2,8,7,3,0,2,1
14994,3,1,304,2018,6,7,11,0,0,1,0,0,0,1,2,2,6,3,0,3,0
14995,3,7,319,2018,11,3,7,0,0,1,0,0,0,0,1,2,6,3,1,3,0
14996,1,19,140,2018,12,5,16,0,0,1,0,0,0,0,1,2,6,3,1,3,0
14997,7,14,715,2018,10,4,22,0,0,1,0,0,0,0,1,2,6,3,0,3,0
14998,2,5,216,2018,7,1,11,0,0,1,0,0,0,0,1,3,6,3,0,3,0
14999,1,6,115,2018,8,2,18,0,0,1,0,0,0,0,1,2,6,3,0,3,0
15000,3,9,321,2018,9,6,17,0,0,1,0,0,0,0,1,2,6,3,0,2,1
15001,3,1,304,2018,7,3,5,0,0,1,0,1,0,0,2,0,6,3,0,3,0
15002,1,1,102,2018,8,3,8,0,1,1,0,0,0,0,2,5,3,3,0,3,0
15003,1,11,129,2018,9,2,17,0,0,1,0,0,0,0,1,2,6,3,0,3,0
15004,6,2,603,2018,6,2,17,0,0,1,0,0,0,1,2,2,6,3,0,3,0
15005,1,6,117,2018,9,1,1,0,0,1,0,0,0,0,1,1,6,3,1,3,0
15006,7,14,715,2018,6,7,14,0,0,1,0,1,0,0,2,0,2,3,0,3,0
15007,1,16,136,2018,11,3,7,0,0,1,0,0,0,0,1,2,6,3,1,3,0
15008,2,9,221,2018,12,6,18,0,0,1,0,0,0,0,1,5,3,3,1,2,1
15009,2,5,216,2018,10,6,5,0,0,1,0,0,0,0,1,2,6,3,0,3,0
15010,3,7,319,2018,7,2,16,0,0,1,0,1,0,0,2,5,2,3,0,3,0
15011,1,3,107,2018,8,4,22,0,1,0,1,0,0,0,2,6,7,3,0,3,0
15012,3,9,321,2018,9,1,0,0,0,1,0,0,0,0,1,2,6,3,0,3,0
15013,1,12,130,2018,6,2,10,0,0,0,0,0,1,0,1,2,6,3,0,3,0
15014,3,9,321,2018,9,7,13,0,0,1,0,0,0,0,1,4,2,3,0,3,0
15015,4,8,418,2018,11,6,13,0,0,0,0,1,0,0,1,0,1,3,1,3,0
15016,2,9,221,2018,6,2,18,0,1,1,0,0,0,0,2,3,2,3,0,3,0
15017,3,5,317,2018,12,1,0,0,1,0,1,0,0,0,2,6,4,3,1,3,0
15018,3,4,316,2018,10,6,16,0,1,0,0,0,0,0,1,7,1,3,0,3,0
15019,4,7,417,2018,7,1,18,0,0,1,0,0,0,0,1,3,6,3,0,3,0
15020,1,14,132,2018,11,5,8,0,0,1,0,0,0,0,1,2,6,3,1,3,0
15021,3,7,319,2018,8,7,13,0,0,1,0,0,0,0,1,2,6,3,1,3,0
15022,2,3,209,2018,12,6,14,0,0,1,0,0,0,0,1,2,6,3,0,3,0
15023,7,1,702,2018,10,1,18,0,0,1,0,0,0,0,1,3,2,3,1,3,0
15024,2,6,218,2018,6,2,20,0,0,1,0,0,0,0,1,2,6,3,0,3,0
15025,1,11,128,2018,9,1,2,0,0,1,1,0,0,0,2,6,4,3,0,1,1
15026,2,3,209,2018,6,2,8,0,1,1,0,0,1,0,3,3,6,3,0,3,0
15027,4,8,418,2018,7,5,18,0,0,1,0,1,0,0,2,3,7,3,0,3,0
15028,4,6,415,2018,6,3,14,0,1,0,0,0,0,0,1,4,6,3,0,3,0
15029,7,2,703,2018,11,2,5,0,0,1,0,0,0,0,1,2,2,3,0,3,0
15030,4,4,407,2018,12,6,8,0,0,1,0,0,0,0,1,5,3,3,0,3,0
15031,7,9,710,2018,7,6,15,0,0,1,0,0,0,0,1,2,6,3,0,3,0
15032,1,16,136,2018,8,1,15,0,0,1,0,0,0,0,1,2,6,3,0,3,0
15033,6,1,601,2018,9,6,17,0,0,1,0,0,0,0,1,2,6,3,1,3,0
15034,1,2,104,2018,6,1,14,0,0,0,0,1,0,0,1,1,6,3,0,2,1
15035,3,4,316,2018,9,6,22,0,1,0,1,0,0,0,2,6,7,3,0,2,1
15036,6,2,603,2018,6,6,11,0,1,1,0,0,0,0,2,3,2,3,0,3,0
15037,7,14,715,2018,6,4,19,0,0,1,0,1,0,0,2,5,7,3,0,2,1
15038,6,2,603,2018,11,2,6,0,0,1,0,0,0,0,1,2,6,3,1,3,0
15039,3,8,320,2018,12,4,10,0,0,1,0,0,1,0,2,3,6,3,0,3,0
15040,3,8,320,2018,10,4,16,0,0,1,0,0,0,0,1,9,1,3,0,3,0
15041,2,5,216,2018,7,6,17,0,0,0,0,1,0,0,1,0,1,3,0,3,0
15042,7,14,715,2018,8,7,12,0,0,1,0,0,0,0,1,2,2,3,0,3,0
15043,1,1,102,2018,9,4,8,0,1,0,0,0,0,1,2,4,2,3,1,3,0
15044,4,1,402,2018,8,5,21,0,1,0,0,1,0,0,2,4,6,3,0,3,0
15045,3,5,317,2018,11,5,21,0,0,1,0,0,0,0,1,5,3,3,0,3,0
15046,3,9,321,2018,6,1,20,0,0,1,0,1,0,0,2,3,2,3,0,3,0
15047,4,2,403,2018,10,4,22,0,1,0,0,1,0,0,2,5,3,3,0,3,0
15048,7,14,715,2018,6,7,14,0,0,1,0,0,0,1,2,2,6,3,0,3,0
15049,2,6,218,2018,7,5,16,0,1,1,0,0,0,0,2,0,2,3,0,3,0
15050,2,14,227,2018,6,3,11,0,0,1,0,0,0,0,1,2,6,3,0,3,0
15051,1,19,140,2018,11,2,6,0,0,0,0,1,0,0,1,0,1,3,1,3,0
15052,2,9,221,2018,8,3,18,0,0,1,0,0,0,0,1,5,3,3,0,3,0
15053,2,5,216,2018,12,7,11,0,0,1,0,0,0,0,1,2,6,3,1,3,0
15054,2,3,208,2018,10,6,19,0,1,0,1,0,0,0,2,6,6,3,1,3,0
15055,4,5,409,2018,6,7,16,0,1,1,0,0,0,0,2,4,6,3,0,3,0
15056,3,8,320,2018,8,6,11,0,0,1,0,1,0,0,2,2,6,3,0,3,0
15057,1,3,106,2018,8,6,19,0,0,1,0,0,0,0,1,2,6,3,0,3,0
15058,3,9,321,2018,6,7,1,0,0,1,0,0,0,0,1,4,2,3,0,2,1
15059,1,16,136,2018,8,5,7,0,0,0,0,1,0,0,1,0,1,3,1,2,1
15060,3,4,316,2018,11,6,11,0,1,0,0,0,0,1,2,0,3,3,0,3,0
15061,1,16,136,2018,6,6,13,0,0,1,0,1,0,1,3,2,6,3,0,2,1
15062,3,1,306,2018,10,5,16,0,1,1,0,0,0,1,3,1,5,3,0,3,0
15063,2,3,209,2018,6,6,10,0,0,1,0,0,0,0,1,2,6,3,0,3,0
15064,7,2,703,2018,7,6,13,0,0,1,0,0,0,0,1,2,6,3,0,3,0
15065,1,1,102,2018,11,5,11,0,0,1,0,0,0,1,2,5,3,3,1,3,0
15066,3,7,319,2018,8,5,11,0,0,1,0,0,0,1,2,2,6,3,0,3,0
15067,2,3,208,2018,12,4,21,0,0,0,1,0,0,1,2,6,4,3,0,3,0
15068,7,9,710,2018,10,7,6,0,0,1,0,0,1,0,2,2,6,3,1,3,0
15069,7,10,711,2018,6,5,6,0,0,1,0,0,0,0,1,5,3,3,0,3,0
15070,4,8,418,2018,9,6,17,0,0,1,0,1,0,0,2,2,6,3,1,3,0
15071,1,6,115,2018,6,5,5,0,0,1,0,0,0,0,1,2,6,3,0,3,0
15072,1,6,117,2018,7,4,13,0,1,0,1,0,0,0,2,6,4,3,0,3,0
15073,1,3,107,2018,6,3,17,0,0,1,0,0,0,0,1,2,6,3,0,3,0
15074,1,1,101,2018,11,7,11,0,0,1,0,0,0,0,1,2,6,3,0,3,0
15075,1,6,115,2018,12,5,18,0,1,1,0,0,0,0,2,5,3,3,0,3,0
15076,7,7,708,2018,7,5,11,0,0,1,0,0,0,0,1,2,6,3,0,3,0
15077,4,2,405,2018,8,7,12,0,0,1,0,0,0,0,1,9,1,3,1,3,0
15078,7,14,715,2018,9,5,18,0,0,1,0,0,0,0,1,2,6,3,0,3,0
15079,2,12,225,2018,6,5,19,0,1,1,0,0,0,0,2,5,3,3,0,3,0
15080,3,5,317,2018,9,4,15,0,1,0,0,0,0,0,1,5,3,3,0,3,0
15081,3,9,321,2018,11,2,11,0,0,1,0,1,0,0,2,3,6,3,1,3,0
15082,1,15,134,2018,12,3,17,0,0,1,1,0,0,0,2,6,4,3,0,3,0
15083,7,10,711,2018,10,2,13,0,1,1,0,0,0,0,2,5,2,3,0,3,0
15084,1,12,130,2018,7,5,7,0,0,1,0,0,0,0,1,2,6,3,0,3,0
15085,2,1,206,2018,8,5,12,0,0,1,0,0,0,1,2,2,6,3,1,3,0
15086,1,4,111,2018,11,4,14,0,1,1,0,0,0,0,2,5,3,3,0,3,0
15087,2,6,218,2018,6,5,19,0,1,1,0,0,0,0,2,5,2,3,0,3,0
15088,4,8,418,2018,10,2,17,0,1,0,0,0,0,0,1,4,6,3,0,3,0
15089,3,4,316,2018,6,5,5,0,1,0,0,0,0,0,1,5,3,3,0,3,0
15090,3,1,306,2018,7,4,18,0,0,1,0,0,0,1,2,2,6,3,1,3,0
15091,1,1,102,2018,6,3,8,0,1,0,0,0,0,0,1,4,6,3,0,3,0
15092,1,3,106,2018,11,7,19,0,0,1,0,0,0,1,2,3,6,3,0,3,0
15093,7,2,703,2018,8,7,12,0,0,1,0,0,0,0,1,2,6,3,0,3,0
15094,2,9,221,2018,12,6,16,0,0,1,1,0,0,0,2,6,2,3,1,3,0
15095,1,12,130,2018,10,4,9,0,0,1,0,0,0,0,1,2,6,3,1,3,0
15096,2,3,208,2018,6,5,16,0,0,1,0,1,0,0,2,5,2,3,0,3,0
15097,1,6,117,2018,8,5,7,0,1,1,0,0,0,0,2,5,3,3,0,3,0
15098,2,5,215,2018,8,4,13,0,0,1,0,0,0,0,1,8,7,3,0,3,0
15099,1,1,102,2018,9,4,14,0,0,1,0,1,0,0,2,3,6,3,0,3,0
15100,7,14,715,2018,6,4,16,0,1,0,0,0,0,1,2,5,2,3,0,3,0
15101,7,13,714,2018,7,2,11,0,0,1,0,0,0,1,2,1,6,3,0,3,0
15102,7,14,715,2018,6,2,17,0,1,1,0,0,0,0,2,5,3,3,0,3,0
15103,1,16,136,2018,11,4,17,0,0,1,0,0,1,0,2,3,6,3,0,3,0
15104,3,6,318,2018,12,3,11,0,0,0,0,1,0,0,1,0,1,3,1,2,1
15105,1,3,106,2018,10,2,15,0,0,1,0,0,0,1,2,2,6,3,0,3,0
15106,2,3,208,2018,7,4,10,0,1,1,0,0,0,0,2,3,2,3,0,3,0
15107,7,10,711,2018,8,5,14,0,0,1,0,0,0,0,1,2,6,3,0,3,0
15108,3,7,319,2018,9,3,15,0,0,1,0,0,1,0,2,2,6,3,0,3,0
15109,6,11,612,2018,6,3,5,0,0,1,0,0,1,0,2,3,6,3,0,3,0
15110,1,16,136,2018,9,2,13,0,0,1,0,0,0,0,1,9,7,3,0,3,0
15111,4,2,403,2018,9,5,14,0,0,1,0,0,0,0,1,5,3,3,0,3,0
15112,6,9,610,2018,6,3,14,0,0,1,0,0,0,0,1,0,7,3,0,3,0
15113,1,16,136,2018,7,3,9,0,0,1,0,0,0,0,1,1,6,3,0,3,0
15114,2,7,219,2018,11,6,16,0,0,1,0,0,0,0,1,2,6,3,0,3,0
15115,1,6,117,2018,12,4,15,0,0,1,0,1,0,0,2,3,6,3,1,3,0
15116,4,6,415,2018,10,2,14,0,0,1,0,1,0,0,2,2,6,3,0,3,0
15117,1,4,111,2018,7,5,19,0,1,0,1,0,0,0,2,6,3,3,0,3,0
15118,4,7,417,2018,8,6,16,0,0,1,1,0,0,0,2,6,4,3,0,3,0
15119,2,5,215,2018,9,4,11,0,0,1,0,0,1,0,2,3,6,3,0,3,0
15120,3,6,318,2018,6,3,19,0,1,1,0,0,0,0,2,5,3,3,0,3,0
15121,6,10,611,2018,9,3,8,0,0,1,0,0,0,0,1,2,6,3,0,3,0
15122,3,8,320,2018,11,1,18,0,0,1,0,0,0,0,1,4,2,3,1,3,0
15123,1,4,111,2018,12,3,12,0,0,1,0,0,0,1,2,2,6,3,0,3,0
15124,3,8,320,2018,10,2,20,0,1,1,0,0,0,0,2,4,2,3,0,2,1
15125,1,1,102,2018,7,4,17,0,1,1,0,0,0,0,2,3,7,3,0,2,1
15126,2,3,209,2018,8,4,11,0,1,1,0,0,0,0,2,3,2,3,0,3,0
15127,1,3,106,2018,11,2,14,0,0,1,0,0,0,1,2,4,2,3,0,3,0
15128,4,4,407,2018,6,3,20,0,1,1,0,0,0,0,2,5,3,3,0,2,1
15129,1,16,136,2018,10,6,13,0,0,1,0,0,0,0,1,2,6,3,0,3,0
15130,1,2,104,2018,6,2,10,0,0,1,0,0,1,0,2,3,6,3,0,3,0
15131,6,2,602,2018,7,2,17,0,0,1,0,0,0,1,2,2,6,3,0,3,0
15132,7,13,714,2018,6,2,19,0,0,1,0,0,1,0,2,5,2,3,1,3,0
15133,3,7,319,2018,11,6,8,0,0,1,0,0,1,0,2,5,3,3,0,3,0
15134,7,9,710,2018,8,6,13,0,0,1,0,0,0,0,1,2,6,3,0,3,0
15135,4,7,417,2018,12,4,18,0,0,1,0,0,0,0,1,5,3,3,1,2,1
15136,3,7,319,2018,10,4,21,0,0,1,0,0,0,0,1,3,6,3,1,2,1
15137,1,6,115,2018,6,2,9,0,0,1,1,0,0,0,2,6,4,3,0,3,0
15138,1,2,104,2018,7,3,8,0,1,0,0,0,0,0,1,3,6,3,0,3,0
15139,3,8,320,2018,8,3,19,0,0,1,0,0,1,0,2,5,3,3,0,3,0
15140,7,7,708,2018,9,2,12,0,0,1,0,0,0,0,1,9,1,3,1,3,0
15141,4,4,407,2018,6,2,8,0,0,1,0,0,0,0,1,2,6,3,0,3,0
15142,1,12,130,2018,9,2,19,0,0,1,0,0,0,0,1,2,6,3,0,3,0
15143,2,5,215,2018,7,2,13,0,0,1,0,0,0,0,1,2,6,3,0,3,0
15144,3,7,319,2018,11,4,6,0,0,1,0,0,1,0,2,2,6,3,0,3,0
15145,2,3,209,2018,12,2,12,0,0,1,0,0,0,0,1,2,6,3,1,3,0
15146,1,14,132,2018,10,6,22,0,0,1,0,0,0,0,1,2,6,3,0,3,0
15147,4,6,415,2018,7,2,7,0,0,1,0,1,0,0,2,2,6,3,0,3,0
15148,7,10,711,2018,8,4,12,0,0,1,0,1,0,0,2,0,6,3,0,3,0
15149,3,9,321,2018,9,2,16,0,0,1,0,1,0,0,2,0,7,3,0,3,0
15150,2,3,209,2018,6,2,14,0,1,0,0,0,0,1,2,3,6,3,0,3,0
15151,7,10,711,2018,9,7,17,0,0,1,0,0,0,0,1,5,3,3,0,3,0
15152,7,9,710,2018,11,6,17,0,0,1,0,0,0,1,2,4,6,3,0,3,0
15153,4,3,406,2018,6,1,20,0,0,1,0,1,0,0,2,3,7,3,0,2,1
15154,1,1,102,2018,12,2,17,0,1,1,0,0,0,0,2,5,3,3,1,3,0
15155,1,16,136,2018,10,6,12,0,0,1,0,0,0,1,2,2,6,3,0,3,0
15156,1,16,136,2018,7,1,10,0,0,1,0,0,0,1,2,2,6,3,0,3,0
15157,3,4,316,2018,11,6,15,0,1,1,0,0,0,0,2,0,3,3,0,3,0
15158,6,11,612,2018,8,1,10,0,0,1,0,0,0,0,1,2,6,3,0,3,0
15159,3,8,320,2018,12,6,16,0,0,1,0,0,0,0,1,2,6,3,1,3,0
15160,3,1,307,2018,10,3,6,0,0,1,0,0,0,0,1,4,2,3,1,3,0
15161,3,1,306,2018,6,7,22,0,1,0,0,0,0,0,1,0,7,3,0,3,0
15162,1,7,120,2018,10,3,17,0,1,0,1,0,0,0,2,6,6,3,1,3,0
15163,3,8,320,2018,11,7,13,0,0,1,0,0,1,0,2,4,2,3,1,2,1
15164,3,7,319,2018,12,2,14,0,0,1,0,0,0,0,1,5,3,3,1,3,0
15165,1,4,111,2018,10,2,10,0,1,0,0,0,0,1,2,3,2,3,0,3,0
15166,1,14,133,2018,7,2,16,0,0,0,0,0,0,1,1,5,3,3,0,3,0
15167,7,2,703,2018,11,6,12,0,0,1,0,0,1,0,2,2,6,3,0,3,0
15168,1,6,117,2018,8,3,8,0,0,1,0,0,0,0,1,3,6,3,0,3,0
15169,6,2,603,2018,12,2,13,0,0,1,0,0,0,0,1,2,6,3,1,3,0
15170,1,3,107,2018,11,5,18,0,0,1,0,0,0,0,1,2,6,3,0,3,0
15171,1,16,136,2018,6,6,12,0,0,1,0,0,0,0,1,2,6,3,0,3,0
15172,4,13,432,2018,10,5,14,0,0,1,0,0,0,0,1,8,1,3,1,3,0
15173,6,9,610,2018,6,6,7,0,0,1,0,0,1,0,2,3,6,3,0,3,0
15174,3,9,321,2018,7,7,18,0,0,1,0,0,0,1,2,3,6,3,0,3,0
15175,2,7,219,2018,6,2,12,0,0,1,0,0,0,0,1,2,6,3,0,3,0
15176,7,13,714,2018,11,4,6,0,0,1,0,0,0,1,2,4,7,3,0,3,0
15177,1,12,130,2018,12,2,8,0,0,1,0,0,0,0,1,2,6,3,1,3,0
15178,4,7,417,2018,7,2,9,0,1,1,0,0,0,0,2,5,3,3,0,3,0
15179,7,9,710,2018,8,2,6,0,0,1,0,0,1,0,2,3,6,3,0,3,0
15180,3,8,320,2018,9,2,15,0,0,1,0,0,0,0,1,2,6,3,0,3,0