SN,District,Imperial_Circle,Community,Year,Month,Weekday,Hour,Road,Cycle,Car,Pedestrians,Motorcycle,Goods Vehicle,Others,Total,Collision Type,Accident Type,Light Condition,Road Condition,Accident_Severity,Severity
15181,4,5,410,2018,6,6,14,0,1,1,0,0,0,0,2,3,2,3,0,3,0
15182,1,19,140,2018,9,1,11,0,0,1,0,0,0,0,1,2,6,3,0,3,0
15183,1,16,137,2018,6,7,11,0,0,1,0,0,0,0,1,2,6,3,0,3,0
15184,1,8,125,2018,11,3,17,0,0,1,0,0,0,1,2,2,6,3,1,3,0
15185,1,1,102,2018,12,6,17,0,0,1,0,0,1,0,2,1,6,3,1,3,0
15186,7,14,715,2018,10,5,15,0,0,1,0,0,0,0,1,2,6,3,0,3,0
15187,7,2,703,2018,7,1,20,0,0,1,0,1,0,0,2,2,6,3,0,3,0
15188,2,9,221,2018,8,3,8,0,0,1,0,0,0,0,1,1,6,3,0,3,0
15189,7,14,715,2018,9,7,9,0,1,1,0,0,0,0,2,5,3,3,0,3,0
15190,2,9,221,2018,6,6,10,0,0,1,0,0,0,0,1,5,7,3,0,3,0
15191,3,9,321,2018,8,6,10,0,0,1,0,0,0,0,1,2,6,3,0,3,0
15192,2,5,216,2018,11,6,19,0,1,0,0,0,0,1,2,3,2,3,1,3,0
15193,3,1,306,2018,6,6,19,0,1,1,0,0,0,0,2,5,3,3,0,3,0
15194,1,12,130,2018,10,5,13,0,0,1,0,0,0,1,2,2,6,3,0,3,0
15195,1,16,136,2018,7,7,19,0,0,1,0,0,0,1,2,8,1,3,0,3,0
15196,2,7,219,2018,11,5,11,0,0,0,0,0,1,0,1,2,6,3,0,3,0
15197,1,7,119,2018,8,5,10,0,0,1,0,0,0,0,1,2,6,3,0,3,0
15198,1,16,136,2018,12,4,11,0,0,1,0,0,0,1,2,2,6,3,1,3,0
15199,3,9,321,2018,10,1,11,0,0,1,0,0,0,0,1,4,6,3,0,3,0
15200,1,3,106,2018,6,6,19,0,1,0,0,0,0,0,1,4,6,3,0,3,0
15201,7,10,711,2018,9,7,13,0,0,1,0,0,0,0,1,2,6,3,0,3,0
15202,7,2,703,2018,5,5,15,0,0,1,0,0,0,1,2,2,6,3,0,3,0
15203,7,7,708,2018,7,4,15,0,0,0,0,1,1,0,2,1,7,3,0,3,0
15204,3,1,304,2018,6,2,16,0,1,1,0,0,0,0,2,5,3,3,0,3,0
15205,2,9,221,2018,11,2,12,0,1,1,0,0,0,0,2,5,2,3,0,3,0
15206,2,12,225,2018,12,6,12,0,1,1,0,0,0,0,2,5,3,3,0,3,0
15207,1,12,130,2018,7,6,7,0,0,0,0,1,1,0,2,3,6,3,0,2,1
15208,1,16,136,2018,8,7,11,0,0,1,0,0,0,0,1,2,6,3,0,3,0
15209,2,5,216,2018,9,6,10,0,0,1,0,0,0,0,1,2,6,3,0,3,0
15210,3,5,317,2018,5,5,13,0,0,1,0,0,0,0,1,2,6,3,0,3,0
15211,2,9,221,2018,9,5,12,0,1,0,0,0,1,0,2,3,2,3,0,2,1
15212,1,8,124,2018,11,2,13,0,0,1,0,0,0,0,1,4,2,3,1,3,0
15213,4,2,403,2018,5,5,11,0,1,1,0,0,0,0,2,1,5,3,0,3,0
15214,1,16,136,2018,7,5,17,0,0,1,0,0,1,0,2,2,6,3,0,3,0
15215,4,2,405,2018,6,2,9,0,1,0,0,0,0,1,2,5,2,3,0,3,0
15216,3,8,320,2018,11,3,12,0,0,1,0,0,1,0,2,3,6,3,0,3,0
15217,2,9,221,2018,12,7,11,0,1,1,0,0,0,0,2,3,2,3,0,3,0
15218,7,8,709,2018,7,1,13,0,0,1,0,0,0,0,1,8,1,3,0,3,0
15219,3,6,318,2018,8,2,18,0,0,1,0,0,0,0,1,2,6,3,1,3,0
15220,7,10,711,2018,9,7,16,0,0,1,0,0,0,0,1,2,6,3,1,3,0
15221,7,1,702,2018,5,4,15,0,0,0,0,1,1,0,2,3,6,3,0,3,0
15222,3,1,306,2018,9,7,17,0,0,1,0,0,0,0,1,2,6,3,0,3,0
15223,1,16,136,2018,6,6,11,0,0,1,0,0,0,1,2,2,6,3,0,3,0
15224,7,14,715,2018,11,2,17,0,0,1,0,1,0,0,2,0,6,3,1,3,0
15225,3,7,319,2018,12,5,7,0,0,1,0,0,0,1,2,2,6,3,1,3,0
15226,7,1,701,2018,10,4,20,0,0,1,0,0,0,0,1,2,6,3,0,3,0
15227,1,6,115,2018,7,6,20,0,0,1,0,0,0,1,2,5,2,3,0,3,0
15228,3,4,316,2018,8,2,16,0,0,1,0,1,0,0,2,2,7,3,0,2,1
15229,1,6,117,2018,9,4,7,0,0,1,0,0,0,1,2,2,6,3,1,3,0
15230,3,6,318,2018,5,4,21,0,0,1,0,0,0,0,1,3,6,3,0,3,0
15231,2,13,226,2018,8,5,8,0,0,1,0,0,0,0,1,2,6,3,1,3,0
15232,1,4,111,2018,11,6,4,0,0,1,0,0,0,0,1,5,3,3,0,3,0
15233,3,7,319,2018,5,4,9,0,0,0,0,1,0,0,1,0,7,3,0,3,0
15234,1,12,130,2018,10,4,13,0,0,1,0,0,1,0,2,3,6,3,0,3,0
15235,3,4,316,2018,5,4,8,0,0,1,0,0,0,1,2,3,7,3,0,3,0
15236,3,9,321,2018,7,6,18,0,0,1,0,0,0,0,1,2,6,3,0,3,0
15237,4,2,405,2018,6,2,19,0,0,0,0,1,0,0,1,0,1,3,1,3,0
15238,2,7,219,2018,11,4,11,0,0,0,0,0,1,0,1,9,1,3,0,3,0
15239,7,14,715,2018,8,4,7,0,0,1,1,0,0,0,2,6,2,3,0,3,0
15240,4,3,406,2018,12,2,15,0,0,1,0,0,0,0,1,3,6,3,0,3,0
15241,4,2,405,2018,10,7,23,0,0,1,0,0,0,0,1,4,6,3,1,3,0
15242,4,2,404,2018,5,4,15,0,0,0,0,0,0,1,1,3,2,3,0,3,0
15243,2,7,219,2018,8,7,10,0,0,1,0,0,0,0,1,1,6,3,0,3,0
15244,7,14,715,2018,9,5,12,0,1,0,0,0,0,1,2,5,3,3,0,3,0
15245,1,4,111,2018,5,4,12,0,1,1,0,0,0,0,2,3,2,3,0,3,0
15246,2,3,209,2018,7,4,19,0,0,1,0,1,0,0,2,2,6,3,0,3,0
15247,2,1,206,2018,6,2,12,0,0,1,0,0,0,1,2,3,6,3,0,3,0
15248,6,1,601,2018,11,6,10,0,0,1,0,0,0,0,1,2,6,3,0,3,0
15249,2,9,221,2018,12,5,16,0,0,1,0,0,0,1,2,5,3,3,0,3,0
15250,1,3,106,2018,6,4,8,0,1,1,0,0,0,0,2,5,3,3,0,3,0
15251,3,5,317,2018,10,4,14,0,1,1,0,0,0,0,2,3,2,3,0,3,0
15252,1,16,136,2018,7,5,16,0,0,1,0,1,0,0,2,2,6,3,0,3,0
15253,7,8,709,2018,8,6,17,0,0,1,0,1,0,0,2,3,6,3,0,2,1
15254,3,1,305,2018,9,5,8,0,1,0,0,0,0,0,1,4,6,3,0,3,0
15255,1,1,102,2018,5,4,19,0,1,1,0,0,0,0,2,3,2,3,0,3,0
15256,7,9,710,2018,9,3,15,0,0,1,0,0,1,0,2,3,6,3,0,3,0
15257,3,8,320,2018,11,2,17,0,0,1,0,0,0,0,1,4,2,3,1,3,0
15258,4,4,407,2018,12,3,21,0,0,1,0,0,0,0,1,9,1,3,1,3,0
15259,6,1,601,2018,10,2,17,0,1,1,0,0,0,0,2,5,3,3,0,3,0
15260,4,5,412,2018,7,5,6,0,1,0,0,0,0,0,1,0,1,3,0,3,0
15261,1,12,130,2018,8,4,18,0,0,1,0,0,0,0,1,2,6,3,0,3,0
15262,7,10,711,2018,11,2,10,0,0,1,0,0,0,0,1,2,6,3,0,3,0
15263,7,13,714,2018,5,3,18,0,0,1,0,0,0,1,2,2,6,3,1,3,0
15264,4,2,405,2018,10,7,12,0,0,1,0,0,0,0,1,2,6,3,0,3,0
15265,1,6,116,2018,5,3,13,0,0,1,0,0,0,0,1,2,6,3,0,3,0
15266,2,7,219,2018,7,3,6,0,0,1,0,0,0,0,1,5,3,3,1,3,0
15267,6,2,603,2018,6,1,10,0,0,0,0,1,0,0,1,9,1,3,1,2,1
15268,2,5,216,2018,12,4,20,0,0,1,0,0,0,0,1,5,3,3,0,3,0
15269,2,5,215,2018,10,4,21,0,1,0,0,0,0,0,1,4,6,3,0,3,0
15270,1,4,111,2018,7,6,15,0,1,1,0,0,0,0,2,5,2,3,0,3,0
15271,6,2,602,2018,9,3,7,0,0,1,0,0,0,0,1,1,6,3,1,3,0
15272,3,5,317,2018,8,5,12,0,0,1,0,0,0,0,1,2,6,3,1,3,0
15273,6,1,601,2018,11,4,18,0,0,1,1,0,0,0,2,6,4,3,0,3,0
15274,3,8,320,2018,5,3,6,0,0,1,0,0,1,0,2,2,6,3,0,3,0
15275,4,8,418,2018,10,3,9,0,1,0,0,1,0,0,2,0,3,3,0,3,0
15276,3,9,321,2018,5,3,18,0,1,1,0,0,0,0,2,4,2,3,0,3,0
15277,1,6,115,2018,7,4,21,0,0,1,0,0,0,0,1,2,2,3,1,3,0
15278,1,6,117,2018,6,1,13,0,0,1,0,0,0,0,1,3,6,3,0,3,0
15279,6,11,612,2018,11,7,16,0,0,1,0,0,0,0,1,3,6,3,1,3,0
15280,3,9,321,2018,8,2,17,0,1,1,0,0,0,0,2,5,3,3,0,3,0
15281,7,13,714,2018,12,6,7,0,0,1,0,0,0,0,1,4,2,3,1,3,0
15282,4,5,412,2018,10,5,18,0,0,1,1,0,0,0,2,6,4,3,0,2,1
15283,3,8,320,2018,5,3,17,0,0,1,0,0,1,0,2,3,6,3,0,2,1
15284,3,1,306,2018,8,6,7,0,1,0,0,0,0,0,1,5,3,3,0,3,0
15285,2,5,215,2018,8,5,15,0,0,1,0,0,0,0,1,1,6,3,0,3,0
15286,7,10,711,2018,9,4,13,0,0,0,0,0,0,1,1,2,6,3,0,3,0
15287,3,1,304,2018,5,3,13,0,0,1,0,0,0,1,2,5,3,3,0,3,0
15288,3,8,320,2018,7,3,13,0,0,1,0,0,0,1,2,2,6,3,0,3,0
15289,1,6,115,2018,6,1,0,0,0,1,0,0,0,0,1,9,1,3,1,3,0
15290,7,13,714,2018,11,5,16,0,0,1,0,0,0,0,1,2,2,3,0,3,0
15291,3,9,321,2018,12,3,17,0,0,1,0,0,0,0,1,2,2,3,0,3,0
15292,2,5,215,2018,10,2,16,0,1,1,0,0,0,0,2,5,3,3,0,3,0
15293,4,7,417,2018,7,4,18,0,1,1,0,0,0,0,2,3,2,3,1,3,0
15294,2,6,218,2018,8,6,15,0,0,1,0,0,0,1,2,2,6,3,1,3,0
15295,3,6,318,2018,9,4,15,0,1,1,0,0,0,0,2,8,1,3,0,3,0
15296,7,14,715,2018,5,2,16,0,0,1,0,0,0,1,2,5,2,3,0,3,0
15297,4,3,406,2018,9,3,19,0,1,1,0,0,0,0,2,3,2,3,0,3,0
15298,4,5,409,2018,11,7,11,0,0,1,0,1,0,0,2,2,6,3,1,3,0
15299,7,10,711,2018,12,2,17,0,0,1,0,0,1,0,2,2,6,3,1,3,0
15300,4,5,409,2018,6,6,8,0,0,1,0,1,0,0,2,2,6,3,1,3,0
15301,2,5,216,2018,10,2,19,0,0,1,0,0,0,0,1,5,3,3,0,3,0
15302,7,14,715,2018,7,2,12,0,0,0,0,1,0,0,1,0,1,3,0,3,0
15303,1,16,136,2018,8,3,12,0,0,1,0,0,0,0,1,2,6,3,0,3,0
15304,4,1,402,2018,11,6,7,0,1,1,0,0,0,0,2,5,2,3,0,3,0
15305,1,12,130,2018,5,2,11,0,0,1,0,0,1,0,2,3,6,3,0,3,0
15306,4,8,418,2018,10,6,10,0,1,1,0,0,0,0,2,5,3,3,0,3,0
15307,7,2,703,2018,5,1,11,0,0,1,1,0,0,0,2,6,4,3,0,3,0
15308,3,9,321,2018,7,1,13,0,0,1,0,0,0,0,1,2,6,3,0,2,1
15309,3,9,321,2018,6,1,6,0,0,1,0,0,0,0,1,4,2,3,1,3,0
15310,4,6,415,2018,11,5,16,0,1,0,1,0,0,0,2,6,3,3,0,3,0
15311,3,1,306,2018,12,4,15,0,0,1,0,0,0,1,2,2,6,3,1,3,0
15312,3,6,318,2018,7,3,13,0,0,1,0,0,0,0,1,2,6,3,0,3,0
15313,3,7,319,2018,8,3,19,0,0,1,0,0,0,0,1,1,6,3,0,3,0
15314,6,11,612,2018,9,2,2,0,0,1,0,0,0,0,1,2,6,3,1,3,0
15315,1,6,117,2018,5,1,12,0,0,1,0,1,0,0,2,3,6,3,0,3,0
15316,1,3,106,2018,9,2,15,0,0,1,0,0,1,0,2,3,6,3,0,3,0
15317,3,1,307,2018,7,1,15,0,0,1,0,0,0,0,1,2,6,3,0,3,0
15318,2,5,216,2018,6,1,6,0,0,1,0,0,0,1,2,0,6,3,1,3,0
15319,7,10,711,2018,11,3,14,0,0,1,0,0,0,0,1,2,6,3,1,3,0
15320,1,6,115,2018,12,6,22,0,0,1,0,0,0,0,1,2,6,3,1,3,0
15321,2,14,227,2018,10,6,15,0,1,1,0,0,0,0,2,5,2,3,0,3,0
15322,1,6,117,2018,11,6,11,0,1,1,0,0,0,0,2,5,3,3,0,3,0
15323,3,7,319,2018,8,7,11,0,0,1,0,1,0,0,2,5,6,3,0,3,0
15324,3,1,304,2018,12,5,18,0,1,0,0,0,0,0,1,4,6,3,1,3,0
15325,3,8,320,2018,10,4,4,0,0,1,0,0,0,0,1,4,2,3,1,3,0
15326,6,11,612,2018,5,7,19,0,0,1,0,0,0,1,2,2,6,3,0,3,0
15327,2,5,216,2018,8,5,16,0,0,1,0,0,0,0,1,2,6,3,0,3,0
15328,1,12,130,2018,8,3,15,0,0,1,0,0,0,0,1,8,7,3,0,3,0
15329,1,6,117,2018,9,3,14,0,0,1,0,0,1,0,2,3,6,3,0,3,0
15330,1,4,111,2018,5,7,5,0,0,1,0,0,0,0,1,5,3,3,0,3,0
15331,2,14,227,2018,7,2,12,0,0,1,0,0,0,0,1,2,6,3,0,3,0
15332,3,1,304,2018,6,1,3,0,0,0,0,0,0,1,1,1,5,3,1,3,0
15333,1,12,130,2018,11,4,6,0,0,1,0,0,0,1,2,2,6,3,0,3,0
15334,4,6,414,2018,12,2,7,0,1,1,0,0,0,0,2,5,2,3,1,3,0
15335,3,8,320,2018,10,7,16,0,0,1,0,0,0,0,1,2,6,3,0,3,0
15336,6,1,601,2018,7,3,14,0,1,0,0,0,0,1,2,5,3,3,0,3,0
15337,6,1,601,2018,8,5,18,0,0,1,0,0,0,0,1,3,6,3,0,3,0
15338,7,14,715,2018,9,2,15,0,1,1,0,0,0,0,2,5,3,3,0,3,0
15339,7,10,711,2018,5,6,13,0,0,1,0,0,0,0,1,5,3,3,0,3,0
15340,1,14,133,2018,9,2,8,0,1,1,0,0,0,0,2,3,2,3,0,2,1
15341,4,2,405,2018,11,7,11,0,0,1,1,0,0,0,2,6,4,3,0,3,0
15342,4,4,407,2018,12,2,22,0,0,1,0,0,0,0,1,5,3,3,1,3,0
15343,3,9,321,2018,10,7,16,0,0,1,0,0,0,0,1,2,6,3,0,3,0
15344,3,7,319,2018,7,2,14,0,0,1,0,0,1,0,2,1,2,3,0,3,0
15345,3,9,321,2018,11,6,14,0,0,1,0,0,0,1,2,2,6,3,0,3,0
15346,1,3,107,2018,8,3,15,0,1,0,0,0,0,0,1,4,6,3,0,3,0
15347,3,9,321,2018,12,1,17,0,0,1,0,0,0,1,2,1,5,3,1,3,0
15348,7,2,703,2018,10,3,6,0,0,1,0,0,0,0,1,2,6,3,1,3,0
15349,4,5,409,2018,5,6,17,0,1,1,0,1,0,0,3,4,2,3,0,2,1
15350,4,2,405,2018,10,5,8,0,1,1,0,0,0,0,2,5,3,3,1,3,0
15351,4,8,418,2018,5,6,16,0,0,1,0,0,0,0,1,1,7,3,0,3,0
15352,3,5,317,2018,7,7,9,0,1,1,0,0,0,0,2,5,3,3,0,2,1
15353,1,6,117,2018,6,7,17,0,0,1,0,0,0,0,1,2,6,3,1,3,0
15354,2,13,226,2018,11,4,7,0,0,1,0,1,0,0,2,0,6,3,1,3,0
15355,4,2,403,2018,12,2,16,0,0,1,0,0,0,0,1,4,2,3,1,2,1
15356,2,5,216,2018,7,2,19,0,0,1,0,0,0,0,1,2,6,3,0,3,0
15357,4,8,418,2018,8,2,19,0,0,1,0,0,0,0,1,1,6,3,1,3,0
15358,3,1,304,2018,9,2,9,0,0,0,0,1,0,1,2,0,6,3,0,3,0
15359,2,6,218,2018,5,6,16,0,0,1,0,1,0,0,2,3,2,3,0,3,0
15360,3,1,307,2018,9,1,17,0,1,1,0,0,0,0,2,0,3,3,0,3,0
15361,2,5,217,2018,6,7,16,0,0,1,0,0,0,0,1,2,6,3,0,3,0
15362,3,7,319,2018,11,3,5,0,0,1,0,0,0,0,1,2,6,3,0,3,0
15363,4,7,417,2018,12,5,16,0,1,1,0,0,0,0,2,5,2,3,0,3,0
15364,1,16,136,2018,10,5,0,0,0,1,0,0,1,0,2,3,6,3,0,3,0
15365,1,8,125,2018,7,1,14,0,0,1,0,1,0,0,2,3,2,3,0,3,0
15366,7,13,714,2018,8,2,13,0,1,0,1,0,0,0,2,6,3,3,0,3,0
15367,3,7,319,2018,9,6,12,0,0,1,0,1,0,0,2,3,6,3,0,3,0
15368,4,2,405,2018,5,6,3,0,0,1,0,0,0,0,1,8,1,3,0,2,1
15369,2,7,219,2018,8,6,19,0,0,1,0,0,0,0,1,2,6,3,0,3,0
15370,3,6,318,2018,11,6,13,0,0,0,0,1,0,0,1,0,7,3,1,3,0
15371,4,2,403,2018,5,6,22,0,0,1,0,1,0,0,2,5,3,3,0,3,0
15372,2,6,218,2018,10,5,9,0,0,0,0,1,1,0,2,2,6,3,0,2,1
15373,7,2,703,2018,7,6,13,0,0,1,0,0,0,0,1,2,6,3,0,3,0
15374,3,4,316,2018,11,5,8,0,1,1,0,0,0,0,2,5,2,3,1,3,0
15375,3,6,318,2018,7,2,19,0,1,1,0,0,0,0,2,5,3,3,0,3,0
15376,2,5,216,2018,8,4,9,0,0,1,0,1,0,0,2,3,6,3,0,3,0
15377,2,5,216,2018,9,2,9,0,0,1,0,1,0,0,2,3,6,3,0,2,1
15378,7,14,715,2018,5,5,18,0,0,1,0,0,0,0,1,3,6,3,0,3,0
15379,4,5,409,2018,9,7,18,0,0,1,0,1,0,0,2,5,7,3,0,2,1
15380,4,5,409,2018,11,6,12,0,0,1,0,1,0,0,2,2,6,3,1,3,0
15381,7,2,703,2018,5,5,16,0,0,1,0,0,0,0,1,2,6,3,0,3,0
15382,1,19,140,2018,12,1,20,0,0,1,0,0,0,1,2,3,6,3,1,3,0
15383,3,9,321,2018,10,6,22,0,0,1,1,0,0,0,2,8,1,3,0,3,0
15384,4,7,417,2018,7,1,15,0,0,1,0,0,0,1,2,0,6,3,0,3,0
15385,7,14,715,2018,11,5,13,0,0,0,0,1,0,0,1,0,1,3,1,3,0
15386,4,5,409,2018,8,7,15,0,0,1,0,0,0,0,1,5,3,3,1,3,0
15387,4,2,404,2018,12,6,23,0,0,1,0,0,0,0,1,2,1,3,1,3,0
15388,4,5,409,2018,10,2,10,0,0,0,1,0,0,1,2,6,4,3,0,2,1
15389,7,1,702,2018,5,5,12,0,0,1,0,0,0,0,1,2,6,3,0,3,0
15390,1,16,136,2018,9,1,13,0,0,0,0,1,0,0,1,0,1,3,0,3,0
15391,4,6,415,2018,5,5,17,0,0,1,0,0,0,0,1,2,6,3,0,3,0
15392,4,5,412,2018,7,5,12,0,1,0,0,0,0,1,2,5,2,3,0,3,0
15393,4,5,409,2018,6,7,16,0,0,1,0,0,0,0,1,3,6,3,1,3,0
15394,7,13,714,2018,11,2,17,0,0,1,0,0,0,0,1,2,6,3,0,3,0
15395,6,1,601,2018,12,6,17,0,0,1,0,0,0,0,1,1,6,3,1,3,0
15396,7,14,715,2018,7,7,18,0,0,1,0,0,0,0,1,2,6,3,0,3,0
15397,7,2,703,2018,8,1,13,0,0,1,0,0,0,0,1,2,6,3,0,3,0
15398,4,7,416,2018,9,7,17,0,0,1,0,0,0,0,1,5,3,3,0,3,0
15399,2,14,227,2018,5,5,19,0,0,1,0,0,0,0,1,4,2,3,0,3,0
15400,6,9,610,2018,9,6,23,0,0,1,0,0,0,1,2,2,6,3,0,2,1
15401,6,1,601,2018,6,6,18,0,0,1,0,1,0,0,2,2,6,3,0,3,0
15402,2,5,215,2018,6,4,16,0,0,1,0,0,0,0,1,2,6,3,0,3,0
15403,7,8,709,2018,11,2,18,0,0,1,0,0,0,0,1,2,2,3,1,3,0
15404,1,8,124,2018,12,4,13,0,0,1,0,0,0,0,1,2,6,3,0,3,0
15405,3,8,320,2018,10,4,9,0,0,1,0,0,1,0,2,3,6,3,0,3,0
15406,4,6,414,2018,7,6,9,0,0,1,0,0,0,0,1,5,7,3,0,3,0
15407,3,7,319,2018,8,1,4,0,0,1,0,0,0,0,1,2,6,3,0,3,0
15408,4,1,402,2018,9,4,10,0,0,0,0,1,0,0,1,0,1,3,1,2,1
15409,2,6,218,2018,8,5,13,0,0,1,0,1,0,0,2,2,6,3,1,3,0
15410,3,6,318,2018,11,5,16,0,1,1,0,0,0,0,2,5,3,3,0,3,0
15411,1,19,140,2018,5,5,9,0,0,1,0,0,1,0,2,3,6,3,0,3,0
15412,3,7,319,2018,10,4,7,0,0,1,0,0,0,0,1,2,6,3,0,3,0
15413,2,3,209,2018,5,5,17,0,0,1,0,1,0,0,2,2,7,3,0,3,0
15414,1,6,117,2018,7,5,10,0,1,1,0,0,0,0,2,1,3,3,0,3,0
15415,3,7,319,2018,6,7,19,0,0,0,0,1,0,1,2,0,7,3,1,3,0
15416,7,10,711,2018,11,2,11,0,0,1,0,0,0,0,1,2,6,3,0,3,0
15417,7,9,710,2018,8,4,7,0,1,1,0,0,0,0,2,5,3,3,0,2,1
15418,1,8,124,2018,12,7,20,0,0,1,0,0,0,0,1,2,6,3,1,3,0
15419,4,3,406,2018,10,6,7,0,0,1,0,0,0,1,2,2,6,3,0,3,0
15420,1,4,111,2018,5,5,11,0,0,1,0,1,0,0,2,1,7,3,0,3,0
15421,1,7,120,2018,8,6,7,0,1,1,0,0,0,0,2,5,2,3,0,3,0
15422,2,5,216,2018,8,6,18,0,0,1,0,1,0,0,2,1,6,3,0,3,0
15423,3,8,320,2018,9,5,14,0,0,1,0,0,1,0,2,2,6,3,0,3,0
15424,6,1,601,2018,5,4,16,0,0,1,0,0,0,0,1,4,2,3,0,3,0
15425,7,10,711,2018,7,3,12,0,0,1,0,0,1,0,2,3,6,3,0,3,0
15426,1,1,102,2018,6,7,15,0,0,1,0,1,0,0,2,3,6,3,0,3,0
15427,3,9,321,2018,11,6,6,0,0,1,0,1,0,0,2,4,2,3,0,3,0
15428,6,11,612,2018,12,4,18,0,0,1,0,0,1,0,2,3,6,3,1,3,0
15429,4,12,431,2018,10,2,7,0,0,1,0,0,0,0,1,8,1,3,1,3,0
15430,5,14,522,2018,7,5,11,0,1,0,0,0,0,0,1,0,7,3,0,3,0
15431,1,12,130,2018,8,6,17,0,0,1,0,0,0,0,1,3,6,3,0,3,0
15432,1,19,140,2018,8,5,6,0,0,0,0,1,1,0,2,2,6,3,0,2,1
15433,3,6,318,2018,12,4,1,0,0,1,0,0,0,0,1,8,1,3,1,3,0
15434,7,9,710,2018,10,7,6,0,0,1,0,0,0,0,1,7,7,3,1,3,0
15435,1,14,132,2018,5,4,16,0,0,1,0,0,1,0,2,3,6,3,0,3,0
15436,1,3,106,2018,9,7,23,0,0,1,0,1,0,0,2,5,3,3,0,3,0
15437,4,7,417,2018,5,4,11,0,0,1,0,0,0,0,1,2,6,3,0,3,0
15438,7,8,709,2018,7,4,10,0,0,1,0,0,0,0,1,0,7,3,0,3,0
15439,2,3,208,2018,11,7,20,0,0,1,1,0,0,0,2,6,4,3,0,3,0
15440,7,13,714,2018,12,5,22,0,0,1,0,0,0,0,1,9,1,3,0,3,0
15441,2,3,209,2018,7,6,7,0,1,1,0,0,0,0,2,5,2,3,0,3,0
15442,4,5,410,2018,8,7,20,0,0,1,0,0,0,0,1,3,6,3,0,3,0
15443,1,3,107,2018,9,6,8,0,0,1,0,0,0,0,1,9,7,3,0,3,0
15444,2,5,215,2018,5,4,19,0,1,1,0,0,0,0,2,0,5,3,0,3,0
15445,3,7,319,2018,9,4,17,0,0,1,0,0,1,0,2,2,6,3,0,3,0
15446,4,8,418,2018,11,2,4,0,0,1,0,0,0,0,1,5,3,3,1,3,0
15447,7,10,711,2018,12,3,7,0,0,1,0,0,0,1,2,3,6,3,0,3,0
15448,3,7,319,2018,10,3,13,0,0,1,0,0,0,0,1,2,6,3,0,3,0
15449,6,9,610,2018,7,5,15,0,0,1,0,0,0,0,1,2,6,3,0,3,0
15450,4,2,403,2018,8,5,19,0,0,1,0,1,0,0,2,2,6,3,0,3,0
15451,4,2,403,2018,11,4,7,0,1,1,0,0,0,0,2,5,3,3,0,3,0
15452,3,7,319,2018,5,4,13,0,0,1,0,0,0,0,1,4,3,3,0,3,0
15453,7,1,702,2018,10,2,20,0,0,1,0,0,0,0,1,4,2,3,0,3,0
15454,4,3,406,2018,5,4,17,0,1,0,0,0,0,0,1,0,7,3,0,3,0
15455,3,8,320,2018,7,4,21,0,0,1,0,0,0,0,1,5,3,3,1,3,0
15456,3,8,320,2018,11,7,19,0,0,1,0,0,1,0,2,3,6,3,0,3,0
15457,6,1,601,2018,8,1,16,0,0,1,0,0,0,0,1,4,6,3,0,3,0
15458,1,16,136,2018,12,6,21,0,0,1,0,0,0,0,1,8,1,3,1,3,0
15459,1,3,106,2018,10,5,10,0,1,0,0,0,0,0,1,3,6,3,1,3,0
15460,1,4,110,2018,5,4,7,0,1,1,0,0,0,0,2,3,2,3,0,3,0
15461,1,6,117,2018,8,5,16,0,0,1,0,0,0,1,2,2,6,3,0,3,0
15462,1,1,101,2018,8,5,7,0,0,1,0,0,0,0,1,2,6,3,0,3,0
15463,2,9,221,2018,9,4,19,0,0,1,0,0,0,0,1,2,6,3,0,3,0
15464,6,1,601,2018,5,3,14,0,0,1,0,0,1,0,2,3,6,3,0,3,0
15465,3,6,318,2018,7,3,9,0,1,1,0,0,0,0,2,4,3,3,0,3,0
15466,7,14,715,2018,11,4,18,0,1,1,0,0,0,0,2,5,3,3,0,3,0
15467,3,7,319,2018,12,3,12,0,0,1,0,0,0,0,1,5,3,3,0,3,0
15468,3,7,319,2018,10,2,13,0,0,1,0,0,0,0,1,2,6,3,0,3,0
15469,3,1,306,2018,7,4,16,0,1,1,0,0,0,0,2,3,2,3,0,3,0
15470,3,5,317,2018,8,6,12,0,0,1,0,0,0,0,1,2,6,3,0,3,0
15471,7,10,711,2018,9,3,17,0,0,1,0,0,1,0,2,2,6,3,0,2,1
15472,3,1,304,2018,5,3,14,0,1,1,0,0,0,0,2,5,1,3,0,3,0
15473,1,16,136,2018,9,2,17,0,0,1,0,0,0,1,2,0,6,3,0,3,0
15474,2,5,216,2018,11,7,18,0,0,1,0,0,0,0,1,3,6,3,1,3,0
15475,1,19,140,2018,12,2,4,0,0,1,0,0,0,0,1,8,1,3,1,3,0
15476,3,4,316,2018,10,2,16,0,0,0,1,0,0,1,2,6,2,3,0,3,0
15477,7,10,711,2018,7,2,16,0,0,1,0,0,0,0,1,1,6,3,0,3,0
15478,1,14,132,2018,8,3,1,0,0,1,0,0,0,0,1,5,3,3,0,3,0
15479,7,10,711,2018,12,2,15,0,0,1,0,0,0,0,1,1,5,3,1,2,1