SN,District,Imperial_Circle,Community,Year,Month,Weekday,Hour,Road,Cycle,Car,Pedestrians,Motorcycle,Goods Vehicle,Others,Total,Collision Type,Accident Type,Light Condition,Road Condition,Accident_Severity,Severity
15480,1,15,134,2018,9,4,16,0,0,1,0,0,0,0,1,2,6,3,0,3,0
15481,4,2,404,2018,5,3,18,0,0,1,0,0,0,1,2,5,7,3,0,3,0
15482,7,1,702,2018,9,3,12,0,0,1,0,0,0,0,1,2,6,3,0,3,0
15483,4,2,405,2018,11,2,15,0,0,1,0,0,0,1,2,1,6,3,1,3,0
15484,3,9,321,2018,12,3,9,0,1,1,0,0,0,0,2,5,3,3,0,3,0
15485,3,9,321,2018,10,2,13,0,1,1,0,0,0,0,2,5,3,3,0,3,0
15486,7,10,711,2018,7,4,15,0,0,1,0,0,0,1,2,5,3,3,0,3,0
15487,3,9,321,2018,8,4,8,0,0,1,0,0,0,0,1,4,3,3,0,3,0
15488,3,1,306,2018,11,2,17,0,0,1,0,0,0,1,2,2,6,3,0,3,0
15489,3,1,305,2018,5,3,17,0,1,0,1,0,0,0,2,6,4,3,0,3,0
15490,7,10,711,2018,10,6,15,0,0,1,0,0,0,0,1,2,6,3,0,3,0
15491,1,1,102,2018,5,3,15,0,1,1,0,0,0,0,2,5,2,3,0,3,0
15492,1,15,134,2018,7,2,16,0,0,1,0,0,1,0,2,3,6,3,0,3,0
15493,2,5,215,2018,11,6,15,0,0,1,0,0,0,0,1,2,6,3,0,3,0
15494,3,4,316,2018,8,7,13,0,0,1,1,1,0,0,3,6,4,3,0,3,0
15495,1,6,117,2018,12,4,5,0,1,1,0,0,0,0,2,4,2,3,0,3,0
15496,2,5,215,2018,10,4,8,0,1,0,1,0,0,0,2,0,7,3,1,3,0
15497,7,2,703,2018,5,2,23,0,0,1,0,0,0,0,1,4,2,3,0,3,0
15498,1,16,136,2018,7,3,14,0,0,1,0,0,0,0,1,8,1,3,0,3,0
15499,3,8,320,2018,8,3,4,0,0,1,0,0,1,0,2,3,6,3,0,3,0
15500,2,13,226,2018,9,3,15,0,0,1,0,0,0,0,1,4,2,3,0,3,0
15501,3,4,316,2018,5,2,20,0,0,0,1,0,0,1,2,0,4,3,0,3,0
15502,7,1,701,2018,9,2,15,0,0,1,0,0,0,0,1,2,6,3,0,2,1
15503,2,5,215,2018,7,2,16,0,1,0,0,0,1,0,2,0,7,3,0,3,0
15504,3,9,321,2018,11,4,13,0,1,0,0,0,0,0,1,4,6,3,0,3,0
15505,4,3,406,2018,12,2,12,0,1,1,0,0,0,0,2,4,2,3,1,3,0
15506,6,2,602,2018,10,6,11,0,0,1,0,0,0,0,1,2,6,3,0,3,0
15507,1,16,136,2018,7,2,13,0,0,1,0,0,0,0,1,2,6,3,0,3,0
15508,1,1,102,2018,8,5,9,0,1,0,0,0,0,0,1,4,6,3,0,3,0
15509,7,8,709,2018,9,2,8,0,0,1,0,0,1,0,2,2,6,3,0,3,0
15510,1,7,119,2018,5,1,17,0,1,0,0,0,0,0,1,4,6,3,0,3,0
15511,2,9,221,2018,9,2,22,0,0,1,0,0,0,0,1,8,7,3,0,3,0
15512,7,14,715,2018,11,6,12,0,0,1,1,0,0,0,2,6,4,3,1,2,1
15513,4,4,407,2018,5,1,23,0,0,1,0,0,0,0,1,7,1,3,0,2,1
15514,1,1,101,2018,12,2,15,0,1,1,0,0,0,0,2,5,3,3,1,3,0
15515,7,3,704,2018,10,6,15,0,0,1,0,0,0,1,2,2,6,3,0,3,0
15516,1,16,137,2018,7,1,12,0,0,1,0,0,0,0,1,2,6,3,0,3,0
15517,2,13,226,2018,11,6,8,0,0,1,0,1,0,0,2,3,7,3,0,3,0
15518,4,5,409,2018,8,2,11,0,1,0,1,0,0,0,2,6,3,3,0,3,0
15519,7,14,715,2018,12,7,22,0,0,1,0,0,0,0,1,1,5,3,1,3,0
15520,2,5,216,2018,10,3,17,0,0,1,0,0,0,0,1,2,6,3,0,3,0
15521,7,10,711,2018,5,7,14,0,1,0,0,0,0,0,1,0,7,3,0,3,0
15522,1,8,124,2018,10,3,14,0,0,1,0,0,1,0,2,2,6,3,1,3,0
15523,3,8,320,2018,5,7,12,0,0,1,0,0,0,0,1,5,3,3,0,3,0
15524,2,1,206,2018,7,6,13,0,0,1,0,0,1,0,2,5,3,3,0,3,0
15525,7,2,703,2018,6,6,5,0,0,1,0,0,1,0,2,9,1,3,1,3,0
15526,1,6,117,2018,11,3,5,0,0,1,0,0,0,0,1,1,6,3,0,3,0
15527,3,8,320,2018,12,7,19,0,0,1,0,0,1,0,2,3,6,3,0,3,0
15528,2,6,218,2018,7,2,12,0,0,1,0,0,0,0,1,2,6,3,0,3,0
15529,1,19,140,2018,8,2,20,0,0,1,0,0,0,0,1,2,6,3,0,3,0
15530,4,2,403,2018,9,1,18,0,0,1,0,1,0,0,2,2,6,3,1,3,0
15531,4,5,409,2018,11,5,17,0,1,1,0,0,0,0,2,3,2,3,0,3,0
15532,7,10,711,2018,5,6,18,0,0,1,0,0,0,0,1,1,6,3,0,3,0
15533,4,2,405,2018,10,6,13,0,0,1,0,0,0,0,1,2,6,3,0,3,0
15534,7,1,702,2018,5,6,15,0,0,1,0,0,1,0,2,2,6,3,0,3,0
15535,1,6,117,2018,7,7,16,0,0,1,0,0,0,0,1,5,3,3,0,3,0
15536,3,5,317,2018,11,5,10,0,0,0,0,1,0,1,2,3,6,3,1,3,0
15537,7,14,715,2018,12,2,13,0,0,1,0,0,1,0,2,1,5,3,1,3,0
15538,6,2,603,2018,7,2,22,0,0,1,0,0,0,0,1,4,2,3,0,3,0
15539,7,9,710,2018,8,2,13,0,0,1,0,0,0,0,1,3,6,3,0,3,0
15540,3,9,321,2018,9,2,20,0,0,1,0,0,1,0,2,3,6,3,1,3,0
15541,6,2,603,2018,5,6,12,0,0,0,1,0,0,1,2,6,2,3,0,3,0
15542,4,5,410,2018,9,1,11,0,0,1,0,0,0,0,1,2,6,3,0,3,0
15543,1,16,136,2018,6,7,8,0,0,1,0,0,0,0,1,2,6,3,0,3,0
15544,6,3,604,2018,11,3,19,0,0,1,0,0,0,0,1,2,6,3,0,3,0
15545,3,7,319,2018,12,6,7,0,0,1,0,0,0,0,1,2,6,3,1,3,0
15546,3,6,318,2018,10,6,18,0,0,1,0,0,0,0,1,2,6,3,0,2,1
15547,3,5,317,2018,7,2,15,0,1,1,1,0,0,0,3,1,4,3,0,3,0
15548,3,9,321,2018,8,3,16,0,0,0,0,0,0,1,1,0,6,3,0,3,0
15549,4,2,404,2018,9,1,14,0,0,1,0,1,0,0,2,2,6,3,0,3,0
15550,1,6,117,2018,5,6,19,0,0,1,0,0,0,0,1,5,3,3,0,3,0
15551,1,12,130,2018,8,6,16,0,0,1,0,0,0,0,1,2,6,3,0,3,0
15552,2,5,215,2018,11,6,18,0,1,1,0,0,0,0,2,5,2,3,0,3,0
15553,1,7,119,2018,5,6,16,0,1,0,1,0,0,0,2,6,7,3,0,3,0
15554,1,1,102,2018,12,7,4,0,0,1,0,0,0,0,1,2,6,3,0,3,0
15555,2,3,209,2018,10,6,16,0,1,1,0,0,0,0,2,4,2,3,0,3,0
15556,4,4,407,2018,7,1,3,0,1,1,0,0,0,0,2,5,3,3,0,3,0
15557,4,7,417,2018,11,5,19,0,1,1,0,0,0,0,2,5,2,3,1,3,0
15558,3,7,319,2018,8,6,7,0,0,1,0,0,0,0,1,5,3,3,1,3,0
15559,2,6,218,2018,12,5,17,0,1,1,0,0,0,0,2,5,3,3,1,3,0
15560,4,7,417,2018,10,1,20,0,0,1,1,0,0,0,2,6,2,3,0,3,0
15561,4,5,412,2018,5,6,15,0,0,1,0,0,0,0,1,2,6,3,0,3,0
15562,1,6,117,2018,9,1,20,0,0,1,0,0,0,0,1,1,6,3,0,3,0
15563,3,8,320,2018,5,6,14,0,0,0,0,1,0,0,1,0,6,3,0,3,0
15564,3,7,319,2018,7,5,7,0,1,1,0,0,0,0,2,5,3,3,0,3,0
15565,4,3,406,2018,11,2,5,0,0,1,0,0,0,0,1,1,6,3,1,3,0
15566,4,5,412,2018,12,6,9,0,0,1,0,1,0,0,2,4,2,3,0,3,0
15567,1,16,136,2018,7,6,10,0,0,1,0,0,0,0,1,2,6,3,0,3,0
15568,7,12,713,2018,8,7,13,0,0,1,0,0,0,0,1,8,1,3,0,3,0
15569,4,3,406,2018,9,6,11,0,0,1,0,0,0,0,1,2,6,3,0,3,0
15570,3,9,321,2018,5,6,12,0,0,1,0,0,1,0,2,3,6,3,0,3,0
15571,1,7,120,2018,9,5,10,0,0,1,0,0,0,0,1,5,3,3,0,3,0
15572,1,6,115,2018,6,6,23,0,0,1,0,0,0,0,1,2,6,3,0,3,0
15573,2,5,217,2018,6,4,7,0,1,1,0,0,0,0,2,5,3,3,0,3,0
15574,1,12,130,2018,11,2,18,0,0,1,0,0,0,0,1,2,6,3,1,3,0
15575,3,8,320,2018,12,4,17,0,0,1,0,0,0,0,1,2,6,3,0,2,1
15576,2,9,221,2018,10,4,16,0,0,1,0,0,0,1,2,2,6,3,0,3,0
15577,4,2,405,2018,7,6,13,0,0,1,0,0,0,0,1,4,2,3,0,3,0
15578,7,7,708,2018,8,7,8,0,0,1,1,0,0,0,2,6,7,3,0,3,0
15579,7,13,714,2018,9,3,14,0,0,1,0,0,0,1,2,0,6,3,0,3,0
15580,4,1,402,2018,8,5,17,0,1,1,0,0,0,0,2,3,2,3,0,3,0
15581,7,9,710,2018,11,4,18,0,0,1,0,0,0,0,1,2,6,3,0,3,0
15582,1,1,101,2018,1,2,0,0,0,1,0,0,0,0,1,3,7,3,1,3,0
15583,5,1,501,2018,1,3,8,0,0,1,0,0,0,0,1,4,2,3,1,3,0
15584,5,2,505,2018,1,2,8,0,0,1,0,0,0,0,1,5,3,3,0,3,0
15585,4,2,403,2018,1,3,19,0,1,1,0,0,0,0,2,5,7,3,0,3,0
15586,3,3,313,2018,1,2,1,0,0,1,0,0,0,0,1,9,1,3,1,2,1
15587,1,11,129,2018,1,2,4,0,0,1,1,0,0,0,2,6,2,3,1,3,0
15588,4,5,409,2018,1,3,7,0,0,1,0,0,0,1,2,2,6,3,1,3,0
15589,2,10,222,2018,1,3,7,0,1,0,1,0,0,0,2,6,4,3,1,3,0
15590,2,10,222,2018,1,2,1,0,0,1,1,0,0,0,2,6,4,3,1,2,1
15591,7,9,710,2018,1,2,21,0,0,1,0,1,0,0,2,4,2,3,0,3,0
15592,1,8,121,2018,1,5,17,0,0,1,1,0,0,0,2,6,4,3,1,2,1
15593,1,8,121,2018,1,3,16,0,0,1,1,0,0,0,2,6,7,3,0,3,0
15594,5,18,526,2018,1,5,13,0,1,1,0,0,0,0,2,5,3,3,0,3,0
15595,4,2,404,2018,1,1,20,0,0,1,0,0,0,0,1,5,3,3,1,3,0
15596,5,6,514,2018,1,5,22,0,0,1,1,0,0,0,2,6,2,3,0,3,0
15597,5,12,520,2018,1,5,7,0,1,1,0,0,0,0,2,5,2,3,1,3,0
15598,7,13,714,2018,1,1,15,0,0,0,0,1,0,0,1,0,1,3,0,2,1
15599,5,2,505,2018,1,5,16,0,0,0,1,0,0,1,2,6,2,3,1,3,0
15600,5,7,515,2018,1,5,14,0,1,0,1,0,0,0,2,6,3,3,0,3,0
15601,2,11,223,2018,1,3,14,0,1,1,0,0,0,0,2,5,3,3,0,3,0
15602,5,7,515,2018,1,5,11,0,0,1,0,0,0,0,1,5,2,3,0,3,0
15603,4,6,415,2018,1,7,4,0,0,1,1,0,0,0,2,6,4,3,1,2,1
15604,5,11,519,2018,1,5,13,0,1,0,0,0,0,0,1,0,7,3,0,3,0
15605,5,15,523,2018,1,4,16,0,1,0,0,0,0,1,2,0,7,3,1,3,0
15606,4,8,419,2018,1,7,21,0,0,1,0,0,0,1,2,1,5,3,0,3,0
15607,5,5,513,2018,1,7,20,0,0,1,0,0,0,0,1,2,6,3,0,3,0
15608,5,17,525,2018,1,5,15,0,0,1,1,0,0,0,2,6,3,3,0,3,0
15609,1,6,118,2018,1,4,13,0,0,1,0,0,1,0,2,0,7,3,0,3,0
15610,2,1,201,2018,1,3,7,0,0,1,0,0,0,0,1,2,6,3,1,3,0
15611,2,1,201,2018,1,1,14,0,0,1,0,0,0,0,1,5,3,3,0,3,0
15612,5,18,526,2018,1,3,8,0,1,0,0,0,0,0,1,0,7,3,0,3,0
15613,5,12,520,2018,1,5,17,0,0,1,1,0,0,0,2,6,7,3,1,3,0
15614,4,3,406,2018,1,5,18,0,0,1,1,0,0,0,2,6,2,3,1,3,0
15615,5,3,511,2018,1,2,14,0,0,1,0,0,0,0,1,2,2,3,1,3,0
15616,4,4,407,2018,1,5,9,0,0,1,0,0,0,0,1,1,6,3,0,3,0
15617,1,11,129,2018,1,6,17,0,0,1,0,0,0,0,1,4,2,3,1,2,1
15618,4,12,431,2018,1,5,16,0,0,1,0,0,0,0,1,2,6,3,1,3,0
15619,2,6,218,2018,1,4,15,0,1,1,0,0,0,0,2,5,6,3,1,3,0
15620,1,7,119,2018,1,6,0,0,0,1,0,0,0,0,1,2,1,3,0,3,0
15621,4,3,406,2018,1,5,7,0,1,1,0,0,0,0,2,1,5,3,0,3,0
15622,4,5,408,2018,1,5,12,0,0,1,0,0,0,0,1,4,2,3,0,3,0
15623,2,5,215,2018,1,2,17,0,0,1,0,0,0,1,2,2,6,3,1,3,0
15624,4,5,413,2018,1,5,18,0,0,1,0,0,0,0,1,2,6,3,1,3,0
15625,4,5,408,2018,1,5,19,0,0,1,0,0,0,0,1,2,6,3,1,3,0
15626,4,7,417,2018,1,2,23,0,0,1,0,0,0,1,2,1,7,3,1,3,0
15627,4,10,427,2018,1,5,15,0,0,1,1,0,0,0,2,6,2,3,1,3,0
15628,4,12,431,2018,1,6,16,0,0,1,0,0,0,0,1,5,3,3,1,3,0
15629,5,1,504,2018,1,5,22,0,0,1,0,0,0,0,1,1,5,3,1,3,0
15630,7,1,702,2018,1,3,14,0,0,1,0,0,1,0,2,2,7,3,1,3,0
15631,3,1,301,2018,1,6,17,0,0,1,1,0,0,0,2,6,7,3,1,3,0
15632,2,9,221,2018,1,5,17,0,0,1,0,0,0,1,2,5,3,3,1,3,0
15633,2,8,220,2018,1,5,8,0,0,1,0,0,0,0,1,3,7,3,0,3,0
15634,1,12,130,2018,1,1,0,0,0,1,0,0,0,0,1,8,1,3,1,3,0
15635,4,2,405,2018,1,5,17,0,0,1,0,0,0,1,2,2,6,3,1,3,0
15636,5,6,514,2018,1,5,15,0,0,1,0,0,0,0,1,4,6,3,2,3,0
15637,2,3,208,2018,1,2,15,0,1,0,1,0,0,0,2,6,3,3,0,3,0
15638,4,1,401,2018,1,5,9,0,0,1,0,0,0,0,1,5,2,3,0,3,0
15639,2,4,211,2018,1,5,8,0,1,0,0,0,0,1,2,0,6,3,0,3,0
15640,2,3,208,2018,1,6,17,0,0,1,0,0,0,0,1,5,2,3,1,3,0
15641,2,1,201,2018,1,5,9,0,0,1,0,0,0,0,1,3,7,3,0,3,0
15642,5,18,526,2018,1,3,14,0,0,1,0,0,0,0,1,2,6,3,1,3,0
15643,2,4,212,2018,1,5,17,0,0,1,1,0,0,0,2,6,4,3,1,1,1
15644,5,2,507,2018,1,3,15,0,0,0,0,1,0,0,1,8,1,3,0,3,0
15645,5,2,506,2018,1,3,19,0,0,1,1,0,0,0,2,6,2,3,1,3,0
15646,1,4,112,2018,1,5,19,0,1,1,0,0,0,0,2,3,2,3,1,3,0
15647,1,12,130,2018,1,7,20,0,0,1,0,0,0,1,2,5,7,3,0,3,0
15648,1,11,128,2018,1,4,6,0,1,1,0,0,0,0,2,5,2,3,0,3,0
15649,4,2,405,2018,1,5,19,0,0,1,0,0,0,0,1,3,7,3,1,3,0
15650,1,20,141,2018,1,2,7,0,1,1,0,0,0,0,2,5,3,3,0,3,0
15651,5,5,513,2018,1,1,10,0,0,1,0,0,0,0,1,5,3,3,0,3,0
15652,5,2,505,2018,1,3,16,0,0,1,0,0,0,0,1,1,5,3,0,3,0
15653,1,12,130,2018,1,4,19,0,0,1,0,0,1,0,2,1,5,3,0,3,0
15654,1,11,129,2018,1,4,9,0,1,1,0,0,0,0,2,5,3,3,0,3,0
15655,1,6,115,2018,1,3,12,0,0,1,0,0,0,0,1,2,2,3,0,3,0
15656,5,1,502,2018,1,3,17,0,1,1,0,0,0,0,2,4,2,3,1,3,0
15657,5,3,511,2018,1,4,9,0,0,1,0,0,0,0,1,2,6,3,1,3,0
15658,4,10,428,2018,1,3,20,0,1,1,0,0,0,0,2,4,2,3,1,3,0
15659,5,3,511,2018,1,4,10,0,0,1,0,0,0,0,1,5,3,3,0,3,0
15660,5,7,515,2018,1,7,19,0,0,1,0,0,0,0,1,1,7,3,0,3,0
15661,4,5,408,2018,1,4,6,0,0,1,0,0,0,0,1,5,3,3,0,3,0
15662,5,6,514,2018,1,4,9,0,0,1,0,0,0,0,1,5,7,3,1,3,0
15663,7,1,701,2018,1,2,7,0,1,1,0,0,0,0,2,3,6,3,0,3,0
15664,1,7,120,2018,1,7,7,0,1,1,0,0,0,0,2,5,3,3,1,2,1
15665,4,10,426,2018,1,4,18,0,0,1,0,1,0,0,2,5,3,3,0,3,0
15666,3,9,321,2018,1,4,14,0,0,1,0,0,0,0,1,5,3,3,0,3,0
15667,5,18,526,2018,1,2,20,0,0,1,0,0,0,0,1,5,2,3,1,3,0
15668,2,4,212,2018,1,4,19,0,0,0,0,1,0,0,1,0,7,3,0,3,0
15669,5,6,514,2018,1,6,12,0,0,1,0,0,0,0,1,0,7,3,1,2,1
15670,1,16,137,2018,1,3,11,0,0,1,0,0,0,1,2,0,6,3,0,3,0
15671,6,2,602,2018,1,3,17,0,1,1,0,0,0,0,2,5,3,3,0,3,0
15672,1,3,108,2018,1,7,22,0,0,0,0,1,0,0,1,0,1,3,1,3,0
15673,6,2,602,2018,1,3,20,0,0,1,1,0,0,0,2,6,3,3,0,2,1
15674,4,8,423,2018,1,4,10,0,0,1,0,0,1,0,2,2,2,3,1,3,0
15675,2,11,223,2018,1,7,12,0,0,1,0,0,0,0,1,5,3,3,1,3,0
15676,6,2,603,2018,1,3,14,0,0,1,0,0,0,0,1,5,3,3,0,3,0
15677,1,12,130,2018,1,3,15,0,0,1,0,0,0,0,1,3,6,3,0,3,0
15678,4,10,428,2018,1,2,22,0,0,1,0,0,0,0,1,5,3,3,0,3,0
15679,1,11,129,2018,1,3,15,0,0,1,0,0,0,0,1,2,6,3,0,3,0
15680,3,8,320,2018,1,6,12,0,0,1,0,0,0,0,1,2,6,3,1,3,0
15681,7,10,711,2018,1,2,11,0,0,1,0,0,0,0,1,3,2,3,0,3,0
15682,5,14,522,2018,1,3,10,0,1,0,0,0,0,1,2,5,3,3,1,3,0
15683,5,9,517,2018,1,3,18,0,0,1,0,0,0,0,1,5,7,3,0,3,0
15684,1,14,133,2018,1,3,8,0,0,1,0,0,1,0,2,3,2,3,1,3,0
15685,1,12,130,2018,1,5,15,0,1,1,0,0,0,0,2,5,3,3,1,3,0
15686,5,17,525,2018,1,3,17,0,0,1,1,0,0,0,2,6,3,3,0,2,1
15687,5,11,519,2018,1,3,14,0,0,1,0,0,0,0,1,2,6,3,0,3,0
15688,2,4,213,2018,1,4,5,0,1,0,0,1,0,0,2,1,1,3,1,3,0
15689,5,3,510,2018,1,6,7,0,0,1,0,1,0,0,2,0,3,3,1,3,0
15690,4,5,413,2018,1,3,8,0,0,1,0,0,0,1,2,2,6,3,0,3,0
15691,4,10,428,2018,1,3,17,0,0,1,0,0,0,0,1,2,6,3,0,3,0
15692,2,1,205,2018,1,2,10,0,1,1,0,0,0,0,2,1,5,3,1,3,0
15693,3,3,314,2018,1,3,18,0,1,0,1,0,0,0,2,6,4,3,0,3,0
15694,1,20,141,2018,1,5,8,0,0,1,0,1,0,0,2,4,2,3,1,2,1
15695,1,16,137,2018,1,2,13,0,0,1,0,0,0,0,1,8,7,3,0,3,0
15696,7,7,708,2018,1,2,17,0,0,1,0,0,0,1,2,1,6,3,0,3,0
15697,6,2,603,2018,1,2,9,0,1,0,0,0,0,1,2,5,3,3,0,3,0
15698,5,2,506,2018,1,3,13,0,1,0,0,0,0,0,1,5,3,3,0,3,0
15699,5,11,519,2018,1,3,7,0,1,1,0,0,0,0,2,3,2,3,1,3,0
15700,1,13,131,2018,1,2,11,0,0,1,0,0,1,0,2,5,3,3,0,3,0
15701,1,6,117,2018,1,7,21,0,0,1,1,0,0,0,2,6,4,3,1,2,1
15702,1,11,128,2018,1,2,12,0,0,1,0,0,0,0,1,1,6,3,0,3,0
15703,1,8,124,2018,1,2,15,0,0,1,0,0,0,0,1,2,6,3,0,3,0
15704,2,8,220,2018,1,1,19,0,0,1,0,0,0,0,1,2,6,3,1,3,0
15705,5,4,512,2018,1,2,14,0,0,1,0,0,0,0,1,5,3,3,0,3,0
15706,5,11,519,2018,1,5,11,0,0,1,0,0,0,0,1,3,6,3,2,3,0
15707,1,1,101,2018,1,2,18,0,0,1,0,0,0,0,1,2,6,3,1,3,0
15708,1,6,117,2018,1,2,7,0,0,1,0,0,0,0,1,2,6,3,0,3,0
15709,5,3,510,2018,1,2,7,0,1,1,0,0,0,0,2,3,2,3,0,3,0
15710,5,1,504,2018,1,2,7,0,0,1,0,0,0,0,1,4,6,3,0,3,0
15711,2,9,221,2018,1,3,18,0,0,1,0,0,0,0,1,2,7,3,1,3,0
15712,2,10,222,2018,1,2,7,0,0,1,0,0,0,0,1,2,6,3,0,3,0
15713,4,10,428,2018,1,7,19,0,1,1,0,0,0,0,2,5,3,3,0,3,0
15714,5,6,514,2018,1,2,9,0,0,1,0,0,0,0,1,2,6,3,0,3,0
15715,2,8,220,2018,1,2,12,0,1,1,0,0,0,0,2,5,2,3,0,3,0
15716,5,17,525,2018,1,4,8,0,0,1,0,0,0,0,1,2,6,3,1,3,0
15717,5,6,514,2018,1,7,15,0,0,1,0,0,0,0,1,2,6,3,0,3,0
15718,5,5,513,2018,1,2,15,0,0,0,0,0,0,1,1,0,7,3,0,2,1
15719,3,5,317,2018,1,2,13,0,0,0,0,0,0,1,1,0,7,3,1,3,0
15720,1,1,101,2018,1,2,16,0,0,1,0,0,0,0,1,4,2,3,0,3,0
15721,1,16,137,2018,1,4,16,0,1,1,0,0,0,0,2,5,3,3,0,3,0
15722,2,2,207,2018,1,1,14,0,1,0,0,0,0,0,1,0,7,3,0,3,0
15723,6,1,601,2018,1,1,3,0,0,1,0,0,0,0,1,8,1,3,1,3,0
15724,4,13,432,2018,1,1,13,0,0,1,0,0,0,0,1,5,7,3,0,3,0
15725,1,12,130,2018,1,2,19,0,0,1,0,0,0,0,1,2,7,3,1,3,0
15726,4,7,416,2018,1,1,14,0,0,1,0,0,0,0,1,5,3,3,0,3,0
15727,1,12,130,2018,1,6,15,0,0,1,0,0,0,0,1,2,6,3,1,3,0
15728,5,6,514,2018,1,2,19,0,0,1,0,0,0,0,1,2,6,3,0,3,0
15729,1,1,101,2018,1,1,15,0,0,1,0,0,0,0,1,1,2,3,0,3,0
15730,2,7,219,2018,1,4,18,0,0,1,1,0,0,0,2,6,4,3,1,3,0
15731,2,1,203,2018,1,7,3,0,0,1,0,0,0,0,1,5,3,3,1,3,0
15732,5,2,507,2018,1,7,22,0,0,1,0,0,0,0,1,4,2,3,0,3,0
15733,5,7,515,2018,1,7,15,0,0,1,0,0,0,0,1,3,6,3,0,3,0
15734,2,5,215,2018,1,2,17,0,0,1,0,0,0,0,1,2,6,3,1,3,0
15735,4,10,426,2018,1,7,17,0,0,1,1,0,0,0,2,6,2,3,0,3,0
15736,2,9,221,2018,1,6,14,0,0,1,0,0,0,1,2,5,2,3,1,3,0
15737,4,13,432,2018,1,2,19,0,1,1,0,0,0,0,2,3,2,3,1,3,0
15738,4,2,403,2018,1,7,10,0,1,1,0,0,0,0,2,5,3,3,1,3,0
15739,5,2,508,2018,1,6,21,0,1,1,0,0,0,0,2,4,2,3,0,3,0
15740,5,18,526,2018,1,2,7,0,0,1,0,0,0,1,2,5,3,3,0,3,0
15741,1,3,108,2018,1,7,2,0,0,1,0,0,0,0,1,5,3,3,1,3,0
15742,1,3,106,2018,1,4,19,0,0,1,1,0,0,0,2,6,2,3,1,3,0
15743,2,8,220,2018,1,6,17,0,1,1,0,0,0,0,2,5,3,3,1,3,0
15744,1,20,141,2018,1,6,16,0,0,1,1,0,0,0,2,6,4,3,1,2,1
15745,6,2,602,2018,1,6,6,0,0,0,1,0,0,1,2,6,2,3,1,1,1
15746,6,1,601,2018,1,1,9,0,0,1,0,0,0,0,1,5,3,3,1,3,0
15747,1,12,130,2018,1,6,15,0,1,1,0,0,0,0,2,5,2,3,0,3,0
15748,1,15,134,2018,1,5,14,0,0,1,0,0,1,0,2,5,3,3,1,3,0
15749,4,2,405,2018,1,2,5,0,1,0,0,0,0,0,1,4,2,3,0,3,0
15750,4,9,425,2018,1,2,16,0,0,1,0,0,0,0,1,2,6,3,1,3,0
15751,1,12,130,2018,1,6,19,0,0,1,0,0,0,1,2,4,7,3,1,3,0
15752,1,8,126,2018,1,6,0,0,0,1,0,0,0,0,1,5,3,3,1,3,0
15753,5,2,508,2018,1,2,18,0,0,1,0,0,0,0,1,2,6,3,1,3,0
15754,4,9,424,2018,1,6,12,0,0,1,0,0,0,0,1,5,3,3,1,3,0
15755,1,6,115,2018,1,3,20,0,0,1,0,0,0,0,1,3,6,3,1,3,0
15756,5,11,519,2018,1,6,13,0,0,1,0,0,0,0,1,5,3,3,1,3,0
15757,5,10,518,2018,1,6,14,0,0,1,0,0,0,0,1,4,2,3,1,3,0
15758,5,18,526,2018,1,3,19,0,0,1,1,0,0,0,2,6,2,3,1,3,0
15759,4,12,431,2018,1,6,12,0,0,1,0,0,0,0,1,0,6,3,1,3,0
15760,6,7,608,2018,1,7,9,0,0,1,0,0,0,0,1,5,3,3,1,3,0
15761,5,5,513,2018,1,2,9,0,1,1,0,0,0,0,2,5,3,3,0,2,1
15762,4,4,407,2018,1,6,13,0,1,1,0,0,0,0,2,5,3,3,1,3,0
15763,2,8,220,2018,1,5,13,0,0,1,0,0,0,0,1,2,2,3,0,3,0
15764,7,10,711,2018,1,1,14,0,0,1,0,0,0,0,1,5,3,3,0,3,0
15765,5,12,520,2018,1,2,14,0,0,1,1,0,0,0,2,6,4,3,0,3,0
15766,4,6,414,2018,1,6,10,0,1,1,0,0,0,0,2,5,3,3,1,3,0
15767,3,6,318,2018,1,3,8,0,1,1,0,0,0,0,2,5,3,3,0,3,0
15768,3,9,321,2018,1,6,9,0,0,1,0,0,0,0,1,5,3,3,1,3,0
15769,3,4,316,2018,1,3,22,0,0,1,1,0,0,0,2,6,2,3,0,3,0
15770,3,8,320,2018,1,6,16,0,1,0,0,0,0,0,1,7,7,3,1,3,0
15771,2,5,215,2018,1,7,11,0,0,1,0,0,0,1,2,2,6,3,1,3,0
15772,4,12,431,2018,1,2,8,0,0,1,0,0,0,0,1,4,2,3,0,3,0
15773,4,7,416,2018,1,3,9,0,0,1,0,0,0,1,2,4,2,3,1,3,0
15774,2,8,220,2018,1,6,16,0,0,1,0,0,0,0,1,2,2,3,1,3,0
15775,5,7,515,2018,1,7,14,0,0,1,0,0,0,0,1,5,7,3,0,3,0
15776,4,5,409,2018,1,2,8,0,1,1,0,0,0,0,2,4,2,3,0,3,0
15777,2,4,212,2018,1,6,0,0,1,0,0,0,0,0,1,0,7,3,1,2,1
15778,5,3,511,2018,1,4,18,0,0,1,0,0,0,0,1,3,6,3,1,3,0
15779,1,12,130,2018,1,7,18,0,0,1,0,0,0,0,1,4,2,3,0,2,1