SN,District,Imperial_Circle,Community,Year,Month,Weekday,Hour,Road,Cycle,Car,Pedestrians,Motorcycle,Goods Vehicle,Others,Total,Collision Type,Accident Type,Light Condition,Road Condition,Accident_Severity,Severity
16081,4,2,403,2018,1,6,14,0,1,1,0,0,0,0,2,5,3,3,0,3,0
16082,7,2,703,2018,2,6,17,0,0,1,0,0,0,1,2,2,6,3,1,3,0
16083,3,2,312,2018,2,2,20,0,0,1,0,0,0,1,2,3,3,3,1,3,0
16084,1,16,136,2018,2,5,14,0,0,0,0,0,0,1,1,9,1,3,0,3,0
16085,2,3,208,2018,1,6,9,0,0,1,0,0,0,0,1,0,7,3,0,3,0
16086,7,1,701,2018,2,6,16,0,0,1,1,0,0,0,2,6,4,3,1,2,1
16087,7,14,715,2018,2,5,7,0,1,1,0,0,0,0,2,5,3,3,0,3,0
16088,2,5,215,2018,1,4,18,0,0,1,0,0,0,0,1,4,2,3,1,3,0
16089,2,8,220,2018,2,2,11,0,0,1,0,0,0,0,1,2,6,3,1,3,0
16090,2,9,221,2018,2,6,17,0,1,0,0,0,0,0,1,7,7,3,0,3,0
16091,7,9,710,2018,1,5,7,0,1,1,0,0,0,0,2,5,2,3,1,3,0
16092,7,1,701,2018,2,6,14,0,1,0,0,0,0,0,1,5,3,3,0,3,0
16093,3,6,318,2018,2,6,9,0,1,1,0,0,0,0,2,5,3,3,0,3,0
16094,4,13,432,2018,1,4,14,0,0,0,1,0,1,0,2,6,4,3,1,3,0
16095,4,5,408,2018,2,4,12,0,1,1,0,0,0,0,2,4,2,3,0,3,0
16096,6,2,602,2018,1,5,19,0,0,1,0,0,0,0,1,2,2,3,0,3,0
16097,7,14,715,2018,2,2,13,0,1,0,1,0,0,0,2,6,7,3,0,2,1
16098,1,12,130,2018,1,5,4,0,0,1,0,0,0,0,1,8,1,3,1,3,0
16099,1,16,136,2018,2,6,15,0,0,1,0,1,0,0,2,4,6,3,0,3,0
16100,5,3,510,2018,2,1,18,0,0,1,0,0,0,0,1,4,7,3,1,3,0
16101,5,13,521,2018,2,5,20,0,0,1,0,1,0,0,2,0,2,3,0,3,0
16102,1,14,132,2018,1,5,16,0,0,1,0,0,0,1,2,5,3,3,0,3,0
16103,5,18,526,2018,2,5,6,0,1,1,0,0,0,0,2,3,2,3,0,3,0
16104,3,1,310,2018,1,4,7,0,1,1,0,0,0,0,2,4,2,3,1,3,0
16105,1,1,101,2018,2,4,19,0,0,1,0,0,0,0,1,2,2,3,0,3,0
16106,5,18,526,2018,1,5,11,0,1,1,0,0,0,0,2,3,2,3,0,3,0
16107,4,3,406,2018,2,4,14,0,0,1,1,0,0,0,2,6,7,3,0,2,1
16108,5,18,526,2018,1,5,16,0,0,1,0,0,0,1,2,3,6,3,0,3,0
16109,3,8,320,2018,2,2,8,0,0,1,0,0,0,0,1,1,5,3,1,3,0
16110,3,9,321,2018,1,5,8,0,0,1,0,0,1,0,2,3,6,3,0,3,0
16111,1,16,136,2018,2,6,8,0,0,1,0,0,1,0,2,2,6,3,1,3,0
16112,7,10,711,2018,2,7,22,0,0,1,0,0,0,0,1,5,3,3,0,3,0
16113,2,8,220,2018,2,5,11,0,0,1,0,0,1,0,2,3,6,3,0,3,0
16114,2,7,219,2018,1,5,17,0,1,1,0,0,0,0,2,5,3,3,0,3,0
16115,6,2,602,2018,1,3,7,0,1,1,0,0,0,0,2,2,7,3,1,3,0
16116,4,5,412,2018,2,5,13,0,1,1,0,0,0,0,2,5,3,3,0,3,0
16117,3,6,318,2018,1,5,11,0,1,1,0,0,0,0,2,5,3,3,0,3,0
16118,5,18,526,2018,2,3,14,0,0,1,0,0,0,0,1,1,5,3,0,3,0
16119,3,2,312,2018,1,5,19,0,0,0,1,0,0,1,2,0,4,3,0,3,0
16120,1,16,137,2018,2,6,12,0,0,0,1,0,0,1,2,7,7,3,1,3,0
16121,5,5,513,2018,2,2,10,0,0,1,0,0,0,0,1,3,6,3,1,3,0
16122,1,12,130,2018,2,6,18,0,0,1,0,0,0,0,1,4,6,3,1,3,0
16123,7,1,701,2018,1,4,13,0,0,1,1,0,0,0,2,6,7,3,0,3,0
16124,6,2,602,2018,2,6,18,0,0,1,1,0,0,0,2,6,2,3,0,3,0
16125,6,1,601,2018,2,6,11,0,0,1,0,0,0,0,1,5,3,3,0,3,0
16126,1,5,113,2018,1,4,10,0,0,1,0,0,0,0,1,2,6,3,1,3,0
16127,6,1,601,2018,2,6,19,0,0,1,0,0,0,0,1,5,3,3,1,3,0
16128,6,2,602,2018,1,4,6,0,0,1,0,0,0,0,1,1,6,3,1,3,0
16129,3,5,317,2018,2,7,7,0,0,1,1,0,0,0,2,6,3,3,0,3,0
16130,3,2,311,2018,2,5,7,0,0,0,1,0,0,1,2,6,2,3,0,2,1
16131,2,4,214,2018,2,5,8,0,0,0,1,0,0,1,2,6,2,3,0,3,0
16132,1,12,130,2018,1,4,18,0,0,0,1,0,0,1,2,6,7,3,0,3,0
16133,5,7,515,2018,2,3,13,0,0,1,1,0,0,0,2,6,4,3,0,2,1
16134,1,13,131,2018,1,4,11,0,0,1,0,0,0,0,1,5,3,3,0,3,0
16135,4,7,416,2018,2,2,7,0,0,0,1,0,0,1,2,6,4,3,1,2,1
16136,5,7,515,2018,2,6,10,0,1,0,0,0,0,0,1,2,6,3,0,3,0
16137,5,18,526,2018,1,4,17,0,0,1,0,0,0,0,1,5,3,3,0,3,0
16138,5,12,520,2018,2,6,15,0,1,0,0,0,0,0,1,0,7,3,0,3,0
16139,5,7,515,2018,1,4,8,0,0,1,0,0,0,1,2,5,3,3,1,3,0
16140,5,11,519,2018,2,4,16,0,0,1,0,0,0,0,1,2,6,3,0,3,0
16141,5,5,513,2018,1,4,7,0,1,1,0,0,0,0,2,5,3,3,1,2,1
16142,1,16,136,2018,2,4,13,0,0,1,0,0,0,1,2,0,3,3,0,3,0
16143,5,6,514,2018,1,4,6,0,0,1,0,0,0,0,1,5,2,3,1,3,0
16144,2,11,224,2018,2,3,13,0,0,1,0,1,0,0,2,2,6,3,0,3,0
16145,5,7,515,2018,1,4,18,0,0,0,1,0,0,1,2,6,4,3,0,3,0
16146,3,6,318,2018,2,2,18,0,1,1,0,0,0,0,2,2,6,3,2,3,0
16147,2,7,219,2018,2,6,15,0,1,0,1,0,0,0,2,6,6,3,1,3,0
16148,5,11,519,2018,1,4,8,0,0,1,0,0,1,0,2,5,3,3,1,3,0
16149,3,3,314,2018,2,6,7,0,1,1,0,0,0,0,2,4,2,3,0,3,0
16150,4,10,428,2018,1,4,7,0,0,1,1,0,0,0,2,6,2,3,1,3,0
16151,3,8,320,2018,2,4,11,0,1,1,0,0,0,0,2,5,2,3,0,3,0
16152,5,13,521,2018,1,4,17,0,0,1,0,0,0,0,1,2,6,3,0,3,0
16153,5,5,513,2018,2,2,8,0,0,1,0,0,0,1,2,2,6,3,1,3,0
16154,4,13,432,2018,1,4,7,0,1,1,0,0,0,0,2,5,3,3,1,2,1
16155,3,1,302,2018,2,2,9,0,0,1,0,1,0,0,2,5,7,3,1,3,0
16156,4,13,432,2018,2,1,9,0,0,1,0,0,0,0,1,4,1,3,1,3,0
16157,4,10,427,2018,2,5,12,0,1,1,0,0,0,0,2,5,3,3,0,3,0
16158,4,4,407,2018,1,4,9,0,0,0,0,1,0,1,2,6,4,3,1,1,1
16159,1,3,108,2018,2,3,17,0,0,1,1,0,0,0,2,6,4,3,0,3,0
16160,4,4,407,2018,1,4,7,0,1,1,0,0,0,0,2,5,2,3,1,3,0
16161,7,16,717,2018,2,1,14,0,0,1,0,0,0,1,2,5,2,3,1,3,0
16162,1,11,129,2018,2,5,11,0,0,0,1,0,0,1,2,6,4,3,0,3,0
16163,2,5,215,2018,1,4,14,0,0,1,0,0,0,0,1,5,3,3,0,3,0
16164,5,2,508,2018,2,5,18,0,0,1,0,0,0,0,1,2,6,3,0,3,0
16165,4,1,401,2018,1,4,7,0,0,1,1,0,0,0,2,6,2,3,1,3,0
16166,3,3,314,2018,2,4,9,0,1,1,0,0,0,0,2,5,3,3,0,3,0
16167,2,8,220,2018,1,4,20,0,0,1,0,0,0,0,1,2,6,3,1,3,0
16168,2,5,215,2018,1,4,11,0,0,1,1,0,0,0,2,6,4,3,1,3,0
16169,2,9,221,2018,2,7,16,0,0,1,0,0,0,1,2,3,2,3,0,3,0
16170,3,1,305,2018,2,5,7,0,0,1,1,0,0,0,2,6,4,3,0,3,0
16171,1,7,120,2018,1,3,21,0,1,1,0,0,0,0,2,5,3,3,1,3,0
16172,3,8,320,2018,2,5,21,0,0,1,1,0,0,0,2,6,4,3,0,3,0
16173,6,6,607,2018,2,4,10,0,0,1,1,0,0,0,2,6,6,3,0,2,1
16174,1,2,103,2018,3,2,12,0,0,1,1,0,0,0,2,4,2,3,0,3,0
16175,1,14,133,2018,2,7,18,0,0,1,0,0,0,0,1,1,6,3,0,3,0
16176,5,18,526,2018,2,4,11,0,1,0,0,0,0,0,1,0,7,3,0,1,1
16177,5,8,516,2018,3,5,7,0,0,1,0,0,0,0,1,5,3,3,0,3,0
16178,1,16,137,2018,2,4,6,0,0,1,0,0,1,0,2,2,6,3,0,3,0
16179,4,12,431,2018,3,4,15,0,0,1,0,0,1,0,2,5,3,3,1,2,1
16180,5,5,513,2018,2,4,19,0,0,1,0,0,0,0,1,4,2,3,0,3,0
16181,6,10,611,2018,3,3,17,0,0,1,0,0,0,1,2,0,6,3,0,2,1
16182,5,9,517,2018,2,4,1,0,0,1,1,0,0,0,2,0,7,3,0,3,0
16183,5,6,514,2018,3,7,20,0,0,0,0,0,0,1,1,0,6,3,1,3,0
16184,5,8,516,2018,2,6,7,0,0,1,1,0,0,0,2,6,4,3,0,3,0
16185,4,6,415,2018,2,4,13,0,1,1,0,0,0,0,2,1,5,3,0,3,0
16186,3,9,321,2018,2,4,19,0,1,1,0,0,0,0,2,0,5,3,0,3,0
16187,3,8,320,2018,2,4,9,0,1,1,0,0,0,0,2,5,3,3,0,2,1
16188,1,4,112,2018,3,5,17,0,0,1,0,0,0,0,1,2,6,3,2,3,0
16189,2,9,221,2018,2,4,10,0,1,1,0,0,0,0,2,5,3,3,0,3,0
16190,3,7,319,2018,2,4,13,0,1,1,0,0,0,0,2,5,3,3,0,3,0
16191,2,1,201,2018,2,3,18,0,0,1,0,0,0,0,1,4,2,3,1,3,0
16192,2,9,221,2018,2,4,7,0,0,1,1,0,0,0,2,6,4,3,0,3,0
16193,2,9,221,2018,3,3,8,0,0,1,0,0,0,0,1,3,6,3,0,3,0
16194,2,9,221,2018,2,4,9,0,0,1,0,0,0,0,1,5,3,3,0,3,0
16195,6,2,602,2018,3,6,16,0,0,1,0,0,0,0,1,1,6,3,2,3,0
16196,2,3,209,2018,2,6,17,0,0,1,0,0,0,0,1,2,6,3,0,3,0
16197,3,7,319,2018,2,4,10,0,1,1,0,0,0,0,2,5,3,3,0,3,0
16198,2,1,203,2018,2,4,15,0,0,1,0,0,0,1,2,2,6,3,0,3,0
16199,2,1,205,2018,2,4,14,0,1,1,0,0,0,0,2,5,3,3,0,3,0
16200,5,2,509,2018,3,2,17,0,0,1,0,0,0,0,1,1,6,3,0,3,0
16201,1,3,108,2018,2,4,17,0,0,1,0,0,0,1,2,3,6,3,0,3,0
16202,1,1,101,2018,2,4,12,0,0,1,1,0,0,0,2,6,4,3,0,2,1
16203,7,10,711,2018,3,2,7,0,0,1,0,0,0,1,2,4,2,3,1,3,0
16204,1,3,108,2018,2,4,14,0,0,1,0,0,0,0,1,1,6,3,0,3,0
16205,4,8,421,2018,3,6,9,0,1,0,0,0,0,0,1,0,1,3,2,3,0
16206,7,1,702,2018,2,5,7,0,1,0,0,0,0,1,2,0,2,3,2,2,1
16207,7,14,715,2018,2,3,17,0,0,1,1,0,0,0,2,6,2,3,0,3,0
16208,7,10,711,2018,2,3,8,0,0,1,1,0,0,0,2,6,2,3,0,3,0
16209,6,6,607,2018,2,3,17,0,0,1,0,0,0,0,1,2,6,3,0,2,1
16210,2,8,220,2018,3,2,14,0,0,1,0,0,0,0,1,2,6,3,0,3,0
16211,5,6,514,2018,2,3,8,0,0,1,1,0,0,0,2,6,4,3,0,3,0
16212,5,5,513,2018,3,5,16,0,0,1,0,0,0,0,1,2,6,3,0,3,0
16213,3,1,304,2018,2,5,12,0,1,1,0,0,0,0,2,1,5,3,0,3,0
16214,3,2,312,2018,3,6,8,0,0,1,0,0,0,0,1,3,2,3,0,3,0
16215,5,12,520,2018,2,5,8,0,0,1,0,0,0,0,1,2,6,3,1,3,0
16216,5,12,520,2018,2,3,19,0,0,1,1,0,0,0,2,6,2,3,0,3,0
16217,1,14,132,2018,3,4,8,0,0,1,1,0,0,0,2,6,4,3,1,3,0
16218,5,13,521,2018,2,3,7,0,0,1,0,0,0,1,2,4,6,3,0,3,0
16219,3,1,310,2018,3,4,19,0,0,0,1,0,0,1,2,6,2,3,1,3,0
16220,1,3,106,2018,2,3,13,0,0,1,1,0,0,0,2,6,4,3,0,3,0
16221,4,5,409,2018,2,3,13,0,1,1,0,0,0,0,2,1,5,3,0,3,0
16222,7,4,705,2018,3,1,14,0,0,1,0,0,0,0,1,2,6,3,0,3,0
16223,4,5,413,2018,2,7,20,0,0,0,1,1,0,0,2,6,4,3,0,2,1
16224,4,5,413,2018,2,3,11,0,1,1,0,0,0,0,2,0,7,3,0,3,0
16225,3,6,318,2018,3,5,9,0,0,1,1,0,0,0,2,6,2,3,0,3,0
16226,2,5,215,2018,2,3,9,0,1,0,0,0,0,1,2,1,6,3,0,3,0
16227,1,16,137,2018,2,3,8,0,0,1,1,0,0,0,2,6,4,3,1,3,0
16228,1,5,114,2018,2,3,12,0,1,1,0,0,0,0,2,0,5,3,0,3,0
16229,3,5,317,2018,2,3,9,0,0,1,0,0,0,0,1,2,6,3,0,3,0
16230,4,9,424,2018,3,3,10,0,1,1,0,0,0,0,2,5,3,3,0,3,0
16231,3,2,311,2018,2,3,8,0,0,1,0,0,0,1,2,2,6,3,0,3,0
16232,4,13,432,2018,3,7,16,0,0,0,0,1,0,0,1,0,1,3,1,3,0
16233,5,16,524,2018,3,4,9,0,0,1,0,0,0,1,2,2,6,3,1,3,0
16234,1,5,114,2018,2,3,7,0,0,0,1,0,1,0,2,0,7,3,0,3,0
16235,3,8,320,2018,2,4,2,0,0,1,0,0,0,0,1,8,7,3,2,3,0
16236,1,5,114,2018,3,4,6,0,1,0,0,0,1,0,2,1,5,3,1,3,0
16237,1,15,134,2018,2,2,6,0,1,1,0,0,0,0,2,5,3,3,0,3,0
16238,6,1,601,2018,3,7,5,0,0,1,0,0,0,0,1,9,7,3,2,3,0
16239,7,10,711,2018,2,7,21,0,0,1,0,0,0,0,1,4,2,3,0,3,0
16240,1,11,129,2018,2,2,17,0,0,1,0,0,0,0,1,2,6,3,0,2,1
16241,7,16,717,2018,2,4,5,0,0,1,0,0,0,0,1,8,7,3,0,3,0
16242,1,2,104,2018,2,2,11,0,0,1,0,0,0,0,1,3,6,3,0,3,0
16243,1,12,130,2018,2,3,7,0,0,1,0,0,0,1,2,5,3,3,2,3,0
16244,1,8,121,2018,2,2,9,0,0,1,0,0,0,0,1,5,2,3,0,3,0
16245,3,3,313,2018,3,3,18,0,1,1,0,0,0,0,2,3,6,3,0,3,0
16246,1,8,121,2018,2,2,10,0,1,1,0,0,0,0,2,1,5,3,0,3,0
16247,5,6,514,2018,3,6,9,0,0,1,0,0,0,0,1,5,3,3,0,3,0
16248,3,2,312,2018,2,6,8,0,1,1,0,0,0,0,2,5,3,3,0,3,0
16249,5,6,514,2018,2,2,22,0,1,1,0,0,0,0,2,1,5,3,0,3,0
16250,5,3,510,2018,2,2,15,0,1,0,1,0,0,0,2,6,7,3,0,3,0
16251,4,13,432,2018,2,6,14,0,0,1,0,0,0,0,1,2,6,3,0,3,0
16252,4,11,430,2018,2,2,7,0,0,1,0,0,0,0,1,2,2,3,0,3,0
16253,4,10,427,2018,2,2,16,0,1,1,0,0,0,0,2,5,3,3,0,3,0
16254,2,6,218,2018,2,2,11,0,1,1,0,0,0,0,2,5,3,3,0,3,0
16255,1,8,123,2018,3,2,19,0,0,1,0,0,0,0,1,2,6,3,0,3,0
16256,2,2,207,2018,2,2,9,0,0,1,0,0,0,1,2,4,7,3,0,3,0
16257,2,9,221,2018,3,6,13,0,0,1,0,0,0,1,2,0,7,3,0,3,0
16258,5,3,510,2018,2,5,7,0,1,0,1,0,0,0,2,6,6,3,2,3,0
16259,7,1,702,2018,2,1,21,0,0,1,1,0,0,0,2,6,4,3,0,2,1
16260,5,18,526,2018,2,3,16,0,0,1,0,0,0,0,1,2,2,3,2,3,0
16261,4,5,409,2018,2,4,7,0,0,1,0,0,0,1,2,2,6,3,2,3,0
16262,6,5,606,2018,3,4,12,0,0,1,1,0,0,0,2,6,4,3,1,3,0
16263,6,1,601,2018,2,1,12,0,0,1,0,0,0,0,1,5,3,3,0,3,0
16264,4,6,415,2018,3,4,11,0,0,1,1,0,0,0,2,0,2,3,1,3,0
16265,4,12,431,2018,2,1,13,0,0,1,0,0,0,0,1,2,6,3,0,3,0
16266,2,5,215,2018,3,2,8,0,0,1,0,0,1,0,2,3,6,3,1,3,0
16267,1,3,108,2018,2,1,0,0,0,1,0,0,0,1,2,5,7,3,0,3,0
16268,5,14,522,2018,3,2,18,0,0,1,0,0,0,0,1,5,2,3,0,3,0
16269,1,1,101,2018,2,1,13,0,0,0,0,0,0,1,1,3,6,3,0,3,0
16270,1,16,136,2018,3,5,19,0,0,1,1,0,0,0,2,6,4,3,0,3,0
16271,4,6,415,2018,2,5,10,0,0,1,0,0,0,0,1,1,6,3,1,3,0
16272,7,1,701,2018,2,7,20,0,0,1,0,0,0,0,1,5,3,3,0,3,0
16273,5,6,514,2018,2,3,17,0,0,1,0,0,0,0,1,2,2,3,2,3,0
16274,5,6,514,2018,3,4,9,0,0,1,0,0,0,0,1,4,2,3,1,3,0
16275,1,16,137,2018,2,7,19,0,0,1,0,0,0,0,1,4,2,3,0,3,0
16276,4,1,401,2018,3,4,7,0,1,1,0,0,0,0,2,5,3,3,1,2,1
16277,7,2,703,2018,2,2,12,0,0,1,0,0,1,0,2,1,2,3,0,3,0
16278,6,6,607,2018,2,7,12,0,0,1,0,0,0,1,2,4,6,3,0,3,0
16279,5,3,510,2018,3,1,15,0,0,1,0,0,0,1,2,5,3,3,0,3,0
16280,4,3,406,2018,2,7,13,0,0,1,0,0,0,0,1,1,5,3,0,3,0
16281,1,13,131,2018,2,7,10,0,0,1,0,0,0,1,2,2,2,3,0,2,1
16282,2,1,205,2018,3,5,18,0,0,1,1,0,0,0,2,6,4,3,0,3,0
16283,5,7,515,2018,2,3,15,0,0,1,0,0,0,1,2,2,6,3,1,3,0
16284,1,8,122,2018,2,7,22,0,1,1,0,0,0,0,2,4,2,3,0,2,1
16285,4,2,405,2018,2,1,19,0,0,1,0,0,0,0,1,2,6,3,2,3,0
16286,5,4,512,2018,2,7,14,0,0,1,0,0,0,0,1,2,6,3,0,3,0
16287,5,4,512,2018,3,5,7,0,0,0,1,0,1,0,2,6,4,3,0,3,0
16288,1,1,101,2018,2,5,6,0,0,1,0,0,0,0,1,4,2,3,0,3,0
16289,3,8,320,2018,2,3,12,0,1,1,0,0,0,0,2,5,2,3,1,3,0
16290,4,12,431,2018,3,4,13,0,0,1,0,0,0,1,2,5,3,3,1,3,0
16291,5,18,526,2018,2,7,16,0,0,1,0,0,0,0,1,2,6,3,1,3,0
16292,7,8,709,2018,3,3,10,0,0,1,0,0,0,0,1,1,6,3,1,3,0
16293,4,10,426,2018,2,7,19,0,0,1,0,0,0,0,1,4,2,3,0,3,0
16294,1,11,129,2018,3,7,13,0,0,1,0,0,0,0,1,5,3,3,0,3,0
16295,1,11,129,2018,2,6,11,0,0,1,0,0,0,1,2,2,6,3,0,3,0
16296,4,10,429,2018,2,7,1,0,0,1,0,0,0,0,1,4,2,3,0,3,0
16297,5,18,526,2018,2,4,8,0,0,1,0,0,0,1,2,5,3,3,2,3,0
16298,3,7,319,2018,2,3,12,0,0,1,0,0,0,1,2,1,6,3,1,3,0
16299,4,8,420,2018,2,7,0,0,0,1,0,0,0,0,1,4,2,3,0,3,0
16300,3,5,317,2018,2,3,14,0,1,0,0,0,0,1,2,5,3,3,2,2,1
16301,3,9,321,2018,2,7,17,0,0,1,0,0,0,0,1,2,6,3,0,3,0
16302,7,1,701,2018,3,2,18,0,0,1,0,0,0,1,2,5,2,3,1,3,0
16303,2,5,215,2018,2,7,8,0,0,1,0,0,0,0,1,5,3,3,0,3,0
16304,4,5,413,2018,3,3,11,0,1,1,0,0,0,0,2,3,2,3,0,3,0
16305,3,5,317,2018,2,7,19,0,0,0,0,1,0,0,1,0,7,3,0,3,0
16306,1,19,140,2018,3,6,6,0,0,1,0,0,0,0,1,2,6,3,0,3,0
16307,2,5,217,2018,2,6,18,0,0,1,0,0,0,0,1,1,5,3,0,3,0
16308,3,2,312,2018,2,7,18,0,0,1,0,0,0,0,1,3,6,3,0,3,0
16309,7,1,702,2018,2,2,5,0,0,1,0,0,0,0,1,5,3,3,2,3,0
16310,3,2,311,2018,2,7,17,0,1,1,0,0,0,0,2,0,7,3,0,3,0
16311,1,12,130,2018,2,6,12,0,0,1,0,0,0,0,1,2,6,3,1,3,0
16312,5,4,512,2018,3,2,11,0,0,1,0,0,0,0,1,5,3,3,1,3,0
16313,1,12,130,2018,2,6,22,0,0,1,0,0,0,0,1,5,3,3,1,3,0
16314,3,4,316,2018,3,6,22,0,1,0,0,0,0,1,2,5,3,3,0,3,0
16315,5,7,515,2018,2,5,6,0,0,1,0,0,0,0,1,5,7,3,1,3,0
16316,1,6,115,2018,2,6,15,0,0,1,0,0,0,0,1,2,6,3,0,3,0
16317,5,4,512,2018,2,6,15,0,0,1,0,0,0,1,2,2,6,3,0,3,0
16318,5,11,519,2018,3,6,17,0,0,1,0,0,0,0,1,2,6,3,0,3,0
16319,7,1,702,2018,2,5,15,0,0,1,0,0,0,0,1,2,6,3,0,3,0
16320,5,18,526,2018,2,6,12,0,0,1,0,0,0,0,1,2,6,3,1,3,0
16321,5,6,514,2018,2,2,4,0,0,1,0,0,0,0,1,4,6,3,1,3,0
16322,5,4,512,2018,2,6,16,0,0,1,0,0,0,0,1,5,3,3,1,3,0
16323,4,10,429,2018,2,6,20,0,0,1,1,0,0,0,2,6,4,3,0,3,0
16324,4,7,417,2018,3,2,12,0,0,1,0,0,0,0,1,2,6,3,0,3,0
16325,5,11,519,2018,2,6,15,0,0,1,0,0,0,0,1,2,6,3,1,3,0
16326,5,18,526,2018,3,5,19,0,0,1,0,0,0,0,1,5,3,3,2,3,0
16327,4,2,405,2018,2,5,14,0,0,1,0,1,0,0,2,5,3,3,0,3,0
16328,5,2,508,2018,2,2,9,0,0,1,0,0,0,0,1,1,6,3,1,3,0
16329,4,9,424,2018,3,4,14,0,0,1,0,1,0,0,2,5,3,3,0,3,0
16330,4,5,408,2018,2,6,15,0,1,1,0,0,0,0,2,4,3,3,0,3,0
16331,1,1,102,2018,3,4,18,0,0,0,0,1,0,0,1,0,1,3,1,3,0
16332,4,10,429,2018,2,2,7,0,0,1,0,0,1,0,2,4,6,3,2,3,0
16333,1,8,121,2018,3,4,21,0,0,1,1,0,0,0,2,6,4,3,1,3,0
16334,4,7,417,2018,2,6,13,0,0,1,0,0,0,0,1,1,7,3,0,3,0
16335,2,7,219,2018,3,4,20,0,0,1,1,0,0,0,2,6,2,3,1,3,0
16336,3,8,320,2018,2,6,23,0,0,1,0,0,0,0,1,3,6,3,1,3,0
16337,1,1,101,2018,3,2,13,0,1,1,0,0,0,0,2,0,7,3,1,3,0
16338,4,12,431,2018,2,7,7,0,0,1,0,0,0,0,1,0,1,3,0,2,1
16339,2,5,216,2018,2,6,10,0,0,1,0,0,0,0,1,2,6,3,0,3,0
16340,4,8,423,2018,3,5,17,0,1,0,1,0,0,0,2,6,7,3,0,3,0
16341,5,14,522,2018,2,2,21,0,0,1,0,0,0,0,1,4,6,3,2,3,0
16342,3,7,319,2018,2,6,6,0,1,1,0,0,0,0,2,2,6,3,2,3,0
16343,5,11,519,2018,2,2,13,0,0,1,0,0,0,0,1,5,3,3,1,3,0
16344,4,10,428,2018,3,4,17,0,1,1,0,0,0,0,2,5,3,3,1,3,0
16345,1,19,140,2018,2,6,6,0,0,1,0,0,0,0,1,1,6,3,2,3,0
16346,2,8,220,2018,2,4,16,0,0,0,1,0,0,1,2,6,4,3,0,3,0
16347,1,12,130,2018,3,3,16,0,0,1,0,0,0,0,1,1,5,3,0,3,0
16348,1,16,137,2018,2,5,20,0,0,1,0,0,0,0,1,5,2,3,1,3,0
16349,5,2,506,2018,3,7,18,0,0,1,0,0,0,0,1,1,6,3,0,3,0
16350,4,13,432,2018,2,6,16,0,1,1,0,0,0,0,2,0,3,3,0,3,0
16351,1,16,137,2018,2,5,13,0,0,1,0,0,0,0,1,5,3,3,1,3,0
16352,3,8,320,2018,2,2,15,0,0,1,0,0,0,0,1,5,2,3,1,3,0
16353,6,2,602,2018,2,5,19,0,1,1,0,0,0,0,2,5,3,3,2,3,0
16354,1,5,114,2018,3,1,5,0,0,1,0,0,0,0,1,2,6,3,0,3,0
16355,1,5,114,2018,2,7,16,0,0,1,0,0,0,1,2,0,7,3,0,3,0
16356,1,6,115,2018,2,5,18,0,0,1,0,0,0,0,1,1,6,3,2,3,0
16357,1,4,111,2018,3,5,12,0,0,1,1,0,0,0,2,6,4,3,0,3,0
16358,3,9,321,2018,2,2,14,0,0,1,0,0,0,0,1,3,6,3,1,3,0
16359,4,9,424,2018,2,5,12,0,0,1,0,0,0,1,2,5,3,3,0,3,0
16360,2,8,220,2018,2,2,7,0,0,1,0,0,0,0,1,2,6,3,2,3,0
16361,5,2,508,2018,2,5,12,0,0,1,0,0,0,0,1,5,3,3,1,3,0
16362,2,5,216,2018,3,3,14,0,1,1,0,0,0,0,2,5,2,3,0,3,0
16363,4,10,427,2018,2,5,6,0,0,1,1,0,0,0,2,6,2,3,0,3,0
16364,5,6,514,2018,2,4,17,0,0,1,0,0,0,0,1,9,1,3,2,3,0
16365,1,8,121,2018,3,6,5,0,1,1,0,0,0,0,2,5,2,3,0,3,0
16366,3,2,311,2018,2,6,11,0,0,1,0,0,0,1,2,2,6,3,0,3,0
16367,4,10,427,2018,2,5,16,0,1,0,1,0,0,0,2,6,4,3,0,3,0
16368,3,7,319,2018,2,2,18,0,0,1,1,0,0,0,2,6,2,3,1,3,0
16369,3,9,321,2018,2,5,18,0,0,1,1,0,0,0,2,6,4,3,1,3,0
16370,1,17,138,2018,2,2,15,0,0,1,0,0,1,0,2,3,6,3,1,3,0
16371,3,4,316,2018,2,5,14,0,0,1,0,0,0,0,1,2,6,3,1,3,0
16372,1,3,107,2018,2,5,21,0,0,1,1,0,0,0,2,6,2,3,1,3,0
16373,7,10,711,2018,2,1,10,0,0,1,0,0,0,0,1,4,2,3,1,3,0
16374,1,3,106,2018,2,5,1,0,1,0,0,0,0,0,1,0,7,3,0,3,0
16375,1,11,128,2018,3,2,14,0,1,1,0,0,0,0,2,5,3,3,0,2,1
16376,1,5,113,2018,2,5,18,0,1,1,0,0,0,0,2,3,2,3,1,3,0
16377,2,11,224,2018,3,6,16,0,0,1,0,0,0,0,1,5,3,3,0,3,0
16378,1,15,134,2018,2,5,1,0,0,1,0,0,0,0,1,7,7,3,1,3,0
16379,1,20,141,2018,2,4,16,0,0,1,1,0,0,0,2,6,4,3,0,3,0
16380,7,10,711,2018,2,1,8,0,0,1,0,0,0,0,1,5,3,3,0,3,0
16381,6,1,601,2018,3,4,16,0,0,1,1,0,0,0,2,6,4,3,1,3,0