SN,District,Imperial_Circle,Community,Year,Month,Weekday,Hour,Road,Cycle,Car,Pedestrians,Motorcycle,Goods Vehicle,Others,Total,Collision Type,Accident Type,Light Condition,Road Condition,Accident_Severity,Severity
17586,1,5,113,2018,5,5,19,0,0,1,1,0,0,0,2,6,7,3,0,3,0
17587,7,13,714,2018,5,5,17,0,1,0,0,0,0,0,1,5,3,3,0,3,0
17588,5,18,526,2018,5,5,9,0,1,1,0,0,0,0,2,5,3,3,0,2,1
17589,5,18,526,2018,5,2,19,0,0,1,0,0,0,0,1,2,2,3,0,3,0
17590,4,5,410,2018,5,3,22,0,1,1,0,0,0,0,2,3,6,3,0,3,0
17591,5,18,526,2018,5,2,14,0,1,1,0,0,0,0,2,5,7,3,0,3,0
17592,4,10,428,2018,5,2,17,0,0,1,0,0,0,0,1,9,7,3,0,3,0
17593,5,9,517,2018,5,2,22,0,1,1,0,0,0,1,3,3,6,3,0,2,1
17594,5,4,512,2018,6,6,11,0,0,1,0,0,0,1,2,0,6,3,0,3,0
17595,1,13,131,2018,5,6,7,0,1,1,0,0,0,0,2,4,2,3,0,3,0
17596,5,17,525,2018,5,2,18,0,0,1,1,0,0,0,2,6,4,3,0,2,1
17597,7,6,707,2018,5,4,8,0,0,1,0,0,0,1,2,0,3,3,0,2,1
17598,5,9,517,2018,5,2,16,0,0,1,0,0,0,0,1,4,2,3,0,3,0
17599,5,1,502,2018,5,4,16,0,0,1,0,0,0,0,1,1,7,3,0,3,0
17600,3,8,320,2018,5,5,14,0,0,1,0,0,1,1,3,2,6,3,0,3,0
17601,2,6,218,2018,5,5,14,0,0,1,0,0,0,1,2,0,2,3,0,3,0
17602,5,11,519,2018,5,2,16,0,0,1,1,0,0,0,2,6,4,3,0,2,1
17603,1,4,111,2018,5,3,8,0,0,1,0,1,0,0,2,2,6,3,0,3,0
17604,4,13,432,2018,5,2,18,0,0,0,0,1,0,0,1,0,7,3,0,2,1
17605,3,1,307,2018,6,1,3,0,0,1,0,0,0,0,1,2,6,3,1,3,0
17606,2,5,215,2018,5,2,7,0,1,0,0,0,0,1,2,4,2,3,0,3,0
17607,4,13,432,2018,5,2,15,0,1,1,0,0,0,0,2,3,6,3,0,3,0
17608,3,3,314,2018,6,6,23,0,1,1,0,0,0,0,2,5,3,3,1,3,0
17609,4,4,407,2018,5,2,20,0,0,1,0,0,0,0,1,5,3,3,0,3,0
17610,2,8,220,2018,5,2,17,0,0,1,0,0,0,0,1,2,6,3,0,3,0
17611,5,1,504,2018,5,2,17,0,0,1,0,0,0,1,2,5,3,3,0,3,0
17612,4,8,423,2018,6,6,18,0,0,1,0,1,0,0,2,5,3,3,0,3,0
17613,5,9,517,2018,5,6,17,0,1,1,0,0,0,0,2,5,3,3,0,3,0
17614,5,1,501,2018,5,2,15,0,0,1,0,0,0,1,2,5,3,3,0,3,0
17615,3,3,313,2018,5,4,7,0,1,0,1,0,0,0,2,6,4,3,0,3,0
17616,2,4,214,2018,5,5,8,0,1,1,0,0,0,0,2,5,3,3,0,3,0
17617,4,10,427,2018,5,2,13,0,0,1,0,0,0,0,1,0,1,3,0,3,0
17618,1,16,137,2018,5,2,14,0,0,1,0,0,1,0,2,3,6,3,0,3,0
17619,2,12,225,2018,5,2,13,0,1,1,0,0,0,0,2,1,5,3,0,3,0
17620,5,17,525,2018,6,7,13,0,0,1,0,0,0,0,1,1,6,3,0,3,0
17621,1,12,130,2018,5,1,14,0,0,0,0,0,0,1,1,0,7,3,0,3,0
17622,2,3,210,2018,5,2,14,0,0,1,0,0,0,1,2,0,7,3,0,3,0
17623,6,6,607,2018,5,4,11,0,0,1,0,0,0,0,1,8,7,3,0,3,0
17624,1,3,108,2018,5,5,9,0,0,0,0,0,0,1,1,0,7,3,0,3,0
17625,7,13,714,2018,5,5,11,0,0,1,0,0,0,0,1,5,2,3,0,3,0
17626,3,5,317,2018,5,6,10,0,1,1,0,0,0,0,2,5,7,3,0,2,1
17627,2,1,206,2018,5,2,12,0,0,1,0,0,0,1,2,3,6,3,0,3,0
17628,5,5,513,2018,5,3,17,0,1,0,0,0,0,0,1,0,3,3,0,3,0
17629,3,8,320,2018,5,6,13,0,0,1,0,1,0,0,2,5,3,3,0,3,0
17630,1,3,108,2018,5,2,17,0,0,1,0,0,0,0,1,5,2,3,0,3,0
17631,6,1,601,2018,5,3,10,0,0,0,0,0,0,1,1,0,7,3,0,3,0
17632,2,2,207,2018,5,5,14,0,1,1,0,0,0,0,2,1,5,3,0,3,0
17633,7,11,712,2018,5,1,16,0,1,0,0,0,0,0,1,4,6,3,0,3,0
17634,5,6,514,2018,5,2,15,0,0,1,0,0,0,0,1,5,6,3,0,3,0
17635,1,20,141,2018,5,1,16,0,0,0,0,1,0,0,1,8,1,3,0,3,0
17636,2,5,215,2018,6,7,0,0,1,1,0,0,0,0,2,5,3,3,1,3,0
17637,1,11,129,2018,5,7,12,0,0,1,0,0,0,0,1,2,6,3,0,3,0
17638,7,9,710,2018,5,1,7,0,0,1,0,0,0,1,2,2,6,3,0,2,1
17639,7,1,702,2018,5,1,19,0,0,0,0,1,0,0,1,0,7,3,0,3,0
17640,1,12,130,2018,5,4,11,0,0,1,0,0,0,0,1,8,1,3,0,3,0
17641,7,9,710,2018,5,4,10,0,0,1,0,0,0,0,1,2,6,3,0,3,0
17642,1,8,124,2018,5,5,17,0,1,0,0,0,0,0,1,5,3,3,0,3,0
17643,1,1,102,2018,5,6,10,0,1,0,1,0,0,0,2,6,4,3,0,3,0
17644,1,12,130,2018,5,5,10,0,1,1,0,0,0,0,2,5,2,3,0,3,0
17645,6,11,612,2018,5,1,18,0,0,1,0,1,0,0,2,5,2,3,0,3,0
17646,4,13,432,2018,5,3,14,0,0,1,0,0,0,0,1,4,2,3,0,3,0
17647,5,12,520,2018,5,3,19,0,1,1,0,0,0,0,2,5,3,3,0,3,0
17648,6,14,615,2018,5,1,13,0,0,1,1,0,0,0,2,6,7,3,0,3,0
17649,4,10,427,2018,5,2,8,0,0,1,0,0,0,0,1,3,6,3,0,3,0
17650,6,1,601,2018,5,1,1,0,0,1,1,0,0,0,2,6,4,3,0,2,1
17651,1,11,128,2018,5,4,15,0,0,1,0,0,0,0,1,5,3,3,0,3,0
17652,1,12,130,2018,6,6,8,0,0,1,0,0,0,0,1,1,6,3,0,3,0
17653,1,3,105,2018,5,7,22,0,1,0,1,0,0,0,2,4,6,3,0,3,0
17654,1,12,130,2018,5,1,9,0,0,1,0,0,0,0,1,4,2,3,0,3,0
17655,5,18,526,2018,5,1,13,0,0,1,1,0,0,0,2,6,4,3,0,3,0
17656,5,3,510,2018,5,2,7,0,1,0,0,0,0,1,2,5,3,3,0,2,1
17657,5,7,515,2018,5,1,10,0,1,1,0,0,0,0,2,5,3,3,0,3,0
17658,5,16,524,2018,5,1,18,0,1,0,0,0,0,0,1,2,6,3,0,2,1
17659,1,5,113,2018,6,7,14,0,0,1,0,0,0,0,1,1,7,3,0,3,0
17660,5,12,520,2018,5,7,12,0,0,1,0,1,0,0,2,3,6,3,0,3,0
17661,4,13,432,2018,5,1,13,0,0,1,0,0,0,0,1,8,7,3,0,3,0
17662,4,11,430,2018,5,1,13,0,0,1,0,0,0,0,1,2,6,3,0,3,0
17663,1,14,132,2018,5,4,15,0,0,1,1,0,0,0,2,6,2,3,0,3,0
17664,6,2,602,2018,5,4,8,0,0,1,0,0,0,0,1,5,3,3,0,3,0
17665,5,6,514,2018,5,5,17,0,0,1,1,0,0,0,2,6,4,3,0,3,0
17666,1,20,141,2018,5,5,13,0,1,0,0,1,0,0,2,5,3,3,0,3,0
17667,5,17,525,2018,5,5,12,0,0,1,0,0,0,1,2,1,5,3,0,2,1
17668,4,5,413,2018,5,1,14,0,1,0,1,0,0,0,2,6,3,3,0,3,0
17669,4,10,428,2018,5,3,16,0,1,1,0,0,0,0,2,1,5,3,0,3,0
17670,2,9,221,2018,5,1,0,0,0,1,0,0,0,0,1,8,1,3,0,3,0
17671,3,8,320,2018,5,2,9,0,1,1,0,0,0,0,2,5,3,3,0,3,0
17672,3,6,318,2018,5,1,16,0,0,1,0,0,0,0,1,3,7,3,0,3,0
17673,4,11,430,2018,5,4,17,0,1,0,0,0,0,1,2,5,2,3,0,3,0
17674,5,7,515,2018,6,6,13,0,0,1,0,1,0,0,2,1,7,3,0,3,0
17675,5,6,514,2018,5,6,8,0,1,0,0,0,0,1,2,5,6,3,0,3,0
17676,1,4,111,2018,5,1,20,0,1,1,0,0,0,0,2,3,3,3,0,3,0
17677,1,16,136,2018,5,7,21,0,1,1,0,0,0,0,2,5,2,3,0,3,0
17678,5,13,521,2018,5,4,7,0,1,1,0,0,0,0,2,5,3,3,0,3,0
17679,2,8,220,2018,5,4,12,0,1,0,0,0,0,0,1,5,3,3,0,3,0
17680,2,6,218,2018,5,5,15,0,1,1,0,0,0,0,2,5,3,3,0,3,0
17681,1,3,108,2018,5,5,11,0,0,1,0,1,0,0,2,4,2,3,0,3,0
17682,1,12,130,2018,5,7,22,0,0,1,0,0,0,0,1,5,7,3,0,3,0
17683,1,11,129,2018,5,7,9,0,0,1,0,0,0,0,1,3,7,3,0,3,0
17684,4,5,409,2018,5,4,12,0,0,1,1,0,0,0,2,6,7,3,0,3,0
17685,5,10,518,2018,5,5,17,0,1,1,0,0,0,0,2,2,6,3,0,3,0
17686,4,10,428,2018,5,5,17,0,0,1,0,0,0,1,2,0,7,3,0,3,0
17687,5,18,526,2018,5,7,0,0,0,1,0,0,0,0,1,4,6,3,0,3,0
17688,2,4,212,2018,5,3,20,0,1,0,0,0,0,0,1,5,3,3,0,3,0
17689,5,17,525,2018,5,7,14,0,0,1,0,0,0,0,1,2,6,3,0,3,0
17690,2,7,219,2018,5,2,7,0,1,1,0,0,0,0,2,5,3,3,0,3,0
17691,5,11,519,2018,5,7,10,0,0,0,0,1,0,0,1,0,7,3,0,3,0
17692,4,10,428,2018,5,4,6,0,0,1,0,0,0,1,2,5,3,3,0,3,0
17693,2,9,221,2018,6,6,13,0,1,1,0,0,0,0,2,5,3,3,0,2,1
17694,4,5,413,2018,5,6,12,0,1,1,0,0,0,0,2,1,5,3,0,3,0
17695,4,12,431,2018,5,7,11,0,0,1,0,0,0,0,1,5,3,3,0,3,0
17696,7,9,710,2018,5,3,21,0,0,1,1,0,0,0,2,6,4,3,0,2,1
17697,3,1,309,2018,5,5,9,0,1,0,1,0,0,0,2,6,6,3,0,3,0
17698,2,9,221,2018,5,7,17,0,0,1,1,0,0,0,2,6,7,3,0,3,0
17699,1,7,120,2018,5,2,8,0,1,0,1,0,0,0,2,6,3,3,0,3,0
17700,2,3,210,2018,5,7,19,0,0,1,1,0,0,0,2,6,4,3,0,3,0
17701,4,7,416,2018,6,7,16,0,0,1,0,0,0,0,1,9,5,3,0,3,0
17702,3,1,304,2018,5,1,4,0,0,1,0,0,0,0,1,5,3,3,0,3,0
17703,1,4,111,2018,5,7,12,0,0,1,0,0,0,0,1,5,3,3,0,3,0
17704,7,1,702,2018,5,3,6,0,0,1,0,1,0,0,2,5,3,3,0,3,0
17705,6,11,612,2018,5,6,13,0,0,0,0,1,1,0,2,5,3,3,0,3,0
17706,1,5,114,2018,6,1,7,0,1,1,0,0,0,0,2,1,5,3,0,3,0
17707,3,3,314,2018,5,2,20,0,0,1,0,1,0,0,2,2,6,3,0,3,0
17708,1,12,130,2018,5,6,22,0,0,1,0,1,0,0,2,5,3,3,0,2,1
17709,4,10,428,2018,5,4,13,0,0,1,0,0,0,0,1,2,6,3,0,3,0
17710,1,3,108,2018,6,6,20,0,1,0,1,0,0,0,2,6,7,3,0,3,0
17711,2,8,220,2018,5,6,15,0,0,1,1,0,0,0,2,6,2,3,0,1,1
17712,5,18,526,2018,5,6,18,0,1,0,0,0,0,0,1,5,3,3,0,3,0
17713,1,12,130,2018,5,3,10,0,0,1,0,1,0,0,2,3,6,3,0,3,0
17714,7,14,715,2018,5,4,14,0,0,1,0,0,0,0,1,4,6,3,0,3,0
17715,5,6,514,2018,5,6,14,0,1,0,0,0,0,0,1,0,7,3,0,3,0
17716,5,4,512,2018,5,2,16,0,0,0,1,1,0,0,2,6,4,3,0,2,1
17717,5,6,514,2018,5,6,18,0,0,1,0,0,0,0,1,1,6,3,0,3,0
17718,5,2,507,2018,5,6,19,0,1,0,0,0,0,0,1,0,7,3,0,3,0
17719,1,1,101,2018,6,7,22,0,0,1,0,0,0,0,1,5,3,3,1,3,0
17720,5,10,518,2018,5,7,13,0,0,1,0,0,0,0,1,2,6,3,0,3,0
17721,4,11,430,2018,5,6,14,0,1,0,0,0,0,0,1,3,6,3,0,2,1
17722,5,15,523,2018,5,6,17,0,1,1,0,0,0,0,2,5,3,3,0,3,0
17723,5,1,501,2018,5,4,19,0,1,0,0,0,0,0,1,0,3,3,0,3,0
17724,1,16,137,2018,5,4,17,0,1,1,0,0,0,0,2,5,2,3,0,3,0
17725,1,8,124,2018,5,5,5,0,0,1,0,0,0,0,1,5,5,3,0,3,0
17726,7,12,713,2018,5,5,18,0,0,0,0,1,0,0,1,8,1,3,0,2,1
17727,5,18,526,2018,5,5,12,0,1,1,0,0,0,0,2,3,6,3,0,3,0
17728,4,12,431,2018,5,6,23,0,0,0,0,1,0,1,2,7,7,3,0,3,0
17729,4,3,406,2018,5,3,7,0,0,1,0,0,0,0,1,0,6,3,0,3,0
17730,4,13,432,2018,5,6,17,0,1,1,0,0,0,0,2,1,5,3,0,3,0
17731,4,7,416,2018,5,4,7,0,1,0,0,0,0,0,1,0,7,3,0,2,1
17732,6,14,615,2018,5,5,18,0,0,0,1,0,0,1,2,6,7,3,0,3,0
17733,2,1,201,2018,5,6,20,0,1,0,0,0,0,0,1,4,6,3,0,3,0
17734,6,1,601,2018,5,5,14,0,1,1,0,0,0,0,2,5,3,3,0,3,0
17735,4,13,432,2018,5,6,11,0,0,1,0,1,0,1,3,2,6,3,0,3,0
17736,5,7,515,2018,5,3,12,0,1,0,0,0,1,0,2,5,3,3,0,3,0
17737,4,5,409,2018,5,6,13,0,0,1,0,0,0,0,1,5,7,3,0,3,0
17738,5,11,519,2018,5,2,7,0,1,1,0,0,0,0,2,0,7,3,0,3,0
17739,4,2,404,2018,5,6,6,0,1,1,0,0,0,0,2,1,5,3,0,3,0
17740,3,8,320,2018,5,4,18,0,1,1,0,0,0,0,2,4,2,3,0,3,0
17741,2,4,214,2018,5,6,14,0,0,1,0,1,0,0,2,3,6,3,0,3,0
17742,7,10,711,2018,6,6,21,0,0,1,0,0,0,0,1,8,1,3,1,3,0
17743,4,13,432,2018,5,7,12,0,0,1,0,0,0,0,1,2,6,3,0,3,0
17744,2,7,219,2018,5,6,11,0,1,0,0,0,0,1,2,4,2,3,0,3,0
17745,1,3,108,2018,5,6,14,0,0,1,0,0,0,1,2,3,7,3,0,3,0
17746,3,9,321,2018,5,4,16,0,0,1,0,0,0,0,1,5,3,3,0,3,0
17747,1,8,121,2018,5,4,17,0,1,1,0,0,0,0,2,3,2,3,0,3,0
17748,5,7,515,2018,5,5,12,0,0,1,0,0,0,0,1,2,6,3,0,3,0
17749,7,1,702,2018,5,5,17,0,0,1,0,1,0,0,2,4,2,3,0,3,0
17750,7,4,705,2018,5,5,11,0,0,1,0,0,0,0,1,2,6,3,0,3,0
17751,4,5,409,2018,5,5,17,0,1,0,1,0,0,0,2,6,4,3,0,3,0
17752,1,1,101,2018,5,6,18,0,0,1,0,0,0,0,1,9,1,3,0,3,0
17753,3,9,321,2018,5,3,9,0,1,1,0,0,0,0,2,5,3,3,0,3,0
17754,7,8,709,2018,5,5,4,0,0,1,0,0,1,0,2,3,7,3,0,3,0
17755,2,4,212,2018,5,2,17,0,1,0,0,0,0,0,1,0,3,3,0,3,0
17756,6,1,601,2018,5,5,11,0,1,0,0,0,0,0,1,0,7,3,0,3,0
17757,2,5,215,2018,5,4,18,0,0,1,0,0,0,0,1,2,6,3,0,3,0
17758,1,11,129,2018,5,5,13,0,0,1,0,0,0,1,2,3,6,3,0,3,0
17759,4,8,422,2018,5,2,16,0,1,0,0,0,0,0,1,0,1,3,0,3,0
17760,1,8,123,2018,5,5,11,0,1,1,0,0,0,0,2,5,3,3,0,3,0
17761,4,1,401,2018,5,4,20,0,0,1,0,1,0,0,2,4,7,3,0,3,0
17762,1,8,123,2018,6,6,12,0,1,0,1,0,0,0,2,6,4,3,0,3,0
17763,1,12,130,2018,5,6,14,0,0,1,0,0,0,0,1,2,6,3,0,3,0
17764,1,14,133,2018,5,5,4,0,0,1,0,0,0,0,1,8,5,3,0,3,0
17765,1,8,125,2018,5,5,18,0,0,1,0,0,0,0,1,4,2,3,0,3,0
17766,4,2,403,2018,5,4,12,0,1,1,0,0,0,0,2,0,5,3,0,3,0
17767,5,1,501,2018,5,4,11,0,0,1,0,0,0,0,1,5,3,3,0,3,0
17768,3,8,320,2018,5,5,19,0,0,1,0,0,0,0,1,3,7,3,0,3,0
17769,4,10,429,2018,5,5,17,0,0,1,0,0,0,0,1,1,6,3,0,3,0
17770,5,18,526,2018,5,5,7,0,1,1,0,0,0,0,2,5,2,3,0,3,0
17771,3,2,312,2018,5,3,19,0,0,1,0,1,0,0,2,2,6,3,0,3,0
17772,1,3,108,2018,5,5,10,0,1,1,0,0,0,0,2,3,2,3,0,3,0
17773,5,6,514,2018,5,5,16,0,1,0,0,0,0,0,1,0,7,3,0,3,0
17774,2,5,216,2018,5,2,10,0,1,1,0,0,0,0,2,5,3,3,0,3,0
17775,4,10,429,2018,5,5,22,0,0,0,0,0,0,1,1,0,6,3,0,3,0
17776,4,1,402,2018,5,4,15,0,0,0,0,0,0,1,1,0,7,3,0,3,0
17777,2,1,203,2018,6,6,21,0,1,0,1,0,0,0,2,0,4,3,1,3,0
17778,4,7,417,2018,5,6,21,0,1,0,0,0,0,0,1,0,7,3,0,3,0
17779,4,13,432,2018,5,5,7,0,0,1,0,1,0,0,2,5,3,3,0,3,0
17780,4,2,403,2018,5,4,8,0,1,0,0,0,0,1,2,1,5,3,0,3,0
17781,6,1,601,2018,5,3,12,0,1,0,1,0,0,0,2,6,3,3,0,3,0
17782,1,4,109,2018,5,5,21,0,0,1,0,1,0,0,2,5,3,3,0,3,0
17783,5,1,501,2018,6,6,10,0,0,1,1,0,0,0,2,6,5,3,0,3,0
17784,5,2,508,2018,5,6,7,0,0,1,0,0,1,0,2,1,6,3,0,3,0
17785,4,8,423,2018,5,5,17,0,0,1,0,1,0,0,2,5,3,3,0,3,0
17786,1,1,101,2018,5,4,14,0,0,0,1,0,0,1,2,0,7,3,0,3,0
17787,2,4,214,2018,5,4,18,0,1,0,0,0,0,0,1,4,6,3,0,3,0
17788,2,8,220,2018,5,5,10,0,0,1,0,0,0,0,1,9,1,3,0,3,0
17789,4,8,422,2018,5,5,19,0,1,1,0,0,0,0,2,5,3,3,0,3,0
17790,7,1,702,2018,5,2,17,0,0,1,0,1,0,0,2,2,6,3,0,3,0
17791,3,8,320,2018,5,5,9,0,1,1,0,0,0,0,2,5,2,3,0,3,0
17792,5,18,526,2018,6,7,17,0,0,1,0,0,0,0,1,9,7,3,0,2,1
17793,6,1,601,2018,5,1,12,0,1,1,0,0,0,0,2,4,6,3,0,3,0
17794,2,9,221,2018,5,5,12,0,0,1,0,0,0,1,2,0,3,3,0,2,1
17795,1,5,113,2018,5,4,17,0,0,1,1,0,0,0,2,6,2,3,0,2,1
17796,1,1,101,2018,6,6,15,0,0,0,1,0,0,1,2,0,4,3,0,3,0
17797,2,7,219,2018,5,6,8,0,1,1,0,0,0,0,2,4,2,3,0,3,0
17798,3,6,318,2018,5,5,14,0,0,1,0,0,0,0,1,2,6,3,0,3,0
17799,5,6,514,2018,5,3,19,0,1,0,0,1,0,0,2,4,2,3,0,3,0
17800,3,2,311,2018,5,5,18,0,0,1,0,0,0,0,1,2,6,3,0,3,0
17801,5,2,506,2018,5,2,14,0,0,1,0,0,0,1,2,3,7,3,0,3,0
17802,1,20,141,2018,5,4,14,0,0,1,0,0,0,0,1,2,2,3,0,3,0
17803,7,9,710,2018,5,4,17,0,1,1,0,0,0,0,2,5,3,3,0,3,0
17804,1,8,126,2018,5,2,14,0,0,1,0,1,0,0,2,2,6,3,0,3,0
17805,7,7,708,2018,5,4,7,0,0,1,0,0,0,0,1,2,6,3,0,3,0
17806,2,9,221,2018,6,7,23,0,0,1,0,0,0,0,1,4,2,3,1,2,1
17807,6,2,603,2018,5,7,18,0,1,1,0,0,0,0,2,5,2,3,0,3,0
17808,1,16,137,2018,5,4,8,0,0,1,0,0,0,0,1,2,6,3,0,3,0
17809,6,9,610,2018,5,4,19,0,0,1,0,0,0,0,1,9,1,3,0,3,0
17810,7,10,711,2018,5,3,14,0,0,1,0,0,0,0,1,2,6,3,0,3,0
17811,6,1,601,2018,5,5,22,0,0,1,0,0,0,0,1,2,2,3,0,2,1
17812,1,1,102,2018,5,6,17,0,0,1,0,0,0,1,2,5,2,3,0,3,0
17813,1,12,130,2018,5,5,13,0,1,0,1,0,0,0,2,6,3,3,0,3,0
17814,6,9,610,2018,5,4,11,0,0,1,1,0,1,0,3,6,7,3,0,3,0
17815,4,5,408,2018,5,3,8,0,0,1,0,1,0,0,2,5,3,3,0,2,1
17816,5,7,515,2018,5,3,7,0,1,0,0,0,0,0,1,3,6,3,0,3,0
17817,1,8,123,2018,5,4,8,0,0,1,0,0,0,0,1,2,6,3,0,3,0
17818,4,10,428,2018,5,2,19,0,0,0,0,0,0,1,1,0,7,3,0,3,0
17819,1,8,126,2018,5,4,15,0,0,1,0,0,0,0,1,8,1,3,0,2,1
17820,7,1,702,2018,5,3,18,0,1,1,0,0,0,0,2,4,2,3,0,3,0
17821,5,18,526,2018,5,4,16,0,0,1,0,0,0,0,1,5,2,3,0,3,0
17822,1,11,128,2018,6,6,14,0,0,1,0,1,0,0,2,2,6,3,0,3,0
17823,1,4,110,2018,5,7,2,0,0,1,0,1,0,0,2,1,1,3,0,2,1
17824,5,18,526,2018,5,4,17,0,1,1,0,0,0,0,2,4,2,3,0,3,0
17825,5,3,510,2018,5,4,12,0,0,1,0,0,1,0,2,3,6,3,0,3,0
17826,7,1,702,2018,5,3,16,0,1,1,0,0,0,0,2,3,2,3,0,3,0
17827,4,12,431,2018,5,4,8,0,0,1,1,0,0,0,2,6,7,3,0,3,0
17828,5,12,520,2018,5,5,8,0,0,1,0,1,0,0,2,1,6,3,0,3,0
17829,4,11,430,2018,5,4,12,0,1,1,0,0,0,0,2,5,3,3,0,3,0
17830,1,1,101,2018,6,7,23,0,0,1,0,0,0,0,1,3,6,3,1,3,0
17831,4,10,429,2018,5,7,10,0,1,0,0,0,0,1,2,3,6,3,0,3,0
17832,5,12,520,2018,5,4,11,0,1,1,0,0,0,0,2,2,6,3,0,3,0
17833,4,10,427,2018,5,4,20,0,1,0,0,0,0,1,2,3,2,3,0,3,0
17834,6,1,601,2018,5,4,13,0,1,1,0,0,0,0,2,5,3,3,0,3,0
17835,5,4,512,2018,5,5,13,0,0,1,0,0,0,0,1,2,6,3,0,3,0
17836,7,12,713,2018,5,5,15,0,1,0,0,0,1,0,2,5,3,3,0,3,0
17837,5,2,506,2018,5,5,11,0,1,1,0,0,0,0,2,4,2,3,0,3,0
17838,4,5,409,2018,5,4,15,0,0,1,0,0,0,0,1,2,6,3,0,3,0
17839,4,10,429,2018,5,3,7,0,0,0,0,1,0,1,2,3,2,3,0,3,0
17840,4,10,429,2018,5,4,8,0,1,0,0,0,0,1,2,0,3,3,0,3,0
17841,3,8,320,2018,5,2,12,0,1,1,0,0,0,0,2,5,3,3,0,3,0
17842,4,6,414,2018,5,4,22,0,0,1,0,1,0,0,2,1,7,3,0,3,0
17843,5,2,507,2018,6,6,15,0,0,1,1,0,0,0,2,6,4,3,0,3,0
17844,1,8,121,2018,5,6,23,0,1,1,0,0,0,0,2,5,3,3,0,3,0
17845,2,12,225,2018,5,4,7,0,1,0,0,0,0,1,2,2,6,3,0,3,0
17846,2,5,216,2018,5,4,18,0,0,1,0,0,0,0,1,1,2,3,0,3,0
17847,4,7,416,2018,5,4,21,0,1,0,0,0,0,0,1,4,6,3,0,3,0
17848,2,9,221,2018,5,5,6,0,0,1,0,0,0,1,2,5,3,3,0,3,0
17849,3,1,308,2018,5,5,21,0,1,0,1,0,0,0,2,6,6,3,0,3,0
17850,2,5,217,2018,5,4,12,0,0,1,0,1,0,0,2,5,3,3,0,3,0
17851,1,1,101,2018,5,3,15,0,1,1,0,0,0,0,2,3,6,3,0,3,0
17852,3,1,305,2018,5,4,16,0,1,0,0,1,0,0,2,4,2,3,0,3,0
17853,1,4,111,2018,6,1,19,0,1,0,0,0,0,1,2,0,7,3,0,2,1
17854,4,5,408,2018,5,5,17,0,0,1,0,0,0,0,1,5,3,3,0,3,0
17855,2,3,209,2018,5,4,15,0,1,0,1,0,0,0,2,6,3,3,0,3,0
17856,4,3,406,2018,5,3,10,0,1,1,0,0,0,0,2,5,3,3,0,3,0
17857,2,1,203,2018,5,4,8,0,1,1,0,0,0,0,2,5,3,3,0,3,0
17858,2,5,216,2018,5,2,17,0,1,0,1,0,0,0,2,6,6,3,0,3,0
17859,2,1,206,2018,5,4,9,0,1,0,0,0,0,1,2,0,7,3,0,3,0
17860,5,1,504,2018,6,6,9,0,0,1,0,0,0,0,1,5,3,3,0,3,0
17861,5,12,520,2018,5,6,12,0,1,1,0,0,0,0,2,5,2,3,0,2,1
17862,2,2,207,2018,5,4,17,0,0,1,1,0,0,0,2,6,4,3,0,3,0
17863,3,2,311,2018,5,4,14,0,1,0,1,0,0,0,2,6,4,3,0,3,0
17864,2,1,206,2018,5,5,7,0,1,0,0,0,0,0,1,4,6,3,0,3,0
17865,1,4,109,2018,5,4,17,0,0,0,1,0,0,1,2,6,2,3,0,3,0
17866,1,11,129,2018,5,2,15,0,0,1,0,0,0,0,1,2,6,3,0,3,0
17867,1,1,101,2018,5,4,14,0,0,1,0,0,0,0,1,0,7,3,0,3,0
17868,5,1,504,2018,6,7,12,0,0,1,0,0,0,1,2,2,6,3,1,3,0
17869,1,12,130,2018,5,1,5,0,0,1,0,0,0,1,2,5,3,3,0,3,0
17870,1,16,136,2018,5,3,18,0,1,1,0,0,0,0,2,5,3,3,0,3,0
17871,1,1,101,2018,5,5,8,0,1,0,0,0,0,0,1,4,6,3,0,3,0
17872,6,6,607,2018,5,5,21,0,0,1,0,0,0,0,1,0,7,3,0,3,0
17873,1,4,111,2018,5,6,18,0,0,1,0,1,0,0,2,3,6,3,0,3,0
17874,6,2,603,2018,5,5,21,0,1,1,0,0,0,0,2,5,3,3,0,2,1
17875,3,4,315,2018,5,2,20,0,1,0,0,0,0,0,1,5,3,3,0,3,0
17876,6,2,602,2018,5,3,15,0,1,1,0,0,0,0,2,5,3,3,0,3,0
17877,1,4,112,2018,6,6,13,0,1,0,0,0,0,0,1,0,7,3,0,3,0
17878,2,7,219,2018,5,6,9,0,1,0,0,0,0,0,1,5,3,3,0,3,0
17879,1,11,129,2018,5,3,12,0,0,1,0,1,0,0,2,5,2,3,0,3,0
17880,1,12,130,2018,5,3,20,0,0,1,0,0,0,0,1,2,6,3,0,3,0
17881,1,1,101,2018,5,5,19,0,0,1,0,1,0,0,2,0,7,3,0,3,0
17882,5,18,526,2018,5,3,17,0,0,1,1,0,0,0,2,6,2,3,0,3,0
17883,5,18,526,2018,5,2,14,0,0,1,0,1,0,0,2,2,6,3,0,2,1
17884,5,4,512,2018,5,3,10,0,0,0,1,0,0,1,2,6,2,3,0,3,0
17885,5,6,514,2018,5,3,15,0,0,1,0,0,0,0,1,2,6,3,0,3,0
17886,2,4,213,2018,6,7,16,0,0,0,1,0,0,1,2,0,4,3,0,3,0