SN,District,Imperial_Circle,Community,Year,Month,Weekday,Hour,Road,Cycle,Car,Pedestrians,Motorcycle,Goods Vehicle,Others,Total,Collision Type,Accident Type,Light Condition,Road Condition,Accident_Severity,Severity
18187,5,10,518,2018,6,4,8,0,1,1,0,0,0,0,2,5,3,3,0,3,0
18188,3,3,314,2018,6,3,10,0,1,1,0,0,0,0,2,5,2,3,0,3,0
18189,7,9,710,2018,6,3,8,0,1,1,0,0,0,0,2,3,2,3,0,3,0
18190,7,1,702,2018,6,3,16,0,1,1,0,0,0,0,2,5,2,3,0,3,0
18191,6,2,603,2018,6,3,17,0,0,1,1,0,0,0,2,6,4,3,0,3,0
18192,1,3,108,2018,6,6,20,0,1,0,0,0,0,0,1,4,6,3,0,3,0
18193,5,6,514,2018,6,4,7,0,0,1,0,1,0,0,2,5,7,3,0,2,1
18194,3,2,312,2018,6,3,15,0,0,0,0,1,0,1,2,2,6,3,0,3,0
18195,1,7,119,2018,6,3,15,0,1,1,0,0,0,0,2,5,3,3,0,3,0
18196,4,5,411,2018,6,3,17,0,1,0,1,0,0,0,2,0,3,3,0,3,0
18197,5,18,526,2018,6,3,19,0,0,1,0,1,0,0,2,3,2,3,0,3,0
18198,6,1,601,2018,6,7,14,0,0,1,0,0,1,0,2,5,3,3,0,3,0
18199,5,6,514,2018,6,3,15,0,1,1,0,0,0,0,2,3,2,3,0,2,1
18200,1,11,129,2018,6,6,23,0,0,1,0,0,0,0,1,2,6,3,0,3,0
18201,4,8,418,2018,6,6,8,0,0,1,1,0,0,0,2,6,4,3,1,3,0
18202,7,9,710,2018,6,5,7,0,1,1,0,0,0,0,2,5,3,3,1,3,0
18203,6,2,602,2018,6,2,18,0,0,1,0,1,0,0,2,0,7,3,0,3,0
18204,5,7,515,2018,6,3,15,0,1,1,0,0,0,0,2,1,5,3,0,3,0
18205,4,4,407,2018,6,5,16,0,1,1,0,0,0,0,2,1,5,3,0,3,0
18206,3,8,320,2018,6,4,23,0,0,1,0,0,0,0,1,4,2,3,0,3,0
18207,5,17,525,2018,6,3,16,0,1,0,1,0,0,0,2,6,4,3,0,2,1
18208,5,6,514,2018,6,2,12,0,0,1,0,0,0,0,1,3,7,3,0,3,0
18209,7,1,702,2018,6,2,14,0,0,0,1,0,1,0,2,0,7,3,0,3,0
18210,5,1,504,2018,6,3,22,0,0,1,0,0,0,0,1,5,3,3,0,3,0
18211,3,9,321,2018,6,2,12,0,1,1,0,0,0,0,2,5,3,3,0,3,0
18212,2,5,215,2018,6,7,18,0,0,1,0,1,0,0,2,0,1,3,1,3,0
18213,2,3,210,2018,6,3,8,0,1,1,0,0,0,0,2,0,7,3,0,3,0
18214,5,1,503,2018,6,3,16,0,0,1,0,0,0,0,1,2,6,3,0,3,0
18215,4,5,413,2018,6,2,17,0,1,1,0,0,0,0,2,5,3,3,0,3,0
18216,5,12,520,2018,6,7,11,0,0,1,0,0,0,0,1,4,2,3,1,3,0
18217,4,7,416,2018,6,3,16,0,0,1,0,0,0,0,1,2,6,3,0,3,0
18218,5,7,515,2018,6,6,17,0,1,0,0,0,0,0,1,4,3,3,0,3,0
18219,3,6,318,2018,6,6,8,0,1,0,0,1,0,0,2,0,7,3,1,3,0
18220,5,7,515,2018,6,5,18,0,0,1,0,0,0,0,1,5,3,3,1,3,0
18221,6,2,602,2018,6,2,15,0,0,1,0,1,0,0,2,2,6,3,0,3,0
18222,4,8,421,2018,6,3,8,0,0,1,0,0,1,0,2,2,6,3,0,3,0
18223,2,11,224,2018,6,5,14,0,1,1,0,0,0,0,2,5,3,3,0,2,1
18224,5,1,504,2018,6,3,18,0,1,1,0,0,0,0,2,5,3,3,0,3,0
18225,3,1,308,2018,6,4,0,0,0,0,1,1,0,0,2,0,4,3,0,3,0
18226,3,8,320,2018,6,4,7,0,1,1,0,0,0,0,2,5,3,3,0,3,0
18227,3,7,319,2018,6,3,15,0,0,1,0,0,0,1,2,2,6,3,0,3,0
18228,5,2,509,2018,6,2,19,0,0,1,0,0,0,0,1,3,6,3,0,3,0
18229,5,7,515,2018,6,2,16,0,1,1,0,0,0,0,2,5,3,3,0,3,0
18230,3,6,318,2018,6,3,16,0,1,1,0,0,0,0,2,5,3,3,0,3,0
18231,5,16,524,2018,6,1,17,0,1,0,0,0,0,1,2,0,7,3,0,3,0
18232,1,3,106,2018,6,7,8,0,0,1,0,0,0,0,1,2,6,3,1,3,0
18233,1,11,129,2018,6,2,12,0,0,1,0,0,0,1,2,7,7,3,0,3,0
18234,3,1,308,2018,6,3,8,0,0,0,0,1,0,0,1,0,1,3,0,3,0
18235,4,5,409,2018,6,6,7,0,0,0,0,1,0,1,2,0,6,3,0,3,0
18236,3,2,312,2018,6,5,10,0,0,1,0,0,0,0,1,2,6,3,1,3,0
18237,1,13,131,2018,6,2,14,0,0,1,0,0,0,0,1,5,3,3,0,2,1
18238,2,2,207,2018,6,3,15,0,1,1,0,0,0,0,2,3,6,3,0,3,0
18239,1,3,108,2018,6,3,19,0,1,1,0,0,0,0,2,1,7,3,0,3,0
18240,4,4,407,2018,6,6,19,0,1,1,0,0,0,0,2,3,2,3,0,3,0
18241,3,9,321,2018,6,5,15,0,1,1,0,0,0,0,2,5,3,3,1,3,0
18242,1,16,137,2018,6,3,14,0,0,1,0,0,1,0,2,5,3,3,0,3,0
18243,1,16,137,2018,6,2,14,0,1,1,0,0,0,0,2,5,3,3,0,3,0
18244,2,4,214,2018,6,5,10,0,1,0,1,0,0,0,2,6,3,3,0,3,0
18245,1,11,129,2018,6,2,20,0,0,1,0,0,0,0,1,5,3,3,0,3,0
18246,1,3,108,2018,6,4,21,0,1,0,0,0,0,0,1,0,7,3,0,3,0
18247,1,13,131,2018,6,2,7,0,0,1,0,0,0,0,1,2,2,3,0,3,0
18248,4,7,416,2018,6,2,21,0,0,1,0,1,0,0,2,0,5,3,1,3,0
18249,5,4,512,2018,6,2,14,0,0,1,0,0,0,0,1,1,6,3,0,3,0
18250,7,1,702,2018,6,7,20,0,0,1,0,0,0,0,1,2,2,3,0,3,0
18251,6,5,606,2018,6,6,15,0,0,1,0,0,0,0,1,1,5,3,0,3,0
18252,5,2,509,2018,6,2,23,0,0,1,0,0,0,0,1,5,3,3,0,2,1
18253,4,2,405,2018,6,6,19,0,1,1,0,0,0,0,2,5,3,3,0,3,0
18254,1,16,136,2018,6,4,6,0,0,1,0,0,0,0,1,4,2,3,0,2,1
18255,4,9,425,2018,6,2,22,0,0,1,0,1,0,0,2,4,2,3,0,3,0
18256,5,2,507,2018,6,2,14,0,1,1,0,0,0,0,2,5,3,3,0,2,1
18257,4,11,430,2018,6,3,14,0,0,1,0,0,0,0,1,5,3,3,0,3,0
18258,4,11,430,2018,6,2,20,0,0,1,0,0,0,0,1,2,6,3,0,3,0
18259,2,1,204,2018,6,1,11,0,1,1,0,0,0,0,2,5,3,3,1,3,0
18260,5,7,515,2018,6,2,17,0,0,1,0,0,0,0,1,2,6,3,0,3,0
18261,6,1,601,2018,6,3,18,0,1,0,0,0,0,1,2,0,7,3,0,3,0
18262,2,10,222,2018,6,2,19,0,0,1,0,0,0,0,1,5,3,3,0,3,0
18263,6,5,606,2018,6,1,12,0,1,1,0,0,0,0,2,1,5,3,0,2,1
18264,2,5,216,2018,6,2,16,0,1,1,0,0,0,0,2,1,5,3,0,3,0
18265,4,5,413,2018,6,7,12,0,0,1,0,0,0,1,2,0,2,3,0,3,0
18266,4,9,424,2018,6,6,19,0,1,1,0,0,0,0,2,1,5,3,0,3,0
18267,2,8,220,2018,6,2,8,0,0,0,0,0,0,1,1,0,7,3,0,3,0
18268,1,16,137,2018,6,5,15,0,1,1,0,0,0,0,2,5,3,3,0,2,1
18269,5,4,512,2018,6,4,14,0,0,1,0,0,0,0,1,2,6,3,0,3,0
18270,3,7,319,2018,6,2,20,0,0,1,0,1,0,0,2,3,6,3,0,3,0
18271,3,3,314,2018,6,3,13,0,1,1,0,0,0,0,2,1,7,3,0,3,0
18272,2,12,225,2018,6,3,8,0,1,1,0,0,0,0,2,1,5,3,0,3,0
18273,2,4,213,2018,6,2,13,0,1,0,0,0,0,0,1,2,3,3,0,3,0
18274,5,18,526,2018,6,7,14,0,1,0,0,0,0,1,2,0,6,3,1,3,0
18275,1,1,102,2018,6,2,9,0,0,1,0,1,0,0,2,3,6,3,0,3,0
18276,5,2,508,2018,6,6,14,0,0,1,0,0,0,0,1,5,3,3,0,3,0
18277,2,10,222,2018,6,6,21,0,1,1,0,0,0,0,2,5,3,3,0,3,0
18278,1,8,121,2018,6,5,9,0,0,1,0,1,0,0,2,3,2,3,1,3,0
18279,5,18,526,2018,6,4,10,0,1,1,0,0,0,0,2,5,3,3,0,3,0
18280,6,1,601,2018,6,1,12,0,0,1,0,1,0,1,3,8,1,3,0,3,0
18281,4,8,422,2018,6,5,23,0,0,1,0,0,0,0,1,5,2,3,0,3,0
18282,1,12,130,2018,6,1,18,0,0,1,0,0,0,0,1,2,6,3,0,3,0
18283,5,3,511,2018,6,1,15,0,0,1,0,0,0,0,1,4,2,3,0,3,0
18284,7,10,711,2018,6,6,9,0,1,1,0,0,0,0,2,5,3,3,0,3,0
18285,4,8,423,2018,6,6,13,0,0,1,0,0,0,0,1,5,2,3,0,3,0
18286,5,18,526,2018,6,1,13,0,1,0,1,0,0,0,2,6,4,3,0,3,0
18287,5,9,517,2018,6,5,7,0,1,0,0,0,0,0,1,4,6,3,0,3,0
18288,4,13,432,2018,6,4,16,0,0,1,0,0,0,0,1,2,6,3,0,3,0
18289,5,5,513,2018,6,1,19,0,1,1,0,0,0,0,2,5,3,3,0,3,0
18290,7,14,715,2018,6,2,18,0,1,0,0,0,0,0,1,8,1,3,1,3,0
18291,1,1,101,2018,6,3,16,0,1,1,0,0,0,0,2,3,2,3,0,3,0
18292,5,2,507,2018,6,1,6,0,0,1,0,0,0,0,1,5,3,3,1,3,0
18293,4,10,428,2018,6,2,11,0,0,1,0,0,0,1,2,0,2,3,0,3,0
18294,4,13,432,2018,6,7,21,0,0,1,0,0,0,0,1,2,6,3,1,3,0
18295,5,7,515,2018,6,1,10,0,0,1,0,0,0,1,2,1,5,3,0,2,1
18296,5,11,519,2018,6,6,11,0,1,0,0,0,0,0,1,4,6,3,0,3,0
18297,4,13,432,2018,6,5,13,0,0,1,0,0,0,0,1,1,6,3,1,3,0
18298,4,13,432,2018,6,1,12,0,1,0,0,0,0,0,1,0,1,3,0,3,0
18299,4,8,422,2018,6,1,12,0,1,1,0,0,0,0,2,5,3,3,0,3,0
18300,3,5,317,2018,6,5,9,0,1,1,0,0,0,0,2,5,3,3,0,3,0
18301,3,8,320,2018,6,1,13,0,1,1,0,0,0,0,2,2,6,3,0,3,0
18302,2,1,205,2018,6,4,12,0,0,1,0,0,0,0,1,2,6,3,0,3,0
18303,2,1,205,2018,6,4,18,0,1,0,1,0,0,0,2,6,4,3,0,3,0
18304,2,5,216,2018,6,1,15,0,1,0,0,0,0,1,2,0,7,3,0,2,1
18305,4,4,407,2018,6,2,7,0,1,1,0,0,0,0,2,1,7,3,0,3,0
18306,2,8,220,2018,6,1,5,0,0,1,0,0,0,0,1,3,6,3,1,3,0
18307,5,4,512,2018,7,2,8,0,0,1,0,0,0,0,1,1,6,3,0,3,0
18308,4,13,432,2018,7,6,11,0,0,1,0,0,0,0,1,1,5,3,0,3,0
18309,4,8,420,2018,7,4,18,0,0,1,0,0,0,0,1,5,3,3,0,3,0
18310,4,5,408,2018,7,2,15,0,0,1,0,0,0,0,1,9,7,3,0,3,0
18311,5,4,512,2018,7,2,9,0,1,1,0,0,0,0,2,3,2,3,0,3,0
18312,1,1,101,2018,7,4,10,0,0,0,1,0,0,1,2,6,4,3,0,3,0
18313,5,18,526,2018,7,2,10,0,0,1,0,0,0,0,1,5,3,3,0,3,0
18314,1,1,101,2018,7,7,19,0,1,0,1,0,0,0,2,6,4,3,0,3,0
18315,6,9,610,2018,7,2,20,0,0,1,0,0,0,1,2,5,3,3,0,3,0
18316,5,18,526,2018,7,2,17,0,0,0,0,0,0,1,1,0,6,3,0,3,0
18317,5,8,516,2018,7,2,14,0,0,1,1,0,0,0,2,6,2,3,0,3,0
18318,4,3,406,2018,7,5,18,0,1,1,0,0,0,0,2,5,3,3,0,3,0
18319,1,8,126,2018,7,6,14,0,0,1,0,0,0,1,2,5,3,3,0,3,0
18320,4,10,429,2018,7,2,13,0,0,0,1,0,1,0,2,6,4,3,0,3,0
18321,2,1,203,2018,7,4,15,0,1,1,0,0,0,0,2,5,3,3,1,3,0
18322,5,7,515,2018,7,2,13,0,0,0,0,1,0,0,1,0,1,3,0,3,0
18323,7,1,702,2018,7,5,11,0,0,1,1,0,0,0,2,6,2,3,0,3,0
18324,7,9,710,2018,7,1,20,0,0,1,0,0,0,0,1,5,3,3,0,2,1
18325,5,18,526,2018,7,3,11,0,1,1,0,0,0,0,2,5,2,3,0,3,0
18326,5,13,521,2018,7,2,8,0,0,1,0,0,0,1,2,2,6,3,0,3,0
18327,4,6,414,2018,7,6,11,0,0,1,0,1,0,0,2,3,2,3,0,3,0
18328,5,7,515,2018,7,2,17,0,0,1,0,0,0,1,2,5,3,3,0,3,0
18329,4,5,409,2018,7,2,18,0,0,0,0,1,0,0,1,1,2,3,0,3,0
18330,7,10,711,2018,7,5,21,0,0,1,0,0,0,1,2,2,2,3,0,3,0
18331,4,5,409,2018,7,2,8,0,1,1,0,0,0,0,2,5,3,3,0,3,0
18332,5,4,512,2018,7,6,19,0,0,1,0,0,0,0,1,3,5,3,0,3,0
18333,5,18,526,2018,7,2,15,0,1,1,0,0,0,0,2,5,2,3,0,3,0
18334,4,6,415,2018,7,2,17,0,1,1,0,0,0,0,2,4,2,3,0,3,0
18335,1,12,130,2018,7,3,9,0,0,1,0,0,0,1,2,4,2,3,0,3,0
18336,4,5,409,2018,7,5,20,0,1,1,0,0,0,0,2,0,5,3,0,3,0
18337,2,12,225,2018,7,2,22,0,1,0,0,0,0,0,1,0,1,3,0,2,1
18338,3,2,311,2018,7,5,12,0,0,0,0,0,1,0,1,4,6,3,0,3,0
18339,3,9,321,2018,6,3,9,0,0,1,0,0,0,0,1,2,6,3,0,3,0
18340,5,17,525,2018,7,6,8,0,1,1,0,0,0,0,2,5,3,3,0,3,0
18341,2,6,218,2018,7,3,8,0,1,1,0,0,0,0,2,1,5,3,0,3,0
18342,2,9,221,2018,7,2,11,0,1,1,0,0,0,0,2,5,3,3,0,3,0
18343,4,5,410,2018,7,5,16,0,1,0,0,0,0,0,1,0,7,3,0,3,0
18344,4,6,415,2018,7,1,17,0,0,1,0,1,0,0,2,2,6,3,0,2,1
18345,5,1,501,2018,7,3,17,0,1,1,0,0,0,0,2,5,3,3,0,3,0
18346,3,6,318,2018,7,2,18,0,1,1,0,0,0,0,2,1,5,3,0,3,0
18347,2,1,204,2018,7,6,14,0,0,1,0,0,0,0,1,5,3,3,0,3,0
18348,3,2,312,2018,7,2,8,0,0,1,0,1,0,0,2,3,2,3,0,3,0
18349,3,5,317,2018,7,2,17,0,1,1,0,0,0,0,2,5,2,3,0,3,0
18350,1,12,130,2018,7,4,17,0,1,1,0,0,0,0,2,5,3,3,1,3,0
18351,2,4,213,2018,7,2,15,0,1,0,0,0,0,1,2,3,6,3,0,3,0
18352,5,18,526,2018,7,4,14,0,0,1,0,1,0,0,2,2,6,3,0,3,0
18353,1,15,134,2018,7,5,16,0,1,1,0,0,0,0,2,0,7,3,0,3,0
18354,1,11,128,2018,7,2,13,0,0,0,0,0,1,0,1,2,6,3,0,3,0
18355,2,4,214,2018,7,2,12,0,0,1,0,0,0,0,1,5,2,3,0,3,0
18356,5,18,526,2018,7,4,17,0,0,1,0,0,0,0,1,5,3,3,0,3,0
18357,1,5,113,2018,7,2,18,0,1,1,0,0,0,0,2,5,3,3,0,3,0
18358,1,12,130,2018,7,4,18,0,1,1,0,0,0,0,2,5,3,3,0,3,0
18359,1,4,112,2018,7,6,0,0,0,1,0,0,0,0,1,2,6,3,0,3,0
18360,1,18,139,2018,7,3,11,0,0,0,1,1,0,0,2,6,6,3,0,3,0
18361,1,16,137,2018,7,1,14,0,0,1,0,0,0,1,2,8,6,3,0,3,0
18362,2,8,220,2018,7,5,6,0,0,1,1,0,0,0,2,6,4,3,0,3,0
18363,1,2,104,2018,7,1,17,0,0,1,0,0,0,0,1,2,6,3,0,3,0
18364,3,6,318,2018,7,3,5,0,0,1,0,1,0,0,2,5,2,3,0,3,0
18365,6,7,608,2018,7,1,15,0,0,1,1,0,0,0,2,6,4,3,0,2,1
18366,6,2,603,2018,7,1,12,0,0,0,0,1,0,0,1,0,1,3,0,2,1
18367,1,4,111,2018,7,6,22,0,1,1,0,0,0,0,2,5,7,3,0,3,0
18368,2,3,209,2018,7,1,11,0,1,1,0,0,0,0,2,5,3,3,0,3,0
18369,1,12,130,2018,7,1,12,0,0,1,0,0,0,1,2,2,6,3,0,3,0
18370,1,6,115,2018,7,4,10,0,0,1,0,0,0,0,1,3,6,3,1,3,0
18371,1,13,131,2018,7,1,20,0,0,0,0,1,0,0,1,0,1,3,0,2,1
18372,5,17,525,2018,7,4,13,0,0,1,1,0,0,0,2,6,4,3,0,2,1
18373,5,2,507,2018,7,2,17,0,0,1,0,0,0,0,1,2,6,3,0,3,0
18374,1,7,119,2018,7,1,18,0,0,0,0,1,0,0,1,0,1,3,0,3,0
18375,3,1,307,2018,7,4,17,0,0,1,0,0,0,1,2,2,6,3,0,3,0
18376,5,18,526,2018,7,1,16,0,1,1,0,0,0,0,2,5,2,3,0,2,1
18377,2,1,203,2018,7,7,19,0,0,1,0,0,0,0,1,1,5,3,0,3,0
18378,1,5,113,2018,7,3,16,0,0,1,0,0,0,0,1,0,7,3,0,3,0
18379,5,18,526,2018,7,1,11,0,0,1,0,1,0,0,2,2,6,3,0,3,0
18380,5,7,515,2018,7,1,19,0,1,0,0,0,0,0,1,4,6,3,0,3,0
18381,2,9,221,2018,7,5,12,0,0,1,0,0,0,0,1,5,3,3,0,3,0
18382,4,3,406,2018,7,7,10,0,0,1,0,0,0,0,1,5,3,3,0,3,0
18383,2,3,208,2018,7,3,9,0,1,0,0,0,0,0,1,5,3,3,0,3,0
18384,5,17,525,2018,7,1,17,0,0,1,0,0,0,0,1,1,5,3,0,3,0
18385,4,13,432,2018,7,1,18,0,1,1,0,0,0,0,2,3,2,3,0,3,0
18386,1,14,133,2018,7,5,16,0,1,1,0,0,0,0,2,5,3,3,0,3,0
18387,1,8,122,2018,7,7,20,0,1,1,0,0,0,0,2,1,7,3,0,3,0
18388,4,5,413,2018,7,1,9,0,1,1,0,0,0,0,2,1,5,3,0,3,0
18389,4,10,429,2018,7,4,12,0,0,1,0,0,0,0,1,5,2,3,1,3,0
18390,2,8,220,2018,7,1,11,0,0,1,0,0,0,0,1,5,2,3,0,3,0
18391,4,8,420,2018,7,6,23,0,1,0,0,0,0,0,1,0,1,3,0,3,0
18392,2,11,223,2018,7,4,14,0,0,1,1,0,0,0,2,6,7,3,0,3,0
18393,3,1,307,2018,6,3,18,0,1,0,0,0,0,0,1,2,6,3,0,3,0
18394,4,8,423,2018,7,2,16,0,0,1,0,0,0,0,1,3,7,3,0,3,0
18395,2,7,219,2018,7,1,5,0,0,1,0,0,0,0,1,5,3,3,0,3,0
18396,7,1,702,2018,7,3,23,0,0,1,0,0,0,1,2,4,6,3,0,1,1
18397,2,1,203,2018,7,1,17,0,1,0,1,0,0,0,2,6,6,3,0,3,0
18398,6,2,602,2018,7,6,11,0,1,1,0,0,0,0,2,5,3,3,0,3,0
18399,1,11,129,2018,7,2,23,0,0,1,0,0,0,0,1,0,6,3,0,3,0
18400,3,2,312,2018,7,1,1,0,0,1,0,0,0,0,1,5,3,3,0,2,1
18401,1,14,133,2018,7,3,10,0,0,1,0,1,0,0,2,1,7,3,0,3,0
18402,1,4,109,2018,7,1,2,0,0,1,0,0,0,0,1,2,7,3,0,3,0
18403,2,4,214,2018,7,5,15,0,1,0,0,0,0,1,2,5,3,3,0,3,0
18404,4,2,405,2018,6,3,16,0,0,1,0,0,0,0,1,5,3,3,0,3,0
18405,5,18,526,2018,7,6,15,0,0,1,0,1,0,0,2,2,6,3,0,3,0
18406,1,14,132,2018,7,3,18,0,0,1,0,0,0,0,1,4,2,3,0,3,0
18407,6,1,601,2018,6,7,17,0,0,1,1,0,0,0,2,6,2,3,0,2,1
18408,1,11,128,2018,7,5,17,0,0,1,0,1,1,0,3,3,6,3,0,2,1
18409,2,4,214,2018,7,7,10,0,0,1,0,1,0,0,2,3,6,3,0,3,0
18410,6,2,602,2018,7,3,12,0,1,0,0,0,0,0,1,9,1,3,0,3,0
18411,6,11,612,2018,6,7,13,0,1,1,0,0,0,0,2,1,5,3,0,3,0
18412,3,6,318,2018,7,4,7,0,0,1,0,0,0,0,1,5,3,3,1,3,0
18413,1,11,128,2018,6,7,15,0,0,1,0,0,0,0,1,2,6,3,0,3,0
18414,2,4,214,2018,7,6,12,0,0,1,0,1,0,0,2,0,3,3,0,3,0
18415,3,3,313,2018,7,4,23,0,1,1,0,0,0,0,2,1,5,3,0,3,0
18416,1,3,108,2018,7,2,15,0,0,1,0,1,0,0,2,0,6,3,0,3,0
18417,5,18,526,2018,7,3,17,0,0,1,0,0,0,0,1,2,6,3,0,3,0
18418,1,12,130,2018,6,7,14,0,1,0,1,0,0,0,2,6,7,3,0,3,0
18419,5,5,513,2018,7,6,12,0,0,1,0,0,0,1,2,2,6,3,0,3,0
18420,5,3,510,2018,7,2,19,0,1,1,0,0,0,0,2,3,2,3,0,3,0
18421,5,6,514,2018,6,7,14,0,1,0,0,0,0,0,1,0,7,3,0,3,0
18422,5,18,526,2018,7,3,11,0,1,1,0,0,0,0,2,4,2,3,0,3,0
18423,4,4,407,2018,7,5,21,0,0,1,0,0,0,0,1,3,5,3,0,3,0
18424,5,18,526,2018,6,7,13,0,1,0,0,0,0,1,2,5,3,3,0,3,0
18425,1,3,108,2018,7,5,13,0,1,1,0,0,0,0,2,3,2,3,0,3,0
18426,4,5,409,2018,7,6,0,0,1,0,1,0,0,0,2,6,3,3,0,3,0
18427,3,1,308,2018,7,3,1,0,1,0,0,0,1,0,2,5,3,3,0,3,0
18428,5,7,515,2018,6,7,19,0,1,1,0,0,0,0,2,5,3,3,0,3,0
18429,4,6,415,2018,7,5,15,0,0,1,0,0,0,0,1,2,6,3,0,3,0
18430,3,3,314,2018,7,1,15,0,1,1,0,0,0,0,2,5,3,3,0,2,1
18431,5,1,501,2018,7,3,6,0,0,1,0,0,0,0,1,5,3,3,0,3,0
18432,4,12,431,2018,6,7,14,0,0,1,0,1,0,0,2,5,3,3,0,3,0
18433,3,3,313,2018,7,6,9,0,1,1,0,0,0,0,2,5,2,3,0,3,0
18434,1,3,108,2018,7,2,16,0,0,1,0,0,0,1,2,3,6,3,0,3,0
18435,5,5,513,2018,7,1,9,0,0,1,0,1,0,0,2,4,2,3,0,3,0
18436,4,10,429,2018,7,3,13,0,0,1,1,0,0,0,2,6,2,3,0,3,0
18437,4,8,423,2018,6,7,20,0,0,1,0,0,0,0,1,2,6,3,0,3,0
18438,3,8,320,2018,7,6,18,0,1,1,0,0,0,0,2,2,2,3,0,3,0
18439,5,7,515,2018,7,2,14,0,1,0,0,0,1,0,2,1,5,3,0,2,1
18440,3,8,320,2018,6,7,12,0,0,1,0,0,0,1,2,0,5,3,0,3,0
18441,7,1,702,2018,7,4,14,0,0,0,1,0,0,1,2,0,4,3,1,3,0
18442,2,8,220,2018,6,7,6,0,0,1,1,0,0,0,2,6,6,3,0,3,0
18443,1,7,120,2018,7,4,16,0,0,1,1,0,0,0,2,6,3,3,0,3,0
18444,1,3,106,2018,7,6,8,0,1,0,0,0,0,1,2,5,2,3,0,3,0
18445,6,2,603,2018,7,2,17,0,0,1,0,0,0,0,1,2,6,3,0,3,0
18446,2,5,217,2018,6,7,3,0,1,0,0,0,0,0,1,0,1,3,0,3,0
18447,1,16,137,2018,7,4,17,0,0,1,0,0,0,1,2,0,2,3,0,3,0
18448,6,1,601,2018,7,7,14,0,1,1,0,0,0,0,2,5,2,3,0,3,0
18449,3,1,308,2018,7,3,16,0,0,1,1,0,0,0,2,6,6,3,0,3,0
18450,3,6,318,2018,6,7,12,0,1,1,0,0,0,0,2,1,5,3,0,3,0
18451,3,2,312,2018,6,7,10,0,0,1,0,0,0,0,1,4,2,3,0,3,0
18452,5,10,518,2018,7,3,11,0,0,1,0,1,0,0,2,2,6,3,0,3,0
18453,7,13,714,2018,7,5,16,0,0,1,0,0,0,0,1,2,6,3,0,3,0
18454,7,1,701,2018,7,3,16,0,0,1,0,1,0,0,2,5,3,3,0,3,0
18455,3,3,313,2018,7,1,11,0,0,1,0,0,0,1,2,2,6,3,0,3,0
18456,3,3,314,2018,6,7,1,0,0,1,0,0,0,0,1,8,1,3,0,2,1
18457,4,5,409,2018,7,4,18,0,0,1,0,0,0,0,1,5,3,3,1,3,0
18458,1,3,108,2018,6,7,13,0,1,0,0,0,0,0,1,0,7,3,0,3,0
18459,4,12,431,2018,7,6,22,0,1,0,0,0,0,0,1,0,7,3,0,3,0
18460,4,5,408,2018,7,4,16,0,0,1,0,1,0,0,2,5,2,3,0,3,0
18461,4,13,432,2018,7,2,16,0,0,1,0,0,0,0,1,5,3,3,0,3,0
18462,1,19,140,2018,6,6,10,0,0,1,0,0,1,0,2,5,2,3,0,2,1
18463,1,13,131,2018,7,4,14,0,0,1,0,0,1,0,2,3,6,3,1,3,0
18464,7,12,713,2018,6,6,9,0,0,1,0,0,1,0,2,2,6,3,0,3,0
18465,5,2,508,2018,7,4,13,0,1,1,0,0,0,0,2,5,2,3,0,3,0
18466,1,14,133,2018,7,5,9,0,0,1,0,0,0,0,1,1,6,3,0,3,0
18467,5,18,526,2018,7,2,19,0,0,1,0,0,0,0,1,2,6,3,0,3,0
18468,7,13,714,2018,6,6,15,0,0,1,0,1,0,0,2,1,1,3,0,3,0
18469,5,1,502,2018,7,4,17,0,1,1,0,0,0,0,2,3,2,3,0,3,0
18470,7,1,702,2018,6,6,15,0,1,0,0,0,0,1,2,5,3,3,0,3,0
18471,2,4,212,2018,7,7,19,0,1,1,0,0,0,0,2,5,3,3,0,3,0
18472,1,4,112,2018,7,3,16,0,0,1,0,0,0,0,1,2,6,3,0,3,0
18473,1,15,134,2018,6,6,20,0,1,0,0,0,0,0,1,4,6,3,0,3,0
18474,6,2,602,2018,6,6,20,0,1,1,0,0,0,0,2,1,5,3,0,2,1
18475,4,5,413,2018,7,3,12,0,0,1,0,0,0,0,1,2,6,3,0,3,0
18476,5,8,516,2018,7,5,21,0,1,0,0,0,0,1,2,3,6,3,0,3,0
18477,4,13,432,2018,7,7,21,0,0,1,0,0,0,0,1,3,7,3,0,3,0
18478,1,13,131,2018,6,6,13,0,0,1,0,0,0,0,1,8,5,3,0,3,0
18479,4,10,426,2018,7,4,16,0,1,1,0,0,0,0,2,5,3,3,1,3,0
18480,1,11,129,2018,6,6,9,0,0,1,0,0,0,0,1,4,2,3,0,2,1
18481,4,10,427,2018,7,6,11,0,0,1,0,0,0,0,1,2,6,3,0,3,0
18482,4,1,401,2018,7,4,18,0,1,1,0,0,0,0,2,5,3,3,0,3,0
18483,3,1,308,2018,6,3,9,0,1,1,0,0,0,0,2,0,3,3,0,3,0
18484,2,5,215,2018,7,2,17,0,0,1,0,0,0,0,1,3,6,3,0,3,0
18485,1,13,131,2018,7,3,5,0,1,1,0,0,0,0,2,3,2,3,0,3,0
18486,1,12,130,2018,6,6,7,0,0,1,0,1,0,0,2,2,7,3,0,3,0
18487,5,1,504,2018,7,3,8,0,0,1,0,0,0,0,1,5,3,3,0,3,0