SN,District,Imperial_Circle,Community,Year,Month,Weekday,Hour,Road,Cycle,Car,Pedestrians,Motorcycle,Goods Vehicle,Others,Total,Collision Type,Accident Type,Light Condition,Road Condition,Accident_Severity,Severity
18488,1,8,123,2018,7,6,17,0,0,1,0,0,0,0,1,2,2,3,0,3,0
18489,1,7,119,2018,7,2,15,0,1,1,0,0,0,0,2,5,3,3,0,3,0
18490,5,6,514,2018,6,6,17,0,0,1,0,0,0,0,1,2,6,3,0,3,0
18491,5,18,526,2018,6,6,16,0,0,1,0,1,0,0,2,2,6,3,0,3,0
18492,1,1,102,2018,7,4,15,0,0,1,0,0,0,0,1,5,3,3,0,3,0
18493,5,18,526,2018,6,6,17,0,0,1,1,0,0,0,2,6,4,3,0,3,0
18494,1,1,101,2018,7,7,13,0,0,1,0,0,0,0,1,2,6,3,0,3,0
18495,7,10,711,2018,7,2,0,0,0,1,1,0,0,0,2,6,2,3,0,3,0
18496,5,10,518,2018,6,6,14,0,0,1,0,0,0,0,1,2,6,3,0,3,0
18497,4,7,416,2018,6,6,20,0,0,0,1,1,0,0,2,6,4,3,0,3,0
18498,3,8,320,2018,7,3,13,0,0,1,1,0,0,0,2,6,2,3,0,3,0
18499,2,8,220,2018,7,5,11,0,0,1,0,0,0,0,1,2,6,3,0,3,0
18500,1,8,125,2018,7,6,17,0,1,1,0,0,0,0,2,5,2,3,0,2,1
18501,3,9,321,2018,6,6,18,0,1,1,0,0,0,0,2,5,3,3,0,3,0
18502,2,4,213,2018,7,4,9,0,1,1,0,0,0,0,2,5,3,3,1,3,0
18503,3,8,320,2018,6,6,6,0,1,0,0,0,0,1,2,0,6,3,0,3,0
18504,1,20,141,2018,7,5,11,0,0,1,0,0,0,0,1,2,6,3,0,3,0
18505,1,3,105,2018,7,4,22,0,1,1,0,0,0,0,2,5,3,3,0,2,1
18506,1,17,138,2018,7,2,5,0,0,0,0,1,1,0,2,2,6,3,0,2,1
18507,5,5,513,2018,7,3,7,0,1,1,0,0,0,0,2,5,3,3,0,3,0
18508,2,8,220,2018,6,6,12,0,0,1,0,0,0,0,1,3,6,3,0,3,0
18509,2,12,225,2018,7,3,14,0,1,0,0,0,0,0,1,4,6,3,0,3,0
18510,4,8,423,2018,7,6,14,0,1,1,0,0,0,0,2,5,3,3,0,2,1
18511,5,2,505,2018,7,2,7,0,0,1,0,1,0,0,2,5,3,3,0,3,0
18512,2,5,216,2018,6,6,8,0,1,1,0,0,0,0,2,2,6,3,0,3,0
18513,2,1,204,2018,7,5,18,0,0,1,0,1,0,0,2,0,5,3,0,3,0
18514,2,5,215,2018,6,6,15,0,1,0,0,0,0,1,2,5,2,3,0,3,0
18515,2,5,216,2018,7,3,1,0,1,0,0,0,0,0,1,8,1,3,0,3,0
18516,6,14,615,2018,7,4,19,0,1,1,0,0,0,0,2,5,2,3,0,3,0
18517,2,5,217,2018,7,6,18,0,0,1,0,0,0,0,1,2,6,3,0,3,0
18518,1,5,113,2018,7,3,12,0,0,1,0,1,0,0,2,2,6,3,0,3,0
18519,2,3,210,2018,6,6,14,0,1,1,0,0,0,0,2,5,3,3,0,3,0
18520,2,7,219,2018,7,5,11,0,0,1,0,0,0,0,1,1,5,3,0,3,0
18521,5,7,515,2018,7,5,17,0,0,1,1,0,0,0,2,6,4,3,0,2,1
18522,3,2,312,2018,6,6,16,0,0,1,0,0,0,0,1,5,3,3,0,3,0
18523,2,4,214,2018,7,5,8,0,0,1,0,1,0,0,2,5,7,3,0,3,0
18524,5,10,518,2018,7,6,17,0,0,1,0,0,0,0,1,0,1,3,0,3,0
18525,4,10,426,2018,7,3,7,0,1,1,0,0,0,0,2,5,2,3,0,3,0
18526,1,1,101,2018,6,6,12,0,0,1,0,0,0,0,1,3,6,3,0,3,0
18527,5,8,516,2018,7,5,13,0,0,1,0,0,0,1,2,3,6,3,0,3,0
18528,4,13,432,2018,7,1,0,0,0,1,1,0,0,0,2,6,4,3,0,3,0
18529,4,5,409,2018,7,3,20,0,0,1,0,0,0,1,2,5,3,3,0,2,1
18530,1,3,108,2018,6,6,14,0,1,0,0,0,0,0,1,0,7,3,0,3,0
18531,3,4,316,2018,7,3,20,0,1,1,0,0,0,0,2,1,7,3,0,3,0
18532,4,3,406,2018,7,6,16,0,1,1,0,0,0,0,2,5,3,3,0,3,0
18533,3,8,320,2018,7,2,18,0,1,0,1,0,0,0,2,0,7,3,0,3,0
18534,1,20,141,2018,6,5,22,0,0,1,0,0,0,0,1,9,1,3,0,3,0
18535,6,14,615,2018,7,4,16,0,1,0,0,0,0,1,2,4,2,3,0,2,1
18536,1,19,140,2018,6,5,10,0,0,1,0,0,1,0,2,3,6,3,0,3,0
18537,5,3,511,2018,7,4,16,0,0,1,0,0,0,0,1,4,2,3,0,3,0
18538,1,19,140,2018,7,5,16,0,0,1,0,1,0,0,2,3,6,3,0,3,0
18539,1,11,129,2018,7,2,12,0,0,1,0,0,0,0,1,5,3,3,0,3,0
18540,7,1,702,2018,6,5,13,0,0,1,0,0,0,1,2,0,7,3,0,3,0
18541,1,12,130,2018,7,4,11,0,0,0,0,0,0,1,1,0,5,3,0,3,0
18542,1,8,125,2018,6,5,8,0,1,1,0,0,0,0,2,3,2,3,0,3,0
18543,5,17,525,2018,7,7,11,0,0,1,0,0,0,0,1,2,6,3,0,3,0
18544,4,3,406,2018,7,3,17,0,1,1,0,0,0,0,2,5,2,3,0,3,0
18545,1,8,125,2018,6,5,7,0,1,1,0,0,0,0,2,5,3,3,0,3,0
18546,1,3,108,2018,7,1,7,0,1,1,0,0,0,0,2,5,2,3,0,2,1
18547,2,8,220,2018,7,3,14,0,0,1,0,0,0,0,1,3,6,3,0,2,1
18548,5,18,526,2018,6,5,15,0,0,1,0,1,0,0,2,3,6,3,0,3,0
18549,5,6,514,2018,6,5,9,0,1,1,0,0,0,0,2,5,3,3,0,3,0
18550,3,5,317,2018,7,3,10,0,0,0,0,1,0,1,2,4,6,3,1,2,1
18551,3,2,312,2018,7,6,14,0,1,1,0,0,0,0,2,3,6,3,0,3,0
18552,6,7,608,2018,7,1,19,0,0,1,0,0,1,0,2,5,3,3,0,3,0
18553,5,18,526,2018,6,5,14,0,0,1,0,1,0,0,2,5,3,3,0,2,1
18554,1,12,130,2018,7,4,12,0,0,1,0,0,0,0,1,5,2,3,1,2,1
18555,5,9,517,2018,6,5,19,0,1,1,0,0,0,0,2,5,3,3,0,3,0
18556,5,11,519,2018,7,4,20,0,1,1,0,0,0,0,2,5,2,3,0,3,0
18557,4,11,430,2018,7,5,16,0,1,1,0,0,0,0,2,5,3,3,0,3,0
18558,5,18,526,2018,7,2,19,0,0,0,0,1,0,0,1,0,1,3,0,3,0
18559,5,16,524,2018,6,5,9,0,1,0,0,0,0,1,2,5,3,3,0,3,0
18560,2,7,219,2018,7,4,20,0,1,1,0,0,0,0,2,5,2,3,0,3,0
18561,5,10,518,2018,6,5,18,0,0,1,0,1,0,0,2,5,3,3,0,3,0
18562,3,1,307,2018,7,7,1,0,0,1,0,0,0,0,1,3,7,3,0,3,0
18563,1,3,108,2018,7,3,14,0,0,1,0,0,0,0,1,3,6,3,0,3,0
18564,5,11,519,2018,6,5,7,0,1,1,0,0,0,0,2,5,3,3,0,3,0
18565,5,9,517,2018,6,5,10,0,0,1,0,1,0,0,2,2,7,3,0,3,0
18566,3,3,313,2018,7,3,14,0,1,1,0,0,0,0,2,5,3,3,0,3,0
18567,4,10,426,2018,7,5,16,0,1,0,1,0,0,0,2,6,7,3,0,3,0
18568,3,1,302,2018,7,7,23,0,1,0,0,0,0,0,1,0,1,3,0,3,0
18569,5,11,519,2018,6,5,15,0,1,0,0,0,0,0,1,0,7,3,0,2,1
18570,3,9,321,2018,7,4,15,0,0,1,0,0,0,0,1,2,6,3,1,3,0
18571,4,12,431,2018,6,5,14,0,0,1,0,0,0,0,1,2,6,3,0,2,1
18572,2,8,220,2018,7,6,17,0,1,1,0,0,0,0,2,5,2,3,0,3,0
18573,3,5,317,2018,7,4,7,0,0,1,0,0,0,0,1,2,6,3,0,3,0
18574,4,5,412,2018,6,5,9,0,1,0,0,0,0,1,2,6,7,3,0,3,0
18575,3,2,312,2018,7,3,10,0,1,0,0,0,0,0,1,0,7,3,0,3,0
18576,6,1,601,2018,7,5,16,0,0,1,0,0,0,0,1,2,6,3,0,3,0
18577,1,16,136,2018,7,7,10,0,1,1,0,0,0,0,2,4,6,3,0,3,0
18578,4,4,407,2018,6,5,8,0,1,1,0,0,0,0,2,5,3,3,0,3,0
18579,4,8,423,2018,7,4,16,0,0,1,0,0,0,0,1,2,6,3,1,3,0
18580,4,5,408,2018,6,5,16,0,0,1,0,0,0,0,1,5,3,3,0,3,0
18581,5,1,501,2018,7,6,11,0,1,0,0,0,0,0,1,4,6,3,0,3,0
18582,4,10,429,2018,7,4,8,0,1,0,0,0,0,0,1,0,7,3,0,3,0
18583,5,1,502,2018,7,2,14,0,0,1,0,0,0,0,1,5,3,3,0,3,0
18584,4,5,408,2018,6,5,16,0,0,1,0,0,0,1,2,5,3,3,0,3,0
18585,1,5,114,2018,7,4,10,0,1,1,0,0,0,0,2,3,2,3,0,3,0
18586,4,5,409,2018,6,5,15,0,1,1,0,0,0,0,2,5,3,3,0,3,0
18587,1,4,110,2018,7,3,8,0,1,1,0,0,0,0,2,5,3,3,0,3,0
18588,7,1,702,2018,7,6,17,0,0,0,1,0,0,1,2,6,4,3,0,3,0
18589,6,2,603,2018,7,2,12,0,1,1,0,0,0,0,2,5,3,3,0,2,1
18590,4,8,422,2018,6,5,16,0,1,0,1,0,0,0,2,6,7,3,0,3,0
18591,3,7,319,2018,6,5,10,0,0,1,0,0,0,0,1,2,6,3,0,3,0
18592,2,2,207,2018,7,3,0,0,1,1,0,0,0,0,2,1,6,3,0,3,0
18593,2,4,214,2018,7,5,19,0,0,1,0,1,0,0,2,4,2,3,0,3,0
18594,5,18,526,2018,7,6,16,0,0,1,0,0,0,0,1,4,2,3,0,3,0
18595,1,12,130,2018,7,3,14,0,1,1,0,0,0,0,2,3,2,3,0,3,0
18596,3,6,318,2018,6,5,9,0,1,0,1,0,0,0,2,6,4,3,0,3,0
18597,7,16,717,2018,7,3,16,0,0,0,0,1,0,1,2,5,3,3,0,3,0
18598,2,4,212,2018,6,5,8,0,1,1,0,0,0,0,2,4,2,3,0,3,0
18599,1,15,134,2018,7,5,18,0,0,1,0,0,0,0,1,2,6,3,0,3,0
18600,1,6,115,2018,7,1,15,0,0,1,0,0,0,0,1,2,6,3,0,3,0
18601,5,2,507,2018,7,3,10,0,1,0,0,0,0,1,2,0,2,3,0,3,0
18602,1,5,114,2018,6,5,13,0,1,1,0,0,0,0,2,3,7,3,0,3,0
18603,1,5,114,2018,7,3,7,0,0,1,1,0,0,0,2,6,4,3,0,3,0
18604,3,2,312,2018,7,2,17,0,0,0,0,1,0,1,2,0,7,3,1,3,0
18605,1,7,119,2018,7,3,8,0,0,1,0,0,0,0,1,3,6,3,0,3,0
18606,1,1,101,2018,6,5,9,0,0,1,0,0,0,1,2,0,2,3,0,3,0
18607,7,13,714,2018,7,2,14,0,1,1,0,0,0,0,2,0,3,3,0,3,0
18608,5,5,513,2018,7,6,18,0,0,1,0,0,0,0,1,2,2,3,0,3,0
18609,4,9,424,2018,7,2,12,0,0,1,0,1,0,0,2,0,6,3,0,3,0
18610,1,1,101,2018,6,5,0,0,0,0,0,1,0,0,1,9,1,3,0,2,1
18611,4,5,408,2018,7,5,4,0,0,0,0,1,0,0,1,0,1,3,1,2,1
18612,1,5,114,2018,6,5,18,0,1,0,1,0,0,0,2,6,4,3,0,3,0
18613,7,4,705,2018,7,2,10,0,0,1,0,0,0,0,1,4,2,3,0,3,0
18614,1,2,103,2018,7,5,15,0,0,1,1,0,0,0,2,6,4,3,0,3,0
18615,4,5,413,2018,7,6,9,0,1,0,0,0,0,1,2,3,6,3,0,3,0
18616,4,1,401,2018,7,3,7,0,1,1,0,0,0,0,2,3,2,3,0,3,0
18617,7,4,705,2018,6,4,17,0,0,1,0,0,0,1,2,2,6,3,0,3,0
18618,4,8,423,2018,7,5,6,0,1,0,0,0,0,1,2,5,2,3,0,3,0
18619,1,3,108,2018,7,4,17,0,1,1,0,0,0,0,2,2,6,3,0,3,0
18620,2,1,205,2018,7,1,4,0,1,1,0,0,0,0,2,5,3,3,0,3,0
18621,4,6,415,2018,7,3,16,0,0,1,0,0,0,0,1,2,6,3,0,3,0
18622,7,10,711,2018,6,4,7,0,0,1,0,0,0,0,1,5,2,3,0,3,0
18623,7,2,703,2018,7,2,9,0,0,1,0,0,0,1,2,2,6,3,0,3,0
18624,3,2,312,2018,7,6,13,0,1,1,0,0,0,0,2,4,2,3,0,3,0
18625,1,1,101,2018,7,2,22,0,1,1,0,0,0,0,2,5,3,3,0,3,0
18626,6,1,601,2018,6,4,18,0,0,0,0,1,0,1,2,3,7,3,0,2,1
18627,1,13,131,2018,7,4,17,0,0,0,0,1,0,0,1,0,1,3,1,3,0
18628,1,13,131,2018,6,4,12,0,0,1,0,0,1,0,2,5,3,3,0,3,0
18629,6,7,608,2018,7,2,19,0,1,1,0,0,0,0,2,1,7,3,0,3,0
18630,5,4,512,2018,7,4,19,0,0,1,1,0,0,0,2,6,4,3,0,3,0
18631,1,11,128,2018,7,5,14,0,0,1,0,0,0,1,2,4,6,3,0,3,0
18632,4,6,415,2018,7,6,16,0,0,1,0,0,0,0,1,2,6,3,0,3,0
18633,5,8,516,2018,7,2,18,0,0,1,0,0,0,0,1,2,6,3,0,3,0
18634,1,12,130,2018,6,4,12,0,1,0,0,0,1,0,2,5,3,3,0,3,0
18635,7,9,710,2018,7,4,16,0,0,1,0,0,0,0,1,8,1,3,1,3,0
18636,1,12,130,2018,6,4,15,0,1,1,0,0,0,0,2,1,5,3,0,3,0
18637,6,2,602,2018,7,2,15,0,0,1,0,0,0,0,1,1,6,3,0,3,0
18638,1,13,131,2018,7,4,20,0,0,1,0,1,0,0,2,3,7,3,0,2,1
18639,1,3,108,2018,7,6,18,0,1,1,0,0,0,0,2,5,3,3,0,3,0
18640,1,16,137,2018,7,2,14,0,0,1,0,0,0,0,1,1,6,3,0,3,0
18641,1,8,122,2018,6,4,21,0,0,1,0,0,1,0,2,2,2,3,0,3,0
18642,3,2,312,2018,7,5,10,0,1,1,0,0,0,0,2,4,2,3,0,3,0
18643,7,7,708,2018,7,7,0,0,1,0,0,0,0,0,1,0,1,3,0,2,1
18644,4,3,406,2018,7,3,21,0,1,0,1,0,0,0,2,6,4,3,0,3,0
18645,5,18,526,2018,6,4,19,0,0,1,0,0,0,0,1,4,2,3,0,3,0
18646,5,2,508,2018,6,4,18,0,0,1,0,0,0,0,1,2,6,3,0,3,0
18647,6,1,601,2018,7,2,19,0,1,1,0,0,0,0,2,4,6,3,0,3,0
18648,1,5,114,2018,7,6,11,0,0,0,1,0,0,1,2,6,2,3,0,3,0
18649,2,1,205,2018,7,1,5,0,1,0,0,0,0,1,2,5,3,3,0,3,0
18650,5,5,513,2018,6,4,7,0,1,1,0,0,0,0,2,3,2,3,0,3,0
18651,5,12,520,2018,7,4,18,0,0,1,0,0,0,0,1,5,3,3,1,3,0
18652,5,18,526,2018,6,4,9,0,1,0,0,0,0,1,2,4,2,3,0,3,0
18653,4,10,429,2018,7,6,17,0,0,1,0,0,0,0,1,5,3,3,0,3,0
18654,5,10,518,2018,7,4,7,0,0,0,0,1,0,1,2,5,3,3,0,3,0
18655,5,8,516,2018,7,2,15,0,0,0,0,1,0,1,2,5,2,3,0,3,0
18656,5,18,526,2018,6,4,9,0,1,1,0,0,0,0,2,4,2,3,0,3,0
18657,1,1,102,2018,7,4,19,0,1,1,0,0,0,0,2,4,2,3,0,3,0
18658,5,18,526,2018,6,4,7,0,0,1,0,1,0,0,2,5,7,3,0,3,0
18659,3,2,311,2018,7,7,10,0,1,1,0,0,0,0,2,4,2,3,0,3,0
18660,1,14,132,2018,7,2,14,0,0,1,0,0,0,0,1,1,5,3,0,3,0
18661,5,6,514,2018,6,4,18,0,1,1,0,0,0,0,2,5,3,3,0,2,1
18662,5,5,513,2018,7,4,7,0,1,0,0,0,0,1,2,5,3,3,0,3,0
18663,5,4,512,2018,6,4,12,0,1,0,0,0,0,0,1,0,7,3,0,3,0
18664,2,11,223,2018,7,7,16,0,1,0,0,0,0,0,1,3,6,3,0,2,1
18665,3,1,308,2018,7,3,7,0,1,1,0,0,0,0,2,5,7,3,0,3,0
18666,5,2,507,2018,6,4,7,0,1,0,0,0,1,0,2,5,2,3,0,3,0
18667,5,2,509,2018,6,4,15,0,0,1,0,1,0,0,2,5,3,3,0,3,0
18668,1,7,120,2018,7,2,10,0,1,1,0,0,0,0,2,5,3,3,0,3,0
18669,5,2,508,2018,7,5,17,0,0,1,0,0,0,0,1,2,6,3,0,3,0
18670,5,4,512,2018,7,7,15,0,0,1,0,0,0,0,1,9,7,3,0,3,0
18671,5,7,515,2018,6,4,20,0,0,1,0,0,0,0,1,2,2,3,0,3,0
18672,4,8,422,2018,7,4,15,0,0,1,0,0,0,0,1,2,6,3,1,3,0
18673,5,7,515,2018,6,4,14,0,0,1,0,0,1,0,2,2,6,3,0,2,1
18674,5,1,504,2018,7,6,11,0,1,0,0,0,0,0,1,0,6,3,0,2,1
18675,2,7,219,2018,7,4,11,0,1,1,0,0,0,0,2,5,3,3,0,2,1
18676,2,4,211,2018,6,3,19,0,0,1,0,1,0,0,2,3,2,3,0,3,0
18677,2,9,221,2018,7,2,13,0,0,0,0,1,0,0,1,0,1,3,0,3,0
18678,5,7,515,2018,6,4,15,0,1,1,0,0,0,0,2,3,6,3,0,3,0
18679,7,8,709,2018,7,3,13,0,1,1,0,0,0,0,2,5,3,3,0,3,0
18680,5,14,522,2018,6,4,18,0,0,1,0,0,0,0,1,2,2,3,0,3,0
18681,5,4,512,2018,7,2,22,0,1,0,0,0,0,0,1,4,6,3,0,2,1
18682,1,11,129,2018,7,6,15,0,1,1,0,0,0,0,2,5,3,3,0,3,0
18683,1,11,129,2018,7,2,16,0,0,1,0,0,0,0,1,2,6,3,0,3,0
18684,5,12,520,2018,6,4,23,0,0,1,0,0,0,0,1,3,3,3,0,3,0
18685,4,13,432,2018,6,4,6,0,0,1,1,0,0,0,2,6,4,3,0,3,0
18686,5,18,526,2018,7,2,15,0,1,1,0,0,0,0,2,5,2,3,0,3,0
18687,2,3,208,2018,7,5,8,0,1,0,1,0,0,0,2,6,3,3,0,3,0
18688,5,2,505,2018,7,6,10,0,1,0,1,0,0,0,2,6,4,3,0,3,0
18689,1,5,113,2018,7,3,14,0,0,0,0,1,0,0,1,0,7,3,0,3,0
18690,4,5,413,2018,6,4,12,0,0,1,0,1,0,0,2,2,6,3,0,3,0
18691,4,7,416,2018,6,4,18,0,1,0,0,0,0,0,1,4,2,3,0,3,0
18692,2,9,221,2018,7,5,8,0,1,0,0,0,0,0,1,5,3,3,0,3,0
18693,1,13,131,2018,7,6,15,0,0,0,0,1,0,1,2,4,2,3,0,3,0
18694,4,8,421,2018,6,4,15,0,0,1,0,0,0,0,1,0,3,3,0,3,0
18695,3,5,317,2018,7,4,12,0,0,1,0,0,0,0,1,2,6,3,1,3,0
18696,4,7,416,2018,6,4,18,0,1,0,0,0,0,0,1,4,6,3,0,3,0
18697,7,16,717,2018,7,5,12,0,0,1,0,0,0,0,1,2,6,3,0,3,0
18698,3,2,311,2018,7,4,20,0,1,1,0,0,0,0,2,5,3,3,0,3,0
18699,1,16,137,2018,7,2,11,0,0,0,0,1,1,0,2,5,3,3,0,3,0
18700,5,6,514,2018,7,3,12,0,1,1,0,0,0,0,2,5,3,3,0,3,0
18701,4,8,422,2018,6,4,11,0,1,1,0,0,0,0,2,5,2,3,0,3,0
18702,5,3,510,2018,7,6,10,0,0,0,0,0,0,1,1,0,3,3,0,3,0
18703,5,2,509,2018,7,2,18,0,1,1,0,0,0,0,2,5,3,3,0,3,0
18704,4,10,426,2018,6,4,15,0,0,1,0,1,0,0,2,3,2,3,0,3,0
18705,5,1,504,2018,7,5,15,0,1,1,0,0,0,0,2,0,2,3,0,3,0
18706,3,8,320,2018,6,4,22,0,1,1,0,0,0,0,2,3,2,3,0,3,0
18707,7,12,713,2018,7,4,12,0,0,1,0,0,0,0,1,4,6,3,0,2,1
18708,3,8,320,2018,7,6,8,0,1,0,0,0,0,0,1,0,6,3,0,3,0
18709,2,3,210,2018,7,3,10,0,1,1,0,0,0,0,2,4,2,3,1,3,0
18710,3,9,321,2018,6,4,12,0,1,1,0,0,0,0,2,2,7,3,0,3,0
18711,2,11,224,2018,7,5,10,0,0,1,0,0,1,0,2,2,2,3,0,3,0
18712,3,2,312,2018,7,1,8,0,1,0,0,0,0,0,1,0,7,3,0,3,0
18713,2,7,219,2018,7,3,5,0,1,1,0,0,0,0,2,5,3,3,0,3,0
18714,5,2,508,2018,7,3,17,0,0,1,0,0,0,0,1,2,2,3,0,3,0
18715,2,8,220,2018,6,4,7,0,1,1,0,0,0,0,2,4,2,3,0,3,0
18716,1,7,120,2018,7,5,16,0,1,1,0,0,0,0,2,5,3,3,0,3,0
18717,5,11,519,2018,7,1,18,0,1,0,0,0,0,1,2,1,5,3,0,3,0
18718,4,13,432,2018,7,3,9,0,0,1,0,1,0,0,2,3,6,3,0,3,0
18719,3,7,319,2018,6,4,14,0,0,1,0,0,0,0,1,4,6,3,0,3,0
18720,2,8,220,2018,7,6,14,0,1,1,0,0,0,0,2,0,3,3,0,3,0
18721,4,8,421,2018,7,2,17,0,1,1,0,0,0,0,2,0,7,3,0,3,0
18722,3,1,304,2018,6,4,8,0,0,1,0,0,0,0,1,2,6,3,0,3,0
18723,7,1,702,2018,7,4,8,0,0,1,0,0,0,1,2,4,2,3,1,3,0
18724,3,2,312,2018,6,4,13,0,0,1,0,0,0,0,1,5,3,3,0,3,0
18725,1,8,126,2018,7,4,18,0,0,1,0,1,0,1,3,2,6,3,0,2,1
18726,1,5,114,2018,7,6,9,0,0,1,0,0,0,1,2,3,7,3,0,3,0
18727,1,11,129,2018,7,2,16,0,0,1,0,0,0,0,1,8,1,3,0,2,1
18728,6,14,615,2018,6,3,6,0,1,1,0,0,0,0,2,5,3,3,0,3,0
18729,6,1,601,2018,7,4,14,0,0,1,0,0,0,1,2,3,6,3,0,3,0
18730,5,11,519,2018,7,7,11,0,0,1,0,0,0,0,1,3,6,3,0,3,0
18731,4,2,404,2018,7,3,9,0,1,1,0,0,0,0,2,5,2,3,0,3,0
18732,1,12,130,2018,6,3,7,0,0,1,0,0,1,0,2,4,2,3,0,3,0
18733,5,4,512,2018,6,3,16,0,0,1,0,0,0,0,1,2,6,3,0,3,0
18734,1,15,134,2018,7,5,19,0,1,0,0,1,0,0,2,5,3,3,0,3,0
18735,7,1,702,2018,7,3,13,0,0,1,0,0,0,0,1,5,3,3,0,3,0
18736,1,20,141,2018,7,7,13,0,0,1,0,1,0,0,2,2,7,3,0,3,0
18737,5,2,506,2018,6,3,8,0,1,0,0,0,0,0,1,0,7,3,0,3,0
18738,4,6,415,2018,7,4,19,0,0,1,0,0,0,0,1,2,6,3,1,3,0
18739,5,2,508,2018,6,3,6,0,0,1,0,0,0,0,1,5,3,3,0,3,0
18740,3,1,309,2018,7,6,17,0,1,0,0,0,0,0,1,0,7,3,0,3,0
18741,1,1,101,2018,7,2,9,0,0,1,0,0,0,0,1,2,6,3,0,3,0
18742,5,7,515,2018,6,3,6,0,1,1,0,0,0,0,2,5,3,3,0,3,0
18743,1,12,130,2018,7,4,13,0,0,1,0,0,0,0,1,4,7,3,1,2,1
18744,5,10,518,2018,6,3,14,0,0,1,0,0,0,0,1,2,6,3,0,3,0
18745,4,10,428,2018,7,4,7,0,1,1,0,0,0,0,2,5,3,3,0,3,0
18746,5,2,507,2018,7,5,13,0,0,1,0,0,0,0,1,4,2,3,0,3,0
18747,5,4,512,2018,7,2,19,0,0,1,0,0,0,0,1,1,5,3,0,3,0
18748,5,11,519,2018,6,3,11,0,1,1,0,0,0,0,2,5,3,3,0,3,0
18749,2,11,223,2018,7,4,9,0,1,1,0,0,0,0,2,0,5,3,0,3,0
18750,4,11,430,2018,6,3,15,0,0,1,0,0,0,0,1,5,2,3,0,3,0
18751,2,5,216,2018,7,7,12,0,0,1,0,0,0,1,2,1,5,3,0,3,0
18752,1,1,101,2018,7,3,15,0,0,1,0,0,0,0,1,3,6,3,0,3,0
18753,4,13,432,2018,6,3,16,0,1,0,0,0,0,0,1,4,6,3,0,3,0
18754,4,8,420,2018,6,3,18,0,0,1,0,0,0,0,1,0,1,3,0,1,1
18755,5,8,516,2018,7,5,19,0,0,1,0,0,0,0,1,5,3,3,0,3,0
18756,2,8,220,2018,7,7,23,0,0,1,0,0,0,1,2,4,6,3,0,3,0
18757,5,1,501,2018,6,3,11,0,0,1,0,0,0,1,2,5,3,3,0,3,0
18758,3,8,320,2018,7,4,18,0,0,1,0,0,0,0,1,4,2,3,1,3,0
18759,4,7,416,2018,6,3,8,0,0,1,0,0,1,0,2,2,6,3,0,3,0
18760,2,11,224,2018,7,6,19,0,0,1,0,1,0,0,2,4,2,3,0,3,0
18761,4,2,403,2018,7,4,12,0,1,1,0,0,0,0,2,5,2,3,0,3,0
18762,2,1,203,2018,6,3,9,0,1,1,0,0,0,0,2,5,3,3,0,3,0
18763,2,3,209,2018,7,2,16,0,1,1,0,0,0,0,2,5,3,3,0,3,0
18764,1,7,120,2018,7,3,18,0,1,1,0,0,0,0,2,4,2,3,0,3,0
18765,2,1,201,2018,7,7,16,0,0,1,0,0,0,0,1,2,6,3,1,3,0
18766,7,2,703,2018,8,6,19,0,0,1,0,0,0,1,2,5,3,3,0,3,0
18767,5,6,514,2018,8,3,14,0,1,1,0,0,0,0,2,5,3,3,1,3,0
18768,1,4,112,2018,7,7,4,0,0,1,1,0,0,0,2,6,4,3,0,2,1
18769,3,6,318,2018,8,6,16,0,0,1,0,0,0,0,1,0,7,3,0,3,0
18770,5,5,513,2018,8,5,12,0,1,1,0,0,0,0,2,5,3,3,0,3,0
18771,1,1,101,2018,8,2,23,0,0,1,1,0,0,0,2,0,7,3,0,2,1
18772,1,4,112,2018,7,7,14,0,0,1,0,0,0,0,1,2,6,3,0,3,0
18773,6,2,602,2018,8,3,15,0,0,1,0,0,0,0,1,5,3,3,0,3,0
18774,1,12,130,2018,8,6,15,0,0,0,0,0,0,1,1,0,6,3,0,3,0
18775,5,4,512,2018,7,2,14,0,0,1,1,0,0,0,2,6,4,3,0,3,0
18776,7,1,702,2018,7,6,12,0,0,1,0,0,0,0,1,2,2,3,0,3,0
18777,4,6,415,2018,8,2,18,0,1,1,0,0,0,0,2,3,2,3,0,3,0
18778,7,4,705,2018,8,4,7,0,0,1,1,0,0,0,2,6,4,3,0,3,0
18779,6,2,603,2018,7,6,11,0,0,1,0,0,0,1,2,5,3,3,0,3,0
18780,4,5,413,2018,8,6,7,0,1,0,0,0,0,0,1,4,6,3,0,3,0
18781,4,10,426,2018,8,3,21,0,0,0,0,1,0,0,1,0,1,3,1,3,0
18782,1,12,130,2018,7,6,16,0,0,0,0,1,0,1,2,3,2,3,0,3,0
18783,5,6,514,2018,8,5,20,0,0,1,0,0,0,0,1,5,2,3,1,3,0
18784,1,11,128,2018,8,1,12,0,0,0,0,1,0,1,2,5,3,3,0,2,1
18785,3,7,319,2018,8,5,11,0,1,1,0,0,0,0,2,3,2,3,0,3,0
18786,1,8,125,2018,8,7,15,0,1,1,0,0,0,0,2,5,2,3,0,3,0
18787,1,11,129,2018,7,6,15,0,0,0,0,1,0,0,1,9,1,3,0,3,0
18788,5,10,518,2018,8,3,7,0,0,1,0,0,0,0,1,4,2,3,0,3,0