SN,District,Imperial_Circle,Community,Year,Month,Weekday,Hour,Road,Cycle,Car,Pedestrians,Motorcycle,Goods Vehicle,Others,Total,Collision Type,Accident Type,Light Condition,Road Condition,Accident_Severity,Severity
18789,4,4,407,2018,8,6,12,0,0,1,0,0,0,0,1,5,3,3,0,3,0
18790,6,5,606,2018,7,1,16,0,1,1,0,0,0,0,2,2,2,3,0,3,0
18791,4,6,414,2018,8,5,18,0,0,1,0,0,0,0,1,2,6,3,0,3,0
18792,5,3,510,2018,8,1,1,0,0,1,0,0,0,0,1,2,6,3,0,3,0
18793,5,18,526,2018,7,6,10,0,0,1,0,1,0,0,2,3,2,3,0,1,1
18794,5,4,512,2018,8,3,17,0,1,0,0,0,0,0,1,4,6,3,0,2,1
18795,4,7,416,2018,8,6,17,0,1,0,0,0,0,0,1,2,6,3,0,2,1
18796,4,8,423,2018,8,4,16,0,0,1,0,1,0,0,2,2,6,3,0,3,0
18797,2,1,204,2018,7,2,17,0,1,1,0,0,0,0,2,1,5,3,0,3,0
18798,1,12,130,2018,7,6,10,0,0,1,0,0,0,0,1,2,6,3,0,3,0
18799,5,18,526,2018,7,6,8,0,0,1,1,0,0,0,2,6,2,3,0,3,0
18800,4,2,403,2018,8,2,18,0,1,1,0,0,0,0,2,3,6,3,0,3,0
18801,2,8,220,2018,8,3,7,0,0,1,0,1,0,0,2,0,7,3,0,3,0
18802,5,10,518,2018,8,4,7,0,0,1,0,0,0,0,1,8,7,3,0,3,0
18803,5,6,514,2018,7,6,21,0,1,1,0,0,0,0,2,7,1,3,0,3,0
18804,4,7,416,2018,8,6,13,0,1,0,0,0,0,0,1,0,7,3,0,3,0
18805,1,5,114,2018,8,3,23,0,0,1,0,0,0,0,1,5,3,3,0,3,0
18806,4,6,415,2018,8,2,20,0,0,1,0,0,0,0,1,2,6,3,0,3,0
18807,5,2,506,2018,7,6,13,0,0,1,0,0,0,1,2,4,6,3,0,2,1
18808,3,3,313,2018,8,5,18,0,1,1,0,0,0,0,2,0,5,3,0,3,0
18809,4,6,415,2018,8,1,11,0,1,1,0,0,0,0,2,5,3,3,0,3,0
18810,1,5,113,2018,8,5,10,0,0,1,0,0,0,0,1,2,2,3,0,3,0
18811,4,8,423,2018,8,7,16,0,1,1,0,0,0,0,2,5,2,3,1,2,1
18812,4,11,430,2018,7,6,22,0,1,0,0,0,0,0,1,3,2,3,0,2,1
18813,4,5,408,2018,8,3,15,0,0,1,0,0,0,0,1,2,6,3,0,3,0
18814,7,14,715,2018,8,5,8,0,1,1,0,0,0,0,2,1,5,3,0,3,0
18815,2,11,223,2018,7,1,14,0,1,1,0,0,0,0,2,1,5,3,0,3,0
18816,5,7,515,2018,7,6,13,0,1,1,0,0,0,0,2,5,3,3,0,3,0
18817,5,18,526,2018,8,7,15,0,0,1,0,1,0,0,2,2,6,3,0,3,0
18818,6,2,603,2018,8,2,16,0,1,1,0,0,0,0,2,5,3,3,0,3,0
18819,3,3,313,2018,8,4,21,0,1,1,0,0,0,1,3,0,6,3,0,3,0
18820,5,17,525,2018,7,6,14,0,0,1,0,0,0,0,1,4,2,3,0,3,0
18821,3,3,314,2018,8,6,9,0,1,1,0,0,0,0,2,3,2,3,0,3,0
18822,5,12,520,2018,8,2,16,0,0,1,0,0,1,0,2,2,6,3,0,3,0
18823,5,12,520,2018,7,6,7,0,1,1,0,0,0,0,2,5,3,3,0,3,0
18824,2,14,227,2018,8,1,0,0,1,1,0,0,0,0,2,2,6,3,0,3,0
18825,7,13,714,2018,8,2,13,0,1,1,0,0,0,0,2,5,3,3,0,3,0
18826,4,8,422,2018,8,4,18,0,0,1,0,1,0,0,2,4,2,3,0,3,0
18827,4,13,432,2018,7,6,15,0,0,0,1,1,0,0,2,6,4,3,0,3,0
18828,3,1,307,2018,8,6,8,0,1,0,0,0,0,0,1,5,3,3,0,3,0
18829,1,7,119,2018,8,2,20,0,0,1,0,0,0,1,2,2,2,3,1,3,0
18830,4,5,408,2018,7,6,15,0,0,0,0,0,0,1,1,0,7,3,0,2,1
18831,1,12,130,2018,8,4,11,0,0,1,1,0,0,0,2,6,4,3,0,2,1
18832,1,12,130,2018,8,7,14,0,0,1,0,0,0,0,1,2,6,3,0,3,0
18833,1,12,130,2018,8,4,21,0,1,0,0,0,0,0,1,0,7,3,0,3,0
18834,1,5,114,2018,8,7,23,0,0,1,0,0,0,1,2,6,7,3,0,3,0
18835,4,6,415,2018,7,6,23,0,1,0,0,0,0,0,1,4,6,3,0,3,0
18836,3,3,314,2018,8,3,19,0,1,1,0,0,0,0,2,5,3,3,0,3,0
18837,4,9,424,2018,8,5,10,0,0,1,0,0,0,0,1,4,2,3,0,3,0
18838,3,5,317,2018,7,7,17,0,0,1,0,0,0,0,1,8,1,3,0,3,0
18839,2,9,221,2018,8,7,14,0,1,1,0,0,0,0,2,5,3,3,0,3,0
18840,1,16,137,2018,8,3,16,0,0,0,1,0,0,1,2,6,4,3,0,3,0
18841,5,1,501,2018,7,6,18,0,1,1,0,0,0,0,2,3,2,3,0,3,0
18842,6,2,602,2018,8,5,7,0,1,1,0,0,0,0,2,5,3,3,0,3,0
18843,2,1,206,2018,8,2,15,0,1,1,0,0,0,0,2,3,7,3,0,3,0
18844,4,6,415,2018,7,6,21,0,1,0,1,0,0,0,2,6,4,3,0,3,0
18845,2,7,219,2018,8,4,14,0,0,0,0,1,0,0,1,0,7,3,0,3,0
18846,1,16,137,2018,8,6,17,0,0,1,1,0,0,0,2,6,4,3,0,3,0
18847,1,16,136,2018,7,2,22,0,0,1,0,0,0,0,1,1,5,3,0,3,0
18848,4,6,415,2018,7,6,18,0,1,1,0,0,0,0,2,0,7,3,0,3,0
18849,5,10,518,2018,8,4,6,0,1,0,0,0,0,0,1,4,6,3,0,3,0
18850,4,10,426,2018,8,7,20,0,1,0,0,0,0,0,1,0,7,3,0,3,0
18851,5,18,526,2018,8,4,8,0,1,0,0,0,0,0,1,0,1,3,0,3,0
18852,4,4,407,2018,8,6,17,0,0,1,0,0,0,0,1,1,6,3,0,3,0
18853,3,1,306,2018,7,3,15,0,1,1,0,0,0,0,2,2,5,3,0,3,0
18854,3,9,321,2018,7,6,9,0,0,1,0,0,0,0,1,3,6,3,0,3,0
18855,7,4,705,2018,8,2,12,0,1,1,0,0,0,0,2,0,7,3,0,3,0
18856,3,9,321,2018,8,5,19,0,0,1,0,0,0,1,2,1,7,3,0,3,0
18857,3,9,321,2018,7,6,23,0,0,1,0,1,0,0,2,3,7,3,0,2,1
18858,1,8,123,2018,7,6,9,0,1,1,0,0,0,0,2,5,2,3,0,3,0
18859,1,12,130,2018,8,6,16,0,0,1,0,0,0,0,1,5,2,3,0,3,0
18860,4,11,430,2018,8,3,14,0,1,1,0,0,0,0,2,0,6,3,0,3,0
18861,2,5,217,2018,7,6,13,0,1,1,0,0,0,0,2,5,3,3,0,3,0
18862,1,3,106,2018,8,6,17,0,0,1,0,1,0,0,2,2,6,3,0,3,0
18863,5,2,509,2018,8,5,5,0,0,1,0,0,0,0,1,5,3,3,0,3,0
18864,1,1,101,2018,8,2,17,0,1,1,0,0,0,0,2,5,3,3,0,3,0
18865,2,8,220,2018,7,6,7,0,1,0,0,0,1,0,2,3,2,3,0,3,0
18866,6,5,606,2018,8,3,8,0,0,1,0,0,0,0,1,5,3,3,0,3,0
18867,5,6,514,2018,8,6,21,0,0,0,1,0,0,1,2,6,3,3,0,3,0
18868,4,10,426,2018,8,4,8,0,0,1,0,0,0,0,1,2,6,3,0,3,0
18869,5,4,512,2018,7,2,12,0,1,1,0,0,0,0,2,0,3,3,0,3,0
18870,1,6,115,2018,7,6,0,0,1,1,0,0,0,0,2,5,3,3,0,3,0
18871,3,7,319,2018,7,6,16,0,0,1,0,1,0,0,2,4,7,3,0,3,0
18872,2,7,219,2018,8,2,15,0,1,1,0,0,0,0,2,2,6,3,0,3,0
18873,4,10,427,2018,8,3,8,0,0,1,0,0,0,0,1,1,5,3,0,3,0
18874,6,2,602,2018,8,4,7,0,1,0,0,0,0,1,2,0,7,3,0,3,0
18875,2,1,205,2018,7,6,19,0,0,1,0,1,0,0,2,1,6,3,0,3,0
18876,5,1,501,2018,8,6,7,0,1,1,0,0,0,0,2,3,2,3,0,3,0
18877,1,1,102,2018,8,3,18,0,1,1,0,0,0,0,2,5,3,3,0,3,0
18878,3,3,314,2018,7,6,9,0,0,1,1,0,0,0,2,6,7,3,0,3,0
18879,5,10,518,2018,8,2,14,0,1,1,0,0,0,0,2,5,3,3,0,3,0
18880,4,8,423,2018,8,4,16,0,0,1,0,0,0,0,1,2,6,3,0,3,0
18881,1,4,112,2018,8,5,21,0,0,1,1,0,0,0,2,6,4,3,0,3,0
18882,1,4,111,2018,7,6,22,0,0,1,0,0,0,0,1,2,6,3,0,3,0
18883,5,7,515,2018,8,6,16,0,1,1,0,0,0,0,2,3,2,3,0,3,0
18884,4,8,422,2018,8,3,14,0,1,0,0,0,0,0,1,0,2,3,1,3,0
18885,2,1,201,2018,7,6,13,0,1,0,0,0,0,0,1,0,7,3,0,3,0
18886,6,1,601,2018,8,5,12,0,1,1,0,0,0,0,2,5,3,3,0,3,0
18887,7,14,715,2018,8,1,17,0,0,0,0,0,0,1,1,9,7,3,0,2,1
18888,2,7,219,2018,8,5,18,0,0,1,0,0,0,0,1,4,2,3,0,3,0
18889,4,4,407,2018,8,1,15,0,1,1,1,0,0,0,3,6,4,3,0,3,0
18890,7,10,711,2018,7,6,7,0,0,0,0,0,1,0,1,2,6,3,0,3,0
18891,5,18,526,2018,8,3,17,0,0,0,0,1,0,0,1,0,7,3,0,3,0
18892,2,6,218,2018,8,6,16,0,1,1,0,0,0,0,2,4,2,3,0,3,0
18893,3,9,321,2018,8,4,8,0,1,1,0,0,0,0,2,1,5,3,0,3,0
18894,2,4,211,2018,7,2,16,0,1,1,0,0,0,1,3,0,3,3,0,3,0
18895,7,4,705,2018,7,5,19,0,0,1,0,0,0,0,1,2,6,3,0,3,0
18896,3,1,309,2018,8,2,16,0,1,0,0,0,0,0,1,0,7,3,0,3,0
18897,2,4,212,2018,8,3,7,0,1,0,0,0,0,0,1,3,6,3,0,3,0
18898,4,4,407,2018,8,4,17,0,1,1,0,0,0,0,2,2,6,3,0,3,0
18899,7,1,702,2018,7,5,12,0,0,0,0,1,1,0,2,0,7,3,1,3,0
18900,2,8,220,2018,8,6,13,0,1,1,0,0,0,0,2,4,2,3,0,3,0
18901,6,14,615,2018,8,2,20,0,0,1,0,0,0,0,1,1,5,3,1,3,0
18902,1,6,117,2018,7,5,15,0,1,0,0,0,1,0,2,3,2,3,0,3,0
18903,1,1,101,2018,8,5,19,0,1,1,0,0,0,0,2,3,6,3,0,3,0
18904,1,1,102,2018,8,1,20,0,1,0,0,0,0,1,2,0,7,3,0,3,0
18905,1,16,137,2018,8,4,21,0,0,1,0,0,0,1,2,5,3,3,0,3,0
18906,3,1,308,2018,8,7,23,0,1,0,0,0,0,1,2,1,7,3,0,2,1
18907,1,7,119,2018,7,5,17,0,0,1,0,0,0,1,2,2,6,3,0,3,0
18908,2,8,220,2018,8,3,15,0,0,1,0,1,0,0,2,0,7,3,0,3,0
18909,5,18,526,2018,8,5,13,0,0,1,0,0,0,1,2,2,6,3,0,3,0
18910,4,4,407,2018,8,2,11,0,0,1,0,1,0,0,2,5,3,3,1,3,0
18911,1,8,123,2018,7,5,13,0,0,1,0,1,0,0,2,5,2,3,0,2,1
18912,4,7,416,2018,8,5,9,0,1,0,0,0,0,0,1,0,7,3,0,2,1
18913,5,18,526,2018,8,1,22,0,0,1,0,0,0,0,1,5,2,3,0,3,0
18914,3,1,310,2018,8,5,19,0,1,1,0,0,0,0,2,2,5,3,0,3,0
18915,5,2,505,2018,8,7,14,0,1,0,0,0,0,0,1,4,6,3,1,3,0
18916,4,9,424,2018,7,5,11,0,0,1,0,0,0,0,1,2,6,3,0,3,0
18917,4,13,432,2018,8,3,18,0,1,1,0,0,0,0,2,5,3,3,0,3,0
18918,2,3,209,2018,8,6,9,0,1,1,0,0,0,0,2,1,5,3,0,3,0
18919,5,7,515,2018,7,1,20,0,1,0,0,0,0,0,1,4,6,3,0,3,0
18920,5,2,507,2018,7,5,17,0,1,1,0,0,0,0,2,3,6,3,0,3,0
18921,1,3,108,2018,8,1,19,0,0,0,0,1,0,0,1,8,1,3,0,3,0
18922,6,13,614,2018,8,2,17,0,0,1,1,0,0,0,2,6,4,3,0,2,1
18923,3,5,317,2018,8,4,6,0,0,1,0,1,0,0,2,3,6,3,0,3,0
18924,5,11,519,2018,7,5,16,0,1,1,0,0,0,0,2,5,3,3,0,3,0
18925,2,1,206,2018,8,6,3,0,0,1,0,0,0,0,1,1,5,3,0,3,0
18926,5,6,514,2018,8,2,18,0,0,1,1,0,0,0,2,6,4,3,0,3,0
18927,4,4,407,2018,7,5,18,0,0,1,0,1,0,0,2,2,6,3,0,3,0
18928,5,3,511,2018,8,4,16,0,1,1,0,0,0,0,2,1,5,3,0,3,0
18929,4,9,424,2018,8,7,10,0,0,0,0,1,0,1,2,3,2,3,0,3,0
18930,1,6,117,2018,8,4,16,0,0,1,0,1,0,0,2,5,3,3,0,3,0
18931,7,9,710,2018,8,6,13,0,1,1,0,0,0,0,2,4,2,3,0,3,0
18932,2,14,227,2018,8,4,9,0,0,1,0,0,0,1,2,5,3,3,0,3,0
18933,4,4,407,2018,8,4,8,0,1,1,0,0,0,0,2,5,2,3,0,3,0
18934,4,6,414,2018,7,5,21,0,0,1,0,0,0,0,1,3,2,3,0,3,0
18935,1,5,114,2018,8,3,13,0,0,1,0,0,0,0,1,2,7,3,0,3,0
18936,4,13,432,2018,8,5,17,0,1,1,0,0,0,0,2,3,6,3,0,3,0
18937,2,14,227,2018,7,5,7,0,1,1,0,0,0,0,2,5,3,3,0,3,0
18938,4,1,401,2018,8,7,3,0,1,1,0,0,0,0,2,1,5,3,0,3,0
18939,5,6,514,2018,8,3,14,0,0,1,0,0,0,0,1,2,2,3,0,3,0
18940,1,4,109,2018,7,1,18,0,0,1,0,0,0,0,1,4,7,3,0,3,0
18941,3,8,320,2018,7,5,15,0,0,1,0,0,0,0,1,5,7,3,0,3,0
18942,4,11,430,2018,8,7,16,0,0,1,0,1,0,0,2,9,2,3,0,3,0
18943,5,11,519,2018,8,2,13,0,1,0,0,0,0,1,2,1,5,3,1,3,0
18944,1,18,139,2018,8,4,8,0,1,0,0,0,0,0,1,0,7,3,0,3,0
18945,2,5,215,2018,7,5,15,0,1,1,0,0,0,0,2,5,3,3,0,2,1
18946,1,1,102,2018,8,6,16,0,1,0,0,0,0,1,2,3,6,3,0,3,0
18947,2,5,216,2018,8,2,21,0,1,0,0,0,0,0,1,3,6,3,0,2,1
18948,3,1,301,2018,7,5,6,0,0,1,0,1,0,0,2,0,3,3,0,3,0
18949,4,8,418,2018,8,4,19,0,0,1,0,0,0,0,1,5,3,3,0,3,0
18950,3,1,304,2018,8,7,10,0,1,0,0,0,0,1,2,5,3,3,0,3,0
18951,5,12,520,2018,8,4,8,0,0,1,0,0,0,1,2,5,3,3,0,3,0
18952,2,5,215,2018,8,6,14,0,0,1,0,1,0,0,2,2,6,3,0,3,0
18953,1,3,108,2018,7,3,11,0,0,1,0,0,1,0,2,2,6,3,0,3,0
18954,2,5,215,2018,8,4,17,0,0,1,0,0,0,0,1,1,6,3,0,3,0
18955,2,3,208,2018,7,5,13,0,1,0,0,0,0,0,1,3,6,3,0,3,0
18956,1,16,135,2018,8,2,1,0,0,1,0,0,0,0,1,8,1,3,0,3,0
18957,3,3,314,2018,8,5,18,0,1,1,0,0,0,0,2,3,6,3,0,3,0
18958,3,2,312,2018,7,5,13,0,1,0,1,0,0,0,2,6,4,3,0,3,0
18959,5,6,514,2018,7,6,17,0,0,1,0,1,0,0,2,1,6,3,0,3,0
18960,1,14,133,2018,8,6,17,0,0,1,0,1,0,0,2,5,3,3,0,3,0
18961,5,10,518,2018,8,3,16,0,0,1,0,0,1,0,2,3,6,3,0,3,0
18962,2,2,207,2018,7,5,20,0,1,0,0,0,0,0,1,3,2,3,0,3,0
18963,1,1,102,2018,8,6,16,0,1,0,1,0,0,0,2,0,7,3,0,3,0
18964,3,1,304,2018,8,2,9,0,0,1,0,1,0,0,2,2,6,3,1,3,0
18965,4,5,413,2018,8,5,22,0,1,1,0,0,0,0,2,0,6,3,0,3,0
18966,1,12,130,2018,8,1,20,0,0,0,0,1,1,0,2,5,7,3,0,2,1
18967,2,7,219,2018,8,4,13,0,0,0,0,1,0,0,1,0,1,3,0,3,0
18968,1,3,108,2018,7,5,22,0,0,1,0,0,0,1,2,0,7,3,0,3,0
18969,1,14,133,2018,8,3,21,0,0,1,0,1,0,0,2,2,2,3,0,3,0
18970,4,6,414,2018,8,6,16,0,1,1,0,0,0,0,2,4,3,3,0,3,0
18971,1,5,114,2018,7,5,19,0,1,1,0,0,0,0,2,1,5,3,0,3,0
18972,2,5,216,2018,8,6,13,0,1,0,0,0,0,1,2,3,6,3,0,3,0
18973,1,12,130,2018,8,5,9,0,0,1,0,1,0,0,2,4,6,3,0,3,0
18974,3,2,312,2018,8,2,7,0,1,1,0,0,0,0,2,5,3,3,0,2,1
18975,7,4,705,2018,7,4,22,0,0,0,1,1,0,0,2,6,6,3,0,3,0
18976,7,14,715,2018,8,3,16,0,0,1,0,1,0,0,2,0,2,3,0,2,1
18977,6,14,615,2018,8,6,15,0,0,1,0,0,0,0,1,5,3,3,0,2,1
18978,6,12,613,2018,7,2,14,0,0,1,0,0,0,0,1,5,3,3,0,3,0
18979,2,5,216,2018,8,4,8,0,0,0,1,1,0,0,2,0,4,3,0,3,0
18980,1,13,131,2018,7,4,9,0,0,1,0,0,0,1,2,5,3,3,0,3,0
18981,4,3,406,2018,8,2,13,0,0,1,0,0,1,0,2,4,2,3,0,3,0
18982,1,5,114,2018,8,5,17,0,0,0,1,0,0,1,2,0,4,3,0,3,0
18983,5,3,510,2018,7,4,14,0,0,1,0,0,0,1,2,2,6,3,0,3,0
18984,4,3,406,2018,8,6,7,0,1,1,0,0,0,0,2,5,2,3,0,3,0
18985,4,8,420,2018,8,3,9,0,0,0,0,1,0,0,1,0,1,3,0,3,0
18986,5,8,516,2018,7,4,9,0,1,0,0,0,0,1,2,5,3,3,0,3,0
18987,1,6,117,2018,8,5,15,0,1,1,0,0,0,0,2,5,3,3,0,3,0
18988,7,4,705,2018,8,1,2,0,1,1,0,0,0,0,2,0,7,3,0,3,0
18989,2,7,219,2018,8,5,7,0,1,1,0,0,0,0,2,5,3,3,0,2,1
18990,7,9,710,2018,8,7,18,0,0,1,0,1,0,0,2,5,3,3,0,3,0
18991,3,8,320,2018,8,4,7,0,1,0,0,0,0,1,2,5,2,3,0,3,0
18992,4,12,431,2018,7,4,5,0,1,1,0,0,0,0,2,3,6,3,0,3,0
18993,5,11,519,2018,8,3,11,0,0,1,0,1,0,0,2,3,6,3,0,3,0
18994,3,1,310,2018,8,6,13,0,0,1,0,0,0,0,1,1,7,3,0,3,0
18995,1,5,114,2018,7,2,8,0,1,0,0,0,0,0,1,0,7,3,0,3,0
18996,3,1,303,2018,8,4,9,0,1,1,0,0,0,0,2,1,6,3,0,2,1
18997,4,13,432,2018,7,4,16,0,0,1,0,1,0,0,2,1,6,3,0,3,0
18998,4,6,414,2018,8,1,20,0,1,0,0,0,0,0,1,0,7,3,0,3,0
18999,1,5,114,2018,8,3,18,0,0,1,0,0,0,0,1,1,6,3,0,3,0
19000,4,5,411,2018,8,4,18,0,1,1,0,0,0,0,2,1,5,3,1,3,0
19001,4,13,432,2018,7,4,17,0,0,0,0,1,0,0,1,8,1,3,1,3,0
19002,4,5,408,2018,7,2,18,0,0,0,0,1,0,0,1,0,7,3,0,3,0
19003,3,9,321,2018,7,4,19,0,1,1,0,0,0,0,2,5,3,3,0,3,0
19004,3,6,318,2018,8,2,12,0,1,1,0,0,0,0,2,5,3,3,0,3,0
19005,2,11,224,2018,8,3,16,0,1,1,0,0,0,0,2,5,3,3,0,3,0
19006,5,17,525,2018,8,4,15,0,1,1,0,0,0,0,2,5,3,3,0,3,0
19007,3,8,320,2018,7,4,9,0,0,0,0,0,1,0,1,0,7,3,0,3,0
19008,4,6,415,2018,8,6,17,0,0,1,0,1,0,0,2,3,6,3,0,2,1
19009,3,2,312,2018,8,3,13,0,0,1,0,0,0,0,1,2,6,3,0,3,0
19010,4,10,426,2018,8,2,16,0,0,1,0,0,0,0,1,2,6,3,0,3,0
19011,2,10,222,2018,7,4,16,0,0,1,0,0,0,1,2,2,6,3,1,3,0
19012,2,7,219,2018,8,5,4,0,0,1,1,0,0,0,2,6,2,3,0,2,1
19013,4,7,416,2018,8,1,13,0,1,1,0,0,0,0,2,4,6,3,0,3,0
19014,2,2,207,2018,8,5,10,0,1,0,1,0,0,0,2,6,4,3,0,3,0
19015,4,12,431,2018,8,7,1,0,0,1,0,0,0,0,1,5,3,3,0,3,0
19016,2,3,208,2018,8,4,15,0,1,0,0,0,0,1,2,1,5,3,0,3,0
19017,2,9,221,2018,7,4,10,0,1,0,0,0,1,0,2,3,2,3,0,3,0
19018,4,5,408,2018,8,3,23,0,1,0,0,0,0,0,1,3,6,3,0,3,0
19019,1,3,108,2018,8,6,9,0,1,0,0,0,0,1,2,0,7,3,0,3,0
19020,4,10,426,2018,7,1,0,0,0,1,0,0,0,0,1,5,2,3,0,3,0
19021,2,5,217,2018,7,4,23,0,1,0,0,0,0,0,1,0,7,3,0,3,0
19022,1,17,138,2018,8,1,12,0,0,1,0,0,0,0,1,5,3,3,0,3,0
19023,6,4,605,2018,8,2,13,0,0,1,0,1,0,0,2,1,5,3,0,2,1
19024,2,1,201,2018,8,4,18,0,1,0,1,0,0,0,2,6,3,3,0,3,0
19025,3,6,318,2018,7,4,19,0,1,1,0,0,0,0,2,5,3,3,0,3,0
19026,3,3,314,2018,8,6,13,0,1,1,0,0,0,0,2,0,7,3,0,3,0
19027,4,11,430,2018,8,2,23,0,0,1,0,0,0,0,1,5,3,3,1,3,0
19028,4,2,403,2018,7,4,17,0,0,1,1,0,0,0,2,6,4,3,0,3,0
19029,5,7,515,2018,8,4,19,0,1,0,1,0,0,0,2,6,4,3,0,3,0
19030,4,4,407,2018,8,7,0,0,0,1,0,0,0,0,1,1,5,3,0,3,0
19031,5,6,514,2018,8,4,11,0,0,1,0,0,0,1,2,2,6,3,0,3,0
19032,4,12,431,2018,8,6,18,0,0,1,1,0,0,0,2,3,6,3,0,3,0
19033,2,7,219,2018,8,6,9,0,1,1,0,0,0,0,2,0,2,3,0,3,0
19034,1,11,129,2018,8,2,8,0,0,1,0,0,0,0,1,5,3,3,0,3,0
19035,3,1,305,2018,7,4,14,0,0,1,0,1,0,0,2,4,7,3,0,2,1
19036,1,16,137,2018,8,4,8,0,0,1,0,0,1,1,3,4,6,3,0,2,1
19037,1,12,130,2018,8,7,22,0,0,1,0,0,0,0,1,2,2,3,0,3,0
19038,6,2,603,2018,8,4,16,0,0,1,0,0,0,0,1,5,3,3,0,3,0
19039,1,1,101,2018,8,7,15,0,0,1,0,0,0,0,1,2,6,3,0,3,0
19040,1,1,102,2018,8,4,7,0,1,1,0,0,0,0,2,3,6,3,0,3,0
19041,3,5,317,2018,7,4,7,0,1,1,0,0,0,0,2,5,3,3,0,3,0
19042,2,1,203,2018,8,3,10,0,0,1,0,1,0,0,2,2,6,3,0,3,0
19043,5,3,510,2018,8,5,7,0,1,1,0,0,0,0,2,5,3,3,0,3,0
19044,5,4,512,2018,7,7,0,0,0,1,1,0,0,0,2,6,2,3,0,3,0
19045,2,3,210,2018,7,4,10,0,0,1,0,0,0,0,1,4,2,3,0,3,0
19046,5,1,504,2018,8,7,12,0,1,1,0,0,0,0,2,3,2,3,0,3,0
19047,4,5,408,2018,8,2,19,0,0,1,0,0,0,0,1,2,6,3,0,3,0
19048,1,16,137,2018,8,3,20,0,0,1,0,1,0,0,2,2,6,3,1,3,0
19049,2,4,214,2018,7,4,14,0,0,1,0,1,0,0,2,2,6,3,0,3,0
19050,7,1,702,2018,8,5,11,0,1,1,0,0,0,0,2,5,3,3,0,3,0
19051,3,4,316,2018,8,2,14,0,0,1,0,0,0,1,2,3,2,3,0,3,0
19052,3,1,309,2018,7,4,11,0,1,1,0,0,0,0,2,5,3,3,0,3,0
19053,2,11,223,2018,8,4,9,0,0,1,0,0,0,0,1,2,6,3,0,3,0
19054,7,6,707,2018,8,6,7,0,1,0,0,0,0,0,1,4,6,3,0,3,0
19055,7,12,713,2018,7,2,16,0,0,1,0,0,1,0,2,2,6,3,0,3,0
19056,1,19,140,2018,8,4,18,0,0,1,0,0,1,0,2,3,6,3,0,3,0
19057,2,2,207,2018,7,4,16,0,1,1,0,0,0,0,2,3,7,3,0,3,0
19058,5,18,526,2018,8,2,8,0,1,1,0,0,0,0,2,3,6,3,0,3,0
19059,1,3,106,2018,8,5,8,0,0,1,0,1,0,0,2,3,7,3,0,3,0
19060,1,1,101,2018,7,4,16,0,0,1,0,0,0,0,1,4,2,3,0,3,0
19061,2,9,221,2018,7,3,11,0,0,0,0,0,0,1,1,2,6,3,0,3,0
19062,1,19,140,2018,8,4,14,0,0,1,0,1,0,0,2,3,7,3,0,3,0
19063,1,3,108,2018,7,4,14,0,0,1,0,0,0,0,1,3,7,3,0,3,0
19064,7,13,714,2018,8,2,7,0,0,1,0,0,0,1,2,2,6,3,0,3,0
19065,4,6,414,2018,8,5,6,0,0,1,0,0,0,0,1,3,2,3,0,3,0
19066,6,1,601,2018,7,3,17,0,0,1,0,0,0,0,1,2,6,3,0,3,0
19067,6,2,602,2018,8,6,12,0,1,1,0,0,0,0,2,5,3,3,0,3,0
19068,5,7,515,2018,8,3,18,0,0,1,0,0,0,0,1,2,2,3,0,3,0
19069,6,1,601,2018,7,3,18,0,0,1,0,0,0,1,2,1,6,3,0,3,0
19070,1,4,111,2018,8,6,12,0,0,1,0,0,0,0,1,1,5,3,0,3,0
19071,5,2,508,2018,8,5,10,0,0,1,0,0,0,0,1,3,7,3,0,3,0
19072,1,4,109,2018,8,2,19,0,1,1,0,0,0,0,2,4,2,3,1,3,0
19073,7,4,705,2018,7,3,11,0,1,1,0,0,0,0,2,5,3,3,0,3,0
19074,1,13,131,2018,7,3,20,0,0,1,0,0,0,0,1,5,3,3,0,3,0
19075,6,1,601,2018,8,3,12,0,0,1,0,0,0,0,1,1,6,3,0,3,0
19076,1,8,122,2018,8,6,14,0,0,1,0,0,0,0,1,2,6,3,1,3,0
19077,5,18,526,2018,7,2,21,0,0,1,0,0,0,0,1,1,5,3,0,3,0
19078,6,2,602,2018,7,3,7,0,1,1,0,0,0,0,2,4,2,3,0,3,0
19079,1,12,130,2018,7,3,12,0,1,1,0,0,0,0,2,5,2,3,0,3,0
19080,4,8,418,2018,8,2,8,0,1,1,0,0,0,0,2,0,2,3,0,3,0
19081,5,1,501,2018,8,4,17,0,1,1,0,0,0,0,2,2,6,3,0,3,0
19082,5,1,502,2018,8,3,18,0,1,1,0,0,0,0,2,5,2,3,0,3,0
19083,6,1,601,2018,8,4,15,0,0,1,0,0,0,0,1,4,6,3,0,3,0
19084,1,8,122,2018,7,3,10,0,1,1,0,0,0,0,2,0,2,3,0,3,0
19085,4,5,409,2018,8,6,14,0,0,0,0,1,0,0,1,0,7,3,0,3,0
19086,1,4,111,2018,8,3,8,0,0,1,0,1,0,0,2,5,3,3,0,3,0
19087,5,2,508,2018,7,3,6,0,0,1,1,0,0,0,2,6,7,3,0,2,1
19088,4,9,424,2018,8,5,16,0,0,1,0,1,0,0,2,5,2,3,0,2,1
19089,1,8,123,2018,8,1,0,0,0,1,0,0,0,0,1,4,2,3,0,3,0