SN,District,Imperial_Circle,Community,Year,Month,Weekday,Hour,Road,Cycle,Car,Pedestrians,Motorcycle,Goods Vehicle,Others,Total,Collision Type,Accident Type,Light Condition,Road Condition,Accident_Severity,Severity
19391,1,3,107,2018,8,2,10,0,0,1,0,1,0,0,2,5,3,3,1,3,0
19392,2,6,218,2018,9,5,13,0,1,1,0,0,0,0,2,2,2,3,0,3,0
19393,7,10,711,2018,8,1,11,0,0,1,1,0,0,0,2,0,4,3,0,3,0
19394,1,5,114,2018,9,2,2,0,1,0,0,0,0,1,2,5,3,3,0,2,1
19395,5,7,515,2018,8,5,7,0,1,1,0,0,0,0,2,5,3,3,1,3,0
19396,4,7,416,2018,9,5,22,0,1,1,0,0,0,0,2,3,2,3,0,3,0
19397,1,6,116,2018,9,3,17,0,0,1,0,1,0,0,2,5,3,3,0,3,0
19398,1,14,132,2018,8,1,14,0,1,0,1,0,0,0,2,6,7,3,0,3,0
19399,7,13,714,2018,8,5,13,0,0,1,1,0,0,0,2,6,4,3,0,3,0
19400,1,5,114,2018,9,4,4,0,0,0,0,1,0,0,1,8,1,3,0,3,0
19401,4,11,430,2018,9,1,4,0,0,0,1,0,0,1,2,0,6,3,0,3,0
19402,5,18,526,2018,8,1,12,0,0,1,1,0,0,0,2,6,4,3,0,2,1
19403,5,4,512,2018,9,6,15,0,0,1,0,0,0,0,1,2,6,3,0,3,0
19404,5,10,518,2018,8,1,21,0,0,0,1,1,0,0,2,8,1,3,0,2,1
19405,1,12,130,2018,9,2,14,0,0,1,0,0,0,0,1,4,2,3,0,3,0
19406,4,11,430,2018,9,6,15,0,0,1,0,0,0,0,1,2,6,3,1,3,0
19407,2,9,221,2018,8,1,18,0,1,0,1,0,0,0,2,6,6,3,0,3,0
19408,7,16,717,2018,9,4,17,0,0,0,1,0,0,1,2,0,4,3,0,2,1
19409,2,11,223,2018,8,1,12,0,1,1,0,0,0,0,2,1,5,3,0,3,0
19410,3,1,302,2018,8,1,16,0,0,1,0,0,0,1,2,0,6,3,0,3,0
19411,1,16,137,2018,9,6,10,0,0,1,0,0,1,0,2,3,6,3,0,3,0
19412,2,4,212,2018,8,1,13,0,1,1,0,0,0,0,2,3,2,3,0,3,0
19413,1,20,141,2018,9,2,14,0,0,1,0,1,0,0,2,2,6,3,0,3,0
19414,5,6,514,2018,9,6,22,0,0,1,1,0,0,0,2,6,7,3,0,3,0
19415,6,5,606,2018,8,7,3,0,1,1,0,0,0,0,2,3,6,3,0,3,0
19416,3,3,314,2018,9,5,15,0,0,1,1,0,0,0,2,6,4,3,0,3,0
19417,1,11,129,2018,8,7,4,0,0,1,0,0,0,0,1,4,6,3,1,2,1
19418,5,18,526,2018,9,1,16,0,0,0,0,1,0,0,1,0,7,3,0,3,0
19419,3,2,312,2018,9,5,12,0,0,1,0,0,0,0,1,3,7,3,0,3,0
19420,5,5,513,2018,9,3,21,0,0,1,0,0,0,0,1,4,6,3,0,3,0
19421,5,18,526,2018,8,7,17,0,0,1,0,0,0,0,1,2,6,3,0,3,0
19422,6,9,610,2018,9,3,22,0,0,1,0,0,0,0,1,9,7,3,0,3,0
19423,6,4,605,2018,9,7,11,0,0,1,0,1,0,0,2,5,3,3,0,3,0
19424,5,4,512,2018,8,7,7,0,0,1,0,0,0,0,1,5,3,3,0,3,0
19425,5,7,515,2018,9,6,11,0,1,1,0,0,0,0,2,5,3,3,0,3,0
19426,5,18,526,2018,8,7,12,0,0,1,0,0,0,0,1,2,3,3,1,3,0
19427,5,5,513,2018,9,2,6,0,0,1,0,0,0,0,1,4,6,3,0,3,0
19428,4,7,417,2018,9,6,15,0,0,1,0,1,0,0,2,3,7,3,1,3,0
19429,5,2,506,2018,8,7,19,0,0,1,0,0,0,0,1,5,3,3,0,3,0
19430,2,1,206,2018,8,5,15,0,0,1,0,0,0,0,1,4,2,3,0,3,0
19431,1,14,133,2018,8,5,8,0,0,1,0,0,0,1,2,2,6,3,1,3,0
19432,5,18,526,2018,9,4,19,0,1,0,0,0,0,1,2,5,3,3,1,2,1
19433,5,3,510,2018,8,7,22,0,0,1,0,0,0,0,1,5,3,3,0,3,0
19434,5,18,526,2018,9,7,3,0,0,1,0,0,1,0,2,0,5,3,0,2,1
19435,4,12,431,2018,9,4,8,0,1,1,0,0,0,0,2,5,3,3,0,3,0
19436,1,1,101,2018,9,3,21,0,1,1,0,0,0,0,2,3,2,3,0,3,0
19437,4,11,430,2018,8,7,13,0,0,1,0,0,0,0,1,5,3,3,1,3,0
19438,1,4,112,2018,9,1,16,0,0,1,0,1,0,0,2,2,6,3,0,3,0
19439,5,6,514,2018,9,4,18,0,1,0,0,0,0,0,1,4,6,3,0,3,0
19440,4,10,426,2018,9,3,16,0,1,1,0,0,0,0,2,4,2,3,0,3,0
19441,5,7,515,2018,8,7,12,0,0,1,1,0,0,0,2,6,2,3,1,3,0
19442,5,18,526,2018,9,3,17,0,0,1,0,0,0,0,1,1,6,3,0,3,0
19443,5,18,526,2018,9,7,11,0,0,1,1,0,0,0,2,6,4,3,0,3,0
19444,5,17,525,2018,8,7,13,0,0,1,0,0,0,1,2,1,7,3,1,3,0
19445,7,11,712,2018,9,5,6,0,1,1,0,0,0,0,2,3,2,3,0,3,0
19446,4,6,415,2018,8,7,13,0,0,1,1,0,0,0,2,8,1,3,1,3,0
19447,5,1,504,2018,9,2,10,0,0,1,1,0,0,0,2,6,4,3,0,3,0
19448,2,1,203,2018,9,6,12,0,0,1,0,0,0,0,1,5,3,3,0,3,0
19449,2,9,221,2018,8,7,22,0,0,1,0,0,0,0,1,8,1,3,1,1,1
19450,7,14,715,2018,8,4,17,0,1,1,0,0,0,0,2,1,5,3,0,3,0
19451,1,11,129,2018,9,5,9,0,0,1,0,0,0,0,1,1,6,3,0,3,0
19452,4,4,407,2018,9,4,11,0,1,1,0,0,0,0,2,5,3,3,1,3,0
19453,2,9,221,2018,8,7,8,0,1,1,0,0,0,0,2,5,2,3,0,3,0
19454,4,10,426,2018,9,7,17,0,0,1,0,1,0,0,2,2,6,3,0,3,0
19455,1,12,130,2018,8,6,15,0,0,0,1,0,1,0,2,6,2,3,0,2,1
19456,4,5,411,2018,8,5,10,0,0,0,1,0,0,1,2,6,4,3,1,3,0
19457,4,8,422,2018,9,4,7,0,0,1,1,0,0,0,2,6,4,3,0,2,1
19458,4,9,424,2018,9,2,18,0,1,1,0,0,0,0,2,5,2,3,0,3,0
19459,4,2,405,2018,8,7,12,0,0,1,0,0,0,0,1,4,6,3,1,3,0
19460,3,5,317,2018,8,7,12,0,1,1,0,0,0,0,2,1,7,3,1,3,0
19461,2,8,220,2018,9,3,18,0,1,0,0,0,0,0,1,3,6,3,0,3,0
19462,3,6,318,2018,9,7,18,0,0,1,0,0,0,0,1,2,6,3,0,3,0
19463,3,1,310,2018,8,7,13,0,0,1,0,0,0,0,1,4,2,3,1,3,0
19464,7,4,705,2018,8,4,11,0,0,0,0,1,0,1,2,2,7,3,0,3,0
19465,4,13,432,2018,9,5,17,0,1,0,0,0,0,1,2,5,3,3,0,2,1
19466,2,1,201,2018,8,7,17,0,0,1,0,0,0,0,1,2,6,3,1,3,0
19467,1,1,101,2018,9,2,10,0,0,1,0,0,0,0,1,5,3,3,0,3,0
19468,4,5,409,2018,9,3,15,0,1,1,0,0,0,0,2,1,7,3,0,3,0
19469,5,7,515,2018,9,7,17,0,0,0,0,1,0,1,2,5,3,3,0,3,0
19470,1,3,108,2018,8,7,17,0,0,1,1,0,0,0,2,6,7,3,0,3,0
19471,1,11,129,2018,9,5,9,0,0,1,0,0,0,0,1,4,2,3,0,3,0
19472,1,17,138,2018,8,7,13,0,0,0,0,1,0,0,1,0,7,3,1,3,0
19473,3,6,318,2018,9,2,14,0,0,1,1,0,0,0,2,6,7,3,0,3,0
19474,1,16,135,2018,9,5,17,0,1,0,0,0,0,1,2,0,3,3,0,3,0
19475,1,11,129,2018,8,4,8,0,0,1,1,0,0,0,2,6,7,3,0,3,0
19476,5,18,526,2018,9,5,9,0,0,1,0,0,1,0,2,5,3,3,0,3,0
19477,3,5,317,2018,9,4,12,0,0,0,0,1,0,1,2,2,2,3,0,3,0
19478,7,12,713,2018,8,6,19,0,0,0,0,1,0,0,1,2,6,3,0,2,1
19479,3,1,301,2018,9,7,10,0,1,0,0,0,0,0,1,3,6,3,0,3,0
19480,4,13,432,2018,8,6,7,0,1,1,0,0,0,0,2,3,2,3,0,3,0
19481,2,5,215,2018,9,4,17,0,0,1,0,1,0,0,2,3,7,3,0,3,0
19482,5,1,503,2018,9,2,9,0,1,1,0,0,0,0,2,3,2,3,0,3,0
19483,7,1,701,2018,8,6,6,0,0,1,0,0,0,1,2,5,3,3,0,3,0
19484,1,16,137,2018,8,6,11,0,0,1,1,0,0,0,2,6,4,3,0,3,0
19485,1,3,108,2018,9,3,10,0,1,1,0,0,0,0,2,5,2,3,0,3,0
19486,1,16,137,2018,9,6,14,0,0,1,0,0,0,0,1,5,3,3,0,3,0
19487,1,13,131,2018,8,6,8,0,0,0,0,0,1,1,2,5,2,3,0,3,0
19488,1,13,131,2018,8,4,15,0,0,1,0,0,0,0,1,3,6,3,0,3,0
19489,3,5,317,2018,9,5,19,0,0,1,0,0,0,0,1,3,6,3,0,3,0
19490,1,11,129,2018,8,6,12,0,0,1,0,0,0,0,1,2,6,3,0,3,0
19491,6,7,608,2018,9,1,17,0,0,0,0,1,0,0,1,0,7,3,0,3,0
19492,1,11,128,2018,8,4,9,0,1,0,1,0,0,0,2,6,3,3,0,2,1
19493,3,5,317,2018,9,5,16,0,0,1,0,0,0,0,1,8,1,3,0,3,0
19494,5,5,513,2018,9,3,12,0,0,1,0,0,0,1,2,3,2,3,0,3,0
19495,1,6,117,2018,8,6,14,0,0,1,0,1,0,0,2,0,3,3,0,3,0
19496,7,7,708,2018,8,5,14,0,0,0,0,1,0,0,1,0,1,3,1,3,0
19497,4,5,409,2018,9,5,16,0,0,1,1,0,0,0,2,6,4,3,0,3,0
19498,1,15,134,2018,9,3,13,0,0,1,0,0,1,0,2,5,3,3,0,3,0
19499,1,6,115,2018,8,6,23,0,0,0,0,1,0,0,1,9,7,3,0,3,0
19500,2,1,206,2018,8,6,13,0,1,1,0,0,0,0,2,5,3,3,0,3,0
19501,2,4,214,2018,9,4,17,0,1,1,0,0,0,0,2,3,6,3,0,3,0
19502,6,1,601,2018,9,1,17,0,0,1,0,0,0,0,1,0,7,3,0,3,0
19503,5,18,526,2018,8,6,20,0,1,1,0,0,0,0,2,5,3,3,0,3,0
19504,5,6,514,2018,8,6,17,0,0,1,0,0,0,1,2,2,6,3,0,3,0
19505,1,11,129,2018,9,6,14,0,0,0,0,1,1,0,2,0,6,3,0,3,0
19506,5,7,515,2018,8,6,18,0,0,1,1,0,0,0,2,6,7,3,1,3,0
19507,6,1,601,2018,9,2,18,0,0,1,0,0,0,0,1,5,3,3,0,2,1
19508,5,6,514,2018,9,6,15,0,0,1,1,0,0,0,2,6,2,3,1,3,0
19509,5,12,520,2018,8,6,17,0,0,1,0,0,0,0,1,2,2,3,0,3,0
19510,1,13,131,2018,8,4,6,0,1,0,0,0,0,0,1,0,7,3,0,3,0
19511,1,4,112,2018,9,5,6,0,0,1,0,1,0,0,2,5,3,3,0,3,0
19512,4,5,409,2018,8,6,1,0,0,1,0,0,0,0,1,2,6,3,0,3,0
19513,4,13,432,2018,9,1,14,0,1,1,0,0,0,0,2,3,6,3,0,3,0
19514,6,1,601,2018,9,4,16,0,0,1,0,0,0,0,1,5,3,3,0,3,0
19515,5,12,520,2018,9,3,16,0,0,1,0,0,0,0,1,1,6,3,0,3,0
19516,4,8,423,2018,8,6,15,0,1,1,0,0,0,0,2,5,2,3,1,3,0
19517,1,11,129,2018,9,3,18,0,1,1,0,0,0,0,2,0,3,3,0,3,0
19518,5,4,512,2018,9,7,8,0,1,1,0,0,0,0,2,5,3,3,0,3,0
19519,5,1,501,2018,8,6,11,0,0,1,0,0,0,0,1,5,3,3,0,2,1
19520,4,12,431,2018,9,6,18,0,1,1,0,0,0,0,2,5,3,3,0,3,0
19521,4,7,417,2018,8,6,15,0,0,1,0,0,0,0,1,2,6,3,0,3,0
19522,4,11,430,2018,9,2,18,0,1,1,0,0,0,0,2,0,7,3,0,3,0
19523,2,9,221,2018,9,6,18,0,1,0,0,0,0,1,2,3,2,3,1,3,0
19524,2,8,220,2018,8,6,17,0,0,1,0,1,0,0,2,1,1,3,0,3,0
19525,7,14,715,2018,9,3,16,0,1,1,0,0,0,0,2,3,6,3,0,3,0
19526,2,8,220,2018,9,1,17,0,0,1,0,0,0,0,1,3,7,3,0,3,0
19527,2,5,215,2018,8,6,23,0,0,1,0,0,0,0,1,8,7,3,0,3,0
19528,5,6,514,2018,9,6,7,0,0,1,0,0,0,0,1,2,6,3,0,3,0
19529,2,5,217,2018,8,6,12,0,0,0,0,0,1,1,2,5,3,3,0,3,0
19530,1,14,132,2018,9,2,17,0,0,1,1,0,0,0,2,6,4,3,0,3,0
19531,5,10,518,2018,9,6,8,0,0,1,0,1,0,0,2,5,2,3,0,3,0
19532,3,8,320,2018,8,6,3,0,0,1,0,0,0,1,2,5,3,3,0,2,1
19533,5,18,526,2018,8,4,14,0,1,1,0,0,0,0,2,5,3,3,0,3,0
19534,7,1,702,2018,9,4,15,0,0,1,1,0,0,0,2,6,4,3,1,2,1
19535,2,5,216,2018,8,6,18,0,1,0,0,0,0,0,1,5,3,3,0,3,0
19536,1,5,113,2018,9,1,20,0,1,1,0,0,0,0,2,2,6,3,0,3,0
19537,5,4,512,2018,9,4,11,0,0,1,0,0,0,0,1,2,6,3,0,3,0
19538,3,6,318,2018,9,3,17,0,0,1,0,1,0,0,2,5,3,3,0,3,0
19539,3,7,319,2018,8,6,14,0,0,1,0,0,1,0,2,5,3,3,0,3,0
19540,5,2,505,2018,9,3,12,0,1,0,0,0,0,0,1,4,6,3,0,3,0
19541,4,9,425,2018,9,7,18,0,1,1,0,0,0,0,2,5,3,3,0,2,1
19542,2,1,203,2018,8,6,15,0,1,0,1,0,0,0,2,6,6,3,0,3,0
19543,7,7,708,2018,9,5,13,0,0,1,0,0,0,0,1,4,2,3,0,2,1
19544,3,3,314,2018,8,6,14,0,1,0,0,0,0,0,1,3,2,3,0,3,0
19545,4,6,414,2018,9,2,10,0,0,1,1,0,0,0,2,6,2,3,0,3,0
19546,1,3,106,2018,9,6,18,0,1,1,0,0,0,0,2,3,6,3,0,3,0
19547,5,18,526,2018,8,4,18,0,1,0,0,0,0,0,1,0,7,3,0,2,1
19548,5,18,526,2018,9,5,23,0,0,0,0,1,0,0,1,2,6,3,0,2,1
19549,2,10,222,2018,9,4,14,0,0,1,0,0,0,0,1,2,6,3,1,3,0
19550,1,5,114,2018,8,6,17,0,0,1,1,0,0,0,2,6,4,3,0,3,0
19551,2,9,221,2018,9,7,21,0,0,1,0,0,0,0,1,5,3,3,0,3,0
19552,5,2,507,2018,8,6,16,0,0,1,0,0,0,0,1,5,2,3,0,3,0
19553,4,7,417,2018,9,4,15,0,1,1,0,0,0,0,2,5,3,3,0,3,0
19554,5,5,513,2018,8,4,12,0,0,1,0,0,0,0,1,2,6,3,0,3,0
19555,5,2,508,2018,9,4,17,0,0,1,0,0,0,1,2,3,2,3,0,3,0
19556,7,14,715,2018,8,5,15,0,1,1,0,0,0,0,2,5,3,3,0,2,1
19557,5,3,510,2018,9,7,6,0,0,1,0,0,0,1,2,1,7,3,0,2,1
19558,7,10,711,2018,8,6,17,0,0,1,0,0,0,0,1,0,7,3,0,3,0
19559,4,5,413,2018,9,4,18,0,0,1,0,0,0,0,1,2,6,3,0,3,0
19560,1,12,130,2018,9,2,7,0,0,1,0,0,0,1,2,5,3,3,0,3,0
19561,6,2,603,2018,8,5,16,0,0,1,0,0,0,0,1,2,6,3,0,3,0
19562,5,1,502,2018,9,3,18,0,0,1,0,1,0,0,2,5,7,3,0,3,0
19563,4,13,432,2018,9,7,13,0,1,1,0,0,0,0,2,5,3,3,0,3,0
19564,1,11,129,2018,8,5,15,0,0,1,0,1,0,0,2,2,6,3,0,3,0
19565,5,18,526,2018,8,4,19,0,0,1,0,0,0,0,1,5,3,3,0,3,0
19566,5,2,505,2018,9,5,19,0,0,1,0,0,0,1,2,2,6,3,0,3,0
19567,1,12,130,2018,8,5,12,0,0,1,0,0,0,0,1,2,6,3,0,2,1
19568,3,1,301,2018,9,2,11,0,1,1,0,0,0,0,2,5,5,3,0,3,0
19569,1,13,131,2018,9,5,10,0,1,1,0,0,0,0,2,5,3,3,0,3,0
19570,4,9,425,2018,8,4,10,0,1,1,0,0,0,0,2,2,2,3,0,3,0
19571,4,13,432,2018,9,5,12,0,1,1,0,0,0,0,2,5,2,3,0,3,0
19572,1,12,130,2018,8,5,2,0,0,1,0,0,0,0,1,8,1,3,0,3,0
19573,3,1,308,2018,9,4,17,0,0,1,0,0,0,0,1,3,7,3,0,3,0
19574,1,11,129,2018,8,5,13,0,0,1,1,0,0,0,2,0,4,3,0,3,0
19575,3,2,311,2018,9,7,11,0,0,1,0,0,0,1,2,1,5,3,0,3,0
19576,5,1,504,2018,8,6,7,0,1,1,0,0,0,0,2,0,5,3,0,3,0
19577,3,1,302,2018,9,4,20,0,0,1,0,1,0,0,2,0,7,3,0,3,0
19578,2,7,219,2018,9,2,14,0,0,1,0,0,0,1,2,1,6,3,0,3,0
19579,1,13,131,2018,8,5,8,0,0,1,0,1,0,0,2,3,6,3,0,2,1
19580,7,4,705,2018,9,6,16,0,1,1,0,0,0,0,2,1,5,3,0,3,0
19581,5,6,514,2018,8,5,9,0,1,1,0,0,0,0,2,5,3,3,0,3,0
19582,7,1,702,2018,9,3,17,0,1,0,0,0,0,1,2,2,6,3,0,3,0
19583,1,8,124,2018,9,6,18,0,1,1,0,0,0,0,2,4,2,3,0,3,0
19584,5,18,526,2018,8,5,14,0,1,1,0,0,0,0,2,2,7,3,0,3,0
19585,4,12,431,2018,8,4,9,0,1,1,0,0,0,0,2,5,2,3,0,3,0
19586,5,2,509,2018,9,2,7,0,1,1,0,0,0,0,2,5,3,3,0,2,1
19587,5,2,507,2018,8,5,7,0,1,1,0,0,0,0,2,5,3,3,0,3,0
19588,5,2,505,2018,8,5,8,0,1,1,0,0,0,0,2,5,3,3,0,3,0
19589,3,8,320,2018,9,3,8,0,1,1,0,0,0,0,2,5,3,3,0,3,0
19590,1,5,114,2018,9,7,13,0,1,0,0,0,0,1,2,4,2,3,0,3,0
19591,4,12,431,2018,8,5,8,0,1,1,0,0,0,0,2,3,2,3,0,3,0
19592,5,1,504,2018,8,4,16,0,1,0,0,0,0,1,2,3,2,3,0,3,0
19593,2,5,217,2018,9,5,16,0,0,1,0,1,0,0,2,2,6,3,0,3,0
19594,4,5,408,2018,8,5,16,0,0,1,0,0,0,0,1,2,6,3,0,3,0
19595,1,5,114,2018,9,2,16,0,1,0,0,0,0,1,2,4,6,3,0,3,0
19596,4,8,422,2018,8,4,14,0,0,1,0,0,0,0,1,2,6,3,0,3,0
19597,4,5,409,2018,9,5,8,0,0,1,0,0,0,0,1,1,6,3,0,3,0
19598,6,2,602,2018,9,3,20,0,1,0,0,0,0,0,1,4,6,3,0,3,0
19599,4,8,419,2018,8,5,14,0,1,1,0,0,0,0,2,1,5,3,0,3,0
19600,1,5,114,2018,8,6,18,0,0,1,0,0,0,0,1,2,6,3,0,3,0
19601,2,1,206,2018,9,4,9,0,1,1,0,0,0,0,2,4,2,3,0,3,0
19602,7,4,705,2018,8,5,8,0,0,1,0,1,0,0,2,0,3,3,1,3,0
19603,5,7,515,2018,9,1,17,0,0,1,0,0,0,0,1,1,6,3,0,3,0
19604,5,1,501,2018,8,5,8,0,0,1,0,1,0,0,2,3,2,3,0,3,0
19605,1,12,130,2018,9,6,13,0,1,0,0,0,0,0,1,4,6,3,0,3,0
19606,3,9,321,2018,8,5,21,0,1,1,0,0,0,0,2,5,3,3,0,3,0
19607,6,9,610,2018,9,2,17,0,0,1,0,0,0,0,1,2,6,3,0,3,0
19608,5,4,512,2018,9,6,14,0,0,1,0,0,0,1,2,0,3,3,0,3,0
19609,3,8,320,2018,8,5,14,0,1,1,0,0,0,0,2,1,5,3,0,3,0
19610,4,8,421,2018,8,4,10,0,1,0,0,0,0,0,1,2,6,3,0,3,0
19611,1,1,101,2018,9,5,12,0,0,1,0,0,0,0,1,2,6,3,0,3,0
19612,2,11,224,2018,8,5,17,0,1,0,1,0,0,0,2,0,6,3,0,2,1
19613,1,1,102,2018,9,1,13,0,0,1,0,0,0,0,1,3,6,3,0,3,0
19614,3,9,321,2018,8,4,16,0,1,1,0,0,0,0,2,5,2,3,0,3,0
19615,1,12,130,2018,9,4,10,0,0,1,0,0,0,0,1,1,6,3,0,3,0
19616,4,5,410,2018,9,3,8,0,1,1,0,0,0,0,2,5,3,3,1,3,0
19617,2,6,218,2018,8,5,18,0,0,1,0,0,0,0,1,2,6,3,0,3,0
19618,2,1,203,2018,9,5,13,0,0,1,0,1,0,0,2,5,3,3,0,3,0
19619,2,5,215,2018,8,5,12,0,0,1,0,0,0,0,1,1,6,3,0,3,0
19620,1,11,128,2018,9,1,10,0,1,1,0,0,0,0,2,1,7,3,0,3,0
19621,2,7,219,2018,8,4,10,0,0,1,0,0,0,0,1,2,6,3,0,3,0
19622,2,3,209,2018,9,5,7,0,1,0,0,0,0,1,2,3,2,3,0,3,0
19623,5,6,514,2018,9,3,11,0,0,1,0,0,0,0,1,4,6,3,0,3,0
19624,3,6,318,2018,8,5,3,0,1,1,0,0,0,0,2,1,5,3,0,3,0
19625,1,16,136,2018,9,3,15,0,0,1,0,0,0,0,1,2,6,3,0,3,0
19626,2,4,212,2018,9,1,15,0,0,1,0,1,0,0,2,2,6,3,0,2,1
19627,3,1,310,2018,8,5,16,0,1,0,0,0,0,0,1,0,7,3,0,3,0
19628,5,2,507,2018,9,6,23,0,0,1,1,0,0,0,2,6,4,3,0,2,1
19629,3,3,314,2018,8,5,1,0,1,0,0,0,0,0,1,0,7,3,0,3,0
19630,5,6,514,2018,9,2,8,0,1,1,0,0,0,0,2,3,2,3,0,3,0
19631,4,10,426,2018,9,6,9,0,0,1,0,1,0,0,2,5,3,3,0,2,1
19632,3,2,312,2018,8,5,19,0,1,1,0,0,0,0,2,1,6,3,0,3,0
19633,4,2,404,2018,8,4,19,0,1,1,0,0,0,0,2,1,6,3,0,3,0
19634,1,8,123,2018,9,4,11,0,0,0,0,1,0,0,1,0,1,3,1,3,0
19635,7,17,718,2018,8,4,14,0,0,1,0,0,0,0,1,2,6,3,0,3,0
19636,5,6,514,2018,9,7,15,0,0,1,0,0,0,0,1,3,6,3,0,3,0
19637,4,9,424,2018,9,4,16,0,1,1,0,0,0,0,2,3,2,3,0,3,0
19638,3,1,307,2018,9,3,11,0,0,1,0,0,0,1,2,3,6,3,0,3,0
19639,6,14,615,2018,8,4,19,0,1,1,0,0,0,0,2,2,3,3,0,3,0
19640,5,10,518,2018,9,3,17,0,1,1,0,0,0,0,2,5,3,3,0,3,0
19641,5,2,508,2018,9,7,6,0,0,1,0,0,0,0,1,1,5,3,0,3,0
19642,6,2,602,2018,8,4,8,0,0,1,0,0,0,0,1,5,3,3,0,3,0
19643,5,18,526,2018,9,3,7,0,0,1,1,0,0,0,2,6,4,3,0,3,0
19644,5,6,514,2018,9,7,17,0,0,1,0,0,0,0,1,5,2,3,0,2,1
19645,1,11,128,2018,8,4,15,0,1,1,0,0,0,0,2,5,3,3,0,3,0
19646,3,8,320,2018,9,6,22,0,0,1,0,0,0,0,1,5,3,3,0,3,0
19647,1,8,123,2018,8,4,14,0,1,1,0,0,0,0,2,5,3,3,0,3,0
19648,4,6,414,2018,9,2,13,0,1,0,1,0,0,0,2,0,4,3,0,3,0
19649,2,1,206,2018,9,6,14,0,1,1,0,0,0,0,2,3,2,3,1,3,0
19650,5,4,512,2018,8,4,10,0,0,1,0,0,1,0,2,2,6,3,0,3,0
19651,3,2,311,2018,8,4,18,0,1,0,1,0,0,0,2,6,3,3,0,3,0
19652,4,9,425,2018,9,4,15,0,0,1,0,1,0,0,2,5,3,3,1,3,0
19653,5,18,526,2018,8,4,19,0,1,1,0,0,0,0,2,2,6,3,0,3,0
19654,4,8,420,2018,9,7,4,0,0,1,0,1,0,0,2,4,2,3,0,2,1
19655,1,15,134,2018,8,6,20,0,0,0,0,0,1,1,2,0,6,3,0,3,0
19656,4,8,418,2018,8,5,9,0,1,0,0,0,0,1,2,5,3,3,1,3,0
19657,5,1,504,2018,9,4,16,0,0,1,0,1,0,0,2,5,7,3,0,3,0
19658,5,18,526,2018,9,2,9,0,0,1,0,0,0,0,1,2,6,3,0,3,0
19659,5,2,505,2018,8,4,22,0,0,1,1,0,0,0,2,6,4,3,0,1,1
19660,5,3,510,2018,8,4,16,0,0,1,0,0,0,0,1,2,6,3,0,3,0
19661,2,9,221,2018,9,3,15,0,0,1,0,0,0,1,2,3,2,3,0,3,0
19662,2,11,223,2018,9,7,14,0,1,0,0,0,0,1,2,3,6,3,0,3,0
19663,4,11,430,2018,8,4,7,0,1,1,1,0,0,0,3,6,4,3,0,3,0
19664,2,3,208,2018,8,4,9,0,1,0,0,0,0,1,2,3,2,3,0,3,0
19665,5,10,518,2018,9,5,8,0,1,1,0,0,0,0,2,5,2,3,0,3,0
19666,5,7,515,2018,8,4,14,0,1,1,0,0,0,0,2,5,3,3,0,3,0
19667,1,4,109,2018,9,2,17,0,1,0,0,0,0,0,1,3,6,3,0,3,0
19668,1,5,113,2018,8,4,17,0,0,1,0,1,0,0,2,3,6,3,0,3,0
19669,4,5,413,2018,9,5,9,0,1,0,0,0,0,0,1,4,6,3,0,3,0
19670,7,14,715,2018,9,3,14,0,0,1,0,0,0,1,2,0,6,3,0,3,0
19671,4,4,407,2018,8,4,15,0,0,1,0,0,0,0,1,5,7,3,0,3,0
19672,6,1,601,2018,9,5,16,0,0,1,0,1,0,0,2,2,6,3,0,3,0
19673,4,5,408,2018,8,4,17,0,1,1,0,0,0,0,2,5,3,3,0,3,0
19674,3,7,319,2018,9,2,18,0,0,1,1,0,0,0,2,6,4,3,0,2,1
19675,7,4,705,2018,9,5,6,0,1,1,0,0,0,0,2,5,3,3,0,3,0
19676,5,18,526,2018,9,5,16,0,0,1,0,0,0,0,1,1,6,3,0,3,0
19677,4,3,406,2018,9,4,7,0,0,1,0,0,0,0,1,2,2,3,1,3,0
19678,4,5,408,2018,8,4,17,0,0,1,1,0,0,0,2,6,2,3,0,3,0
19679,2,14,227,2018,9,7,12,0,0,1,0,0,0,0,1,2,6,3,0,3,0
19680,5,10,518,2018,8,6,5,0,0,1,0,0,0,0,1,4,2,3,0,3,0
19681,2,11,224,2018,9,4,15,0,0,1,0,0,0,0,1,5,3,3,0,3,0
19682,4,8,423,2018,9,2,18,0,1,1,0,0,0,0,2,5,3,3,0,3,0
19683,3,8,320,2018,8,4,8,0,0,1,0,0,1,1,3,1,5,3,0,3,0
19684,2,7,219,2018,8,4,12,0,0,1,0,0,0,0,1,4,6,3,0,3,0
19685,1,2,103,2018,9,3,13,0,0,1,0,1,0,0,2,4,7,3,0,3,0
19686,7,1,701,2018,9,6,17,0,0,0,0,1,0,0,1,0,7,3,0,3,0
19687,3,1,302,2018,8,4,15,0,0,1,0,1,0,0,2,1,6,3,0,3,0
19688,3,5,317,2018,9,5,16,0,0,1,0,1,0,0,2,5,3,3,0,3,0
19689,4,2,405,2018,8,4,5,0,0,1,1,0,0,0,2,6,4,3,0,3,0
19690,1,5,114,2018,9,2,18,0,0,1,1,0,0,0,2,6,4,3,0,3,0