SN,District,Imperial_Circle,Community,Year,Month,Weekday,Hour,Road,Cycle,Car,Pedestrians,Motorcycle,Goods Vehicle,Others,Total,Collision Type,Accident Type,Light Condition,Road Condition,Accident_Severity,Severity
19993,7,9,710,2018,9,1,10,0,0,1,0,0,0,0,1,5,3,3,0,3,0
19994,1,16,137,2018,9,1,13,0,0,1,0,0,0,0,1,2,6,3,0,3,0
19995,1,5,114,2018,9,3,16,0,0,1,0,0,0,0,1,2,6,3,0,3,0
19996,1,13,131,2018,9,1,16,0,0,1,0,0,0,0,1,5,3,3,0,3,0
19997,1,8,126,2018,9,1,15,0,0,1,0,0,0,0,1,5,3,3,0,3,0
19998,2,8,220,2018,9,6,19,0,1,1,0,0,0,0,2,5,3,3,0,3,0
19999,5,8,516,2018,9,1,0,0,0,1,0,0,0,0,1,4,6,3,0,3,0
20000,5,1,504,2018,9,4,8,0,1,0,0,0,0,1,2,5,2,3,0,2,1
20001,5,17,525,2018,9,1,10,0,1,1,0,0,0,0,2,5,2,3,0,3,0
20002,3,7,319,2018,9,1,2,0,1,0,0,0,0,0,1,0,1,3,0,2,1
20003,1,11,128,2018,9,7,8,0,0,1,0,1,0,0,2,5,2,3,0,3,0
20004,5,3,510,2018,9,2,20,0,1,0,1,0,0,0,2,5,4,3,0,3,0
20005,1,1,101,2018,9,1,6,0,0,1,0,0,0,0,1,2,6,3,0,3,0
20006,5,5,513,2018,9,5,9,0,0,1,0,0,0,0,1,5,3,3,0,3,0
20007,1,18,139,2018,9,1,5,0,0,1,0,0,0,0,1,2,6,3,0,3,0
20008,1,16,137,2018,9,7,18,0,1,0,0,0,0,0,1,0,7,3,0,2,1
20009,1,16,136,2018,9,7,18,0,0,1,0,0,0,0,1,9,1,3,1,3,0
20010,1,4,112,2018,9,6,9,0,1,1,0,0,0,0,2,1,5,3,0,2,1
20011,6,1,601,2018,9,7,12,0,0,1,0,0,0,0,1,0,7,3,0,2,1
20012,1,5,113,2018,9,4,15,0,0,1,0,0,0,0,1,1,6,3,0,3,0
20013,1,13,131,2018,9,7,14,0,0,1,0,0,0,0,1,2,6,3,1,3,0
20014,5,8,516,2018,9,7,16,0,0,1,0,0,0,0,1,2,2,3,0,3,0
20015,5,2,509,2018,9,7,11,0,1,1,0,0,0,0,2,5,3,3,0,3,0
20016,3,8,320,2018,9,7,15,0,0,1,0,1,0,0,2,3,6,3,0,3,0
20017,3,1,303,2018,9,7,23,0,0,1,0,0,0,0,1,8,5,3,0,3,0
20018,4,12,431,2018,9,5,15,0,0,1,1,0,0,0,2,6,4,3,0,3,0
20019,2,3,208,2018,9,7,13,0,1,1,0,0,0,0,2,4,2,3,0,3,0
20020,2,6,218,2018,9,2,16,0,1,1,0,0,0,0,2,5,3,3,0,3,0
20021,7,16,717,2018,9,6,7,0,0,1,0,1,0,0,2,2,6,3,0,2,1
20022,4,8,421,2018,9,3,15,0,1,1,0,0,0,0,2,5,3,3,0,3,0
20023,3,4,316,2018,10,5,15,0,0,0,0,1,0,0,1,0,1,3,1,3,0
20024,5,6,514,2018,10,3,17,0,0,1,0,0,0,0,1,2,6,3,0,3,0
20025,1,6,118,2018,10,6,4,0,0,1,0,1,0,0,2,3,7,3,0,3,0
20026,5,7,515,2018,10,3,16,0,0,1,0,1,0,0,2,1,7,3,0,3,0
20027,1,4,109,2018,10,2,19,0,1,1,0,0,0,0,2,4,2,3,0,3,0
20028,3,2,312,2018,10,2,13,0,1,0,0,0,0,0,1,4,6,3,0,3,0
20029,5,5,513,2018,10,6,18,0,0,1,0,0,0,0,1,8,7,3,0,2,1
20030,6,2,602,2018,10,6,19,0,0,1,0,0,0,0,1,1,5,3,0,2,1
20031,5,6,514,2018,10,6,22,0,1,1,0,0,0,0,2,5,3,3,0,3,0
20032,5,2,507,2018,10,4,19,0,0,1,0,1,0,0,2,3,6,3,0,3,0
20033,3,1,307,2018,10,3,19,0,1,1,0,0,0,0,2,5,2,3,0,3,0
20034,5,7,515,2018,10,6,12,0,1,0,0,0,0,0,1,4,6,3,1,3,0
20035,3,2,311,2018,10,3,16,0,1,1,0,0,0,0,2,0,7,3,0,3,0
20036,1,11,129,2018,10,7,9,0,1,1,0,0,0,0,2,5,3,3,0,3,0
20037,5,9,517,2018,10,1,12,0,0,1,0,0,0,0,1,2,6,3,0,3,0
20038,4,13,432,2018,10,6,12,0,0,1,0,0,0,0,1,2,2,3,0,3,0
20039,5,3,511,2018,10,1,16,0,0,1,0,0,0,0,1,3,6,3,0,2,1
20040,4,5,413,2018,10,6,13,0,1,1,0,0,0,0,2,5,3,3,0,3,0
20041,5,7,515,2018,10,5,17,0,1,1,0,0,0,0,2,5,3,3,0,3,0
20042,7,17,718,2018,9,7,22,0,0,0,0,1,0,0,1,0,1,3,0,3,0
20043,1,8,121,2018,10,6,18,0,0,1,0,1,0,0,2,2,6,3,0,3,0
20044,3,7,319,2018,10,6,16,0,0,1,0,1,0,0,2,0,6,3,0,3,0
20045,4,7,416,2018,10,4,14,0,0,1,0,1,0,0,2,2,6,3,0,3,0
20046,1,5,114,2018,10,3,6,0,0,1,0,1,0,0,2,2,6,3,0,2,1
20047,4,2,404,2018,10,6,11,0,1,1,0,0,0,0,2,0,3,3,0,3,0
20048,1,1,101,2018,10,3,16,0,1,0,1,0,0,1,3,6,4,3,0,3,0
20049,2,1,202,2018,10,7,11,0,0,1,1,0,0,0,2,6,3,3,0,3,0
20050,3,5,317,2018,10,1,8,0,0,1,0,0,0,0,1,8,1,3,0,3,0
20051,2,4,213,2018,10,6,13,0,1,0,0,0,0,0,1,8,7,3,0,3,0
20052,1,5,114,2018,10,4,18,0,1,1,0,0,0,0,2,4,2,3,0,2,1
20053,2,8,220,2018,10,6,12,0,0,1,0,0,0,0,1,4,6,3,0,3,0
20054,3,2,311,2018,10,6,19,0,0,1,0,0,0,0,1,0,7,3,0,3,0
20055,1,4,111,2018,10,4,14,0,0,1,0,1,0,0,2,2,6,3,0,3,0
20056,4,12,431,2018,10,2,7,0,1,1,0,0,0,0,2,5,3,3,1,3,0
20057,2,1,202,2018,10,4,6,0,1,1,0,0,0,0,2,5,7,3,0,3,0
20058,5,2,505,2018,10,6,13,0,0,1,0,0,0,0,1,1,6,3,0,3,0
20059,1,19,140,2018,10,6,17,0,0,1,0,0,1,0,2,3,2,3,0,3,0
20060,3,4,315,2018,10,4,16,0,0,1,0,0,0,1,2,3,6,3,0,2,1
20061,5,18,526,2018,10,2,8,0,0,1,0,0,0,0,1,4,2,3,0,3,0
20062,6,1,601,2018,10,2,7,0,0,1,1,0,0,0,2,6,4,3,0,3,0
20063,1,12,130,2018,10,6,11,0,0,1,1,0,0,0,2,6,4,3,0,3,0
20064,6,1,601,2018,10,7,11,0,0,1,0,0,0,0,1,2,6,3,0,3,0
20065,1,19,140,2018,10,6,15,0,0,1,0,0,1,0,2,3,6,3,0,3,0
20066,2,9,221,2018,10,5,7,0,0,1,1,0,0,0,2,6,7,3,0,3,0
20067,1,6,115,2018,10,3,13,0,0,1,0,0,1,0,2,3,6,3,0,3,0
20068,6,2,603,2018,10,5,11,0,0,1,0,1,0,0,2,1,7,3,0,3,0
20069,7,9,710,2018,10,5,11,0,0,1,1,0,0,0,2,6,7,3,0,3,0
20070,1,11,129,2018,10,3,14,0,1,0,0,0,0,0,1,3,2,3,1,3,0
20071,3,4,315,2018,10,2,13,0,0,0,1,0,0,1,2,0,4,3,0,3,0
20072,2,5,215,2018,10,2,6,0,0,1,0,0,0,1,2,2,6,3,0,3,0
20073,7,7,708,2018,10,5,13,0,0,1,0,0,0,0,1,5,3,3,1,3,0
20074,5,2,505,2018,10,2,15,0,0,1,0,0,0,0,1,5,3,3,0,3,0
20075,1,15,134,2018,10,5,18,0,1,1,0,0,0,0,2,4,2,3,1,3,0
20076,5,11,519,2018,10,7,19,0,0,1,0,0,0,0,1,2,6,3,0,3,0
20077,6,6,607,2018,10,5,16,0,0,1,0,0,0,0,1,5,3,3,0,3,0
20078,7,14,715,2018,10,4,21,0,0,1,0,0,0,0,1,3,2,3,0,3,0
20079,7,14,715,2018,9,7,21,0,0,1,0,0,0,0,1,2,2,3,0,3,0
20080,5,18,526,2018,10,3,14,0,1,0,0,0,0,0,1,4,6,3,0,3,0
20081,1,8,122,2018,10,5,11,0,0,1,0,0,0,0,1,2,7,3,1,3,0
20082,5,11,519,2018,10,3,16,0,1,0,0,0,0,0,1,0,7,3,1,3,0
20083,7,1,702,2018,10,1,13,0,0,1,0,0,0,0,1,2,6,3,0,3,0
20084,1,4,111,2018,10,2,16,0,1,1,0,0,0,0,2,3,6,3,0,3,0
20085,5,5,513,2018,10,5,19,0,0,1,0,0,0,1,2,2,6,3,1,3,0
20086,4,8,423,2018,10,5,15,0,0,1,0,0,0,0,1,5,3,3,0,3,0
20087,1,16,137,2018,9,7,7,0,0,1,0,0,0,0,1,5,3,3,0,2,1
20088,1,12,130,2018,10,6,16,0,0,1,0,0,0,0,1,2,6,3,0,3,0
20089,4,10,429,2018,10,5,20,0,0,1,0,0,0,0,1,2,6,3,1,3,0
20090,5,7,515,2018,10,4,23,0,0,1,0,0,0,0,1,9,1,3,0,2,1
20091,3,1,307,2018,10,3,12,0,0,0,0,1,0,0,1,0,7,3,0,3,0
20092,5,7,515,2018,10,5,11,0,1,1,0,0,0,0,2,3,2,3,1,2,1
20093,5,3,511,2018,10,5,17,0,1,1,0,0,0,0,2,0,7,3,0,3,0
20094,1,4,111,2018,10,7,3,0,0,1,1,0,0,0,2,6,4,3,0,3,0
20095,4,13,432,2018,10,5,20,0,0,1,1,0,0,0,2,6,4,3,1,3,0
20096,1,8,126,2018,10,4,10,0,0,1,0,0,0,0,1,2,6,3,0,3,0
20097,3,9,321,2018,10,3,14,0,0,1,0,1,0,1,3,5,3,3,0,3,0
20098,4,5,410,2018,10,5,13,0,0,1,0,0,0,0,1,1,7,3,1,2,1
20099,2,6,218,2018,10,3,16,0,1,0,0,0,0,0,1,0,7,3,0,3,0
20100,5,10,518,2018,10,1,17,0,0,1,0,0,0,0,1,2,6,3,0,3,0
20101,5,2,506,2018,10,1,19,0,0,1,0,0,0,0,1,5,3,3,0,2,1
20102,4,5,410,2018,10,5,6,0,1,1,0,0,0,0,2,5,3,3,0,3,0
20103,2,10,222,2018,10,5,15,0,0,1,0,0,0,0,1,9,1,3,0,3,0
20104,5,5,513,2018,10,6,7,0,1,0,0,0,0,0,1,3,6,3,0,3,0
20105,2,9,221,2018,10,5,15,0,1,1,0,0,0,0,2,5,3,3,0,3,0
20106,2,7,219,2018,10,4,14,0,0,1,0,0,1,0,2,2,6,3,0,3,0
20107,1,12,130,2018,10,2,18,0,0,1,0,0,0,1,2,4,2,3,0,3,0
20108,7,2,703,2018,10,2,23,0,0,1,0,0,0,0,1,8,1,3,0,2,1
20109,7,12,713,2018,10,7,13,0,0,0,0,1,0,0,1,8,1,3,0,2,1
20110,1,3,106,2018,10,1,16,0,1,0,1,0,0,0,2,6,4,3,0,3,0
20111,3,2,312,2018,10,3,8,0,0,0,1,0,0,1,2,6,2,3,0,3,0
20112,5,18,526,2018,10,7,13,0,0,1,0,0,0,1,2,5,3,3,0,2,1
20113,5,1,504,2018,10,1,0,0,0,1,1,0,0,0,2,6,4,3,0,1,1
20114,4,3,406,2018,10,5,14,0,0,1,0,1,0,0,2,2,6,3,1,3,0
20115,3,3,314,2018,10,4,8,0,1,1,0,0,0,0,2,5,3,3,0,3,0
20116,4,12,431,2018,10,6,5,0,0,1,0,1,0,0,2,3,6,3,0,3,0
20117,3,1,309,2018,10,5,21,0,0,0,0,1,0,0,1,0,7,3,1,3,0
20118,2,1,203,2018,10,4,14,0,1,1,0,0,0,0,2,2,6,3,0,3,0
20119,5,2,508,2018,10,2,18,0,0,1,0,1,0,0,2,1,6,3,0,3,0
20120,1,7,120,2018,10,2,10,0,0,1,0,0,0,1,2,1,6,3,0,3,0
20121,1,8,125,2018,10,6,9,0,0,1,0,0,0,1,2,5,2,3,0,3,0
20122,2,8,220,2018,10,5,17,0,0,1,0,0,0,0,1,5,3,3,0,3,0
20123,5,18,526,2018,10,5,14,0,0,1,0,0,0,0,1,5,2,3,0,3,0
20124,5,5,513,2018,10,7,16,0,1,1,0,0,0,0,2,0,2,3,0,3,0
20125,3,2,311,2018,10,5,13,0,1,0,1,0,0,0,2,6,6,3,1,3,0
20126,3,6,318,2018,10,5,10,0,1,1,0,0,0,0,2,1,5,3,0,3,0
20127,5,4,512,2018,10,3,14,0,0,1,0,0,1,0,2,5,3,3,0,3,0
20128,6,1,601,2018,10,5,8,0,0,1,0,0,0,0,1,2,6,3,0,3,0
20129,1,3,106,2018,10,5,4,0,0,1,0,0,0,0,1,1,5,3,0,3,0
20130,5,2,507,2018,10,4,0,0,0,1,0,0,0,0,1,0,1,3,1,3,0
20131,4,4,407,2018,10,5,14,0,0,1,0,0,0,0,1,4,2,3,1,2,1
20132,6,1,601,2018,10,3,4,0,0,1,1,0,0,0,2,9,4,3,0,2,1
20133,4,3,406,2018,10,6,17,0,1,0,0,0,0,0,1,4,6,3,0,3,0
20134,5,2,507,2018,10,4,1,0,0,1,0,0,0,1,2,1,6,3,1,3,0
20135,6,4,605,2018,10,3,13,0,0,1,0,0,0,0,1,8,7,3,0,2,1
20136,4,8,423,2018,10,2,19,0,0,1,0,0,0,1,2,2,6,3,0,3,0
20137,4,5,409,2018,10,2,14,0,0,1,0,0,0,0,1,2,6,3,0,3,0
20138,5,7,515,2018,10,4,10,0,0,1,0,1,0,0,2,1,7,3,1,3,0
20139,3,7,319,2018,10,5,22,0,0,1,0,0,0,0,1,1,5,3,0,3,0
20140,4,4,407,2018,10,7,5,0,0,1,0,0,0,0,1,1,6,3,0,3,0
20141,4,5,413,2018,10,4,5,0,0,0,1,0,0,1,2,6,4,3,1,3,0
20142,6,2,602,2018,10,4,16,0,0,1,1,0,0,0,2,6,4,3,0,3,0
20143,6,14,615,2018,9,7,14,0,1,1,0,0,0,0,2,5,2,3,0,3,0
20144,5,13,521,2018,10,3,9,0,1,1,0,0,0,0,2,5,3,3,0,3,0
20145,2,11,223,2018,10,4,10,0,0,1,0,0,0,0,1,5,3,3,1,3,0
20146,4,7,416,2018,10,3,9,0,1,0,0,0,0,0,1,4,6,3,0,3,0
20147,6,2,602,2018,10,1,15,0,0,0,0,1,0,0,1,0,1,3,0,3,0
20148,3,7,319,2018,10,5,16,0,0,1,0,0,0,0,1,1,5,3,0,3,0
20149,1,14,132,2018,10,1,16,0,0,1,0,0,0,0,1,4,2,3,0,3,0
20150,7,4,705,2018,10,3,11,0,0,1,0,0,0,1,2,5,3,3,1,3,0
20151,5,5,513,2018,10,3,10,0,0,1,0,0,0,1,2,5,3,3,0,3,0
20152,2,3,209,2018,10,2,8,0,0,1,0,1,0,0,2,5,3,3,0,3,0
20153,2,4,211,2018,10,2,14,0,0,1,0,1,0,0,2,4,2,3,0,3,0
20154,7,1,702,2018,10,3,7,0,0,1,0,0,0,0,1,1,2,3,0,3,0
20155,3,6,318,2018,10,5,9,0,0,1,0,0,0,0,1,4,2,3,0,3,0
20156,7,13,714,2018,10,6,20,0,0,1,0,0,0,0,1,5,3,3,0,3,0
20157,1,15,134,2018,10,3,14,0,0,1,0,0,1,0,2,2,6,3,1,3,0
20158,5,18,526,2018,10,4,14,0,1,0,1,0,0,0,2,6,6,3,0,3,0
20159,3,8,320,2018,10,3,7,0,0,0,0,0,1,1,2,0,2,3,0,3,0
20160,1,12,130,2018,10,3,8,0,0,1,0,0,0,0,1,4,2,3,1,3,0
20161,4,2,404,2018,10,3,0,0,0,1,0,0,0,0,1,9,1,3,0,3,0
20162,1,2,103,2018,10,1,16,0,0,1,0,0,0,0,1,3,7,3,0,3,0
20163,4,1,402,2018,10,5,15,0,0,1,0,1,0,0,2,5,3,3,0,3,0
20164,4,11,430,2018,10,1,18,0,0,1,0,0,0,0,1,2,6,3,0,3,0
20165,1,7,120,2018,10,3,17,0,0,1,0,0,0,0,1,2,6,3,1,3,0
20166,2,4,214,2018,10,5,19,0,0,1,0,0,0,0,1,2,6,3,0,3,0
20167,5,2,505,2018,10,6,19,0,1,1,0,0,0,0,2,2,6,3,0,3,0
20168,5,6,514,2018,10,3,8,0,0,1,0,0,0,1,2,2,6,3,1,3,0
20169,4,1,402,2018,10,4,7,0,0,1,1,0,0,0,2,6,4,3,0,3,0
20170,1,8,123,2018,10,6,15,0,0,1,0,0,0,0,1,2,6,3,0,3,0
20171,5,3,510,2018,10,3,7,0,0,1,0,0,0,0,1,3,6,3,1,3,0
20172,4,12,431,2018,10,4,6,0,1,0,0,0,0,0,1,4,6,3,0,3,0
20173,1,1,101,2018,10,3,20,0,0,1,0,0,0,0,1,8,1,3,0,3,0
20174,5,2,507,2018,10,3,2,0,0,1,0,0,0,0,1,9,1,3,0,3,0
20175,1,4,112,2018,10,3,5,0,1,1,0,0,0,0,2,2,6,3,0,3,0
20176,5,12,520,2018,10,7,15,0,1,0,0,0,0,0,1,3,6,3,0,3,0
20177,2,4,211,2018,10,5,8,0,1,1,0,0,0,0,2,5,3,3,0,3,0
20178,2,8,220,2018,10,1,14,0,0,1,0,0,0,1,2,5,3,3,0,3,0
20179,5,11,519,2018,10,3,14,0,0,1,0,0,1,0,2,2,6,3,1,3,0
20180,1,3,108,2018,10,4,17,0,1,0,1,0,0,0,2,6,7,3,0,3,0
20181,4,6,415,2018,10,6,17,0,0,1,1,0,0,0,2,6,2,3,0,3,0
20182,4,5,408,2018,10,3,7,0,0,1,0,0,0,0,1,2,6,3,1,3,0
20183,3,2,311,2018,10,4,13,0,1,1,0,0,0,0,2,2,6,3,0,3,0
20184,5,12,520,2018,10,2,18,0,0,1,0,0,0,0,1,2,6,3,0,3,0
20185,5,18,526,2018,10,2,4,0,0,1,1,0,0,0,2,6,2,3,0,2,1
20186,4,5,409,2018,10,3,17,0,0,0,0,1,0,0,1,0,1,3,1,3,0
20187,1,8,122,2018,10,2,11,0,0,1,0,0,0,0,1,0,7,3,0,3,0
20188,6,1,601,2018,10,2,17,0,1,1,0,0,0,0,2,5,3,3,0,3,0
20189,6,11,612,2018,10,6,17,0,0,1,0,0,1,0,2,3,2,3,0,3,0
20190,6,1,601,2018,10,4,14,0,1,0,0,0,0,1,2,0,2,3,0,3,0
20191,6,6,607,2018,10,7,23,0,0,0,0,0,0,1,1,1,5,3,0,3,0
20192,5,1,501,2018,10,3,14,0,0,0,1,0,0,1,2,6,3,3,1,3,0
20193,4,10,426,2018,10,5,20,0,0,1,0,1,0,0,2,5,3,3,0,2,1
20194,1,14,132,2018,10,3,15,0,0,1,0,0,0,1,2,4,7,3,0,3,0
20195,1,3,106,2018,10,6,7,0,0,1,0,0,0,0,1,2,2,3,0,3,0
20196,3,8,320,2018,10,3,14,0,0,1,0,0,0,0,1,0,7,3,1,3,0
20197,1,12,130,2018,10,3,18,0,0,0,0,1,0,1,2,0,7,3,0,3,0
20198,3,5,317,2018,10,2,18,0,0,1,0,0,0,1,2,2,6,3,0,3,0
20199,2,8,220,2018,10,2,14,0,1,1,0,0,0,0,2,4,2,3,0,3,0
20200,2,9,221,2018,10,3,17,0,0,1,0,0,0,0,1,2,6,3,1,3,0
20201,6,7,608,2018,10,4,14,0,1,0,0,0,0,0,1,0,7,3,0,3,0
20202,2,1,201,2018,10,7,2,0,0,1,0,0,0,0,1,9,1,3,0,2,1
20203,2,3,208,2018,10,3,11,0,0,1,0,0,0,0,1,1,6,3,1,3,0
20204,1,8,121,2018,10,4,17,0,0,0,0,1,0,0,1,8,1,3,0,3,0
20205,5,1,501,2018,10,3,15,0,0,1,0,0,0,0,1,2,6,3,0,2,1
20206,1,6,117,2018,10,4,19,0,0,1,0,0,0,1,2,2,6,3,0,3,0
20207,5,2,507,2018,10,7,20,0,0,1,0,0,0,0,1,4,2,3,0,3,0
20208,3,2,312,2018,10,3,21,0,0,1,0,0,0,0,1,5,3,3,1,3,0
20209,1,19,140,2018,10,5,18,0,0,1,0,0,1,0,2,3,6,3,0,3,0
20210,5,18,526,2018,10,3,14,0,1,1,0,0,0,0,2,5,3,3,0,3,0
20211,1,3,106,2018,10,3,18,0,0,0,1,1,0,0,2,6,4,3,1,2,1
20212,5,16,524,2018,10,3,7,0,0,1,0,0,0,0,1,2,6,3,0,3,0
20213,7,1,702,2018,10,1,12,0,0,1,0,0,0,0,1,5,3,3,0,3,0
20214,5,18,526,2018,10,4,16,0,1,1,0,0,0,0,2,4,2,3,0,3,0
20215,3,2,311,2018,10,2,14,0,0,0,0,1,0,0,1,0,7,3,0,3,0
20216,1,1,101,2018,10,3,14,0,0,1,0,0,0,1,2,2,6,3,1,3,0
20217,5,4,512,2018,10,4,5,0,0,1,0,1,0,0,2,4,2,3,0,2,1
20218,5,7,515,2018,10,5,11,0,0,1,0,0,0,0,1,4,2,3,0,3,0
20219,1,13,131,2018,10,6,6,0,0,0,0,0,1,0,1,5,3,3,0,3,0
20220,1,3,108,2018,10,3,12,0,0,1,0,0,0,0,1,3,6,3,1,3,0
20221,5,2,509,2018,10,4,17,0,1,0,0,0,0,0,1,3,6,3,0,3,0
20222,4,2,405,2018,10,3,15,0,1,0,1,0,0,0,2,6,3,3,0,3,0
20223,7,1,702,2018,10,2,16,0,0,1,1,0,0,0,2,6,4,3,1,3,0
20224,3,2,312,2018,10,3,8,0,1,1,0,0,0,0,2,5,3,3,0,3,0
20225,5,6,514,2018,10,7,17,0,1,1,0,0,0,0,2,5,3,3,1,3,0
20226,5,17,525,2018,10,4,14,0,0,1,0,0,0,0,1,2,7,3,0,2,1
20227,6,1,601,2018,10,2,14,0,0,1,0,0,0,0,1,2,6,3,1,3,0
20228,2,8,220,2018,10,3,15,0,0,1,0,0,0,0,1,5,3,3,0,3,0
20229,1,12,130,2018,10,1,6,0,0,1,0,1,0,0,2,5,3,3,1,3,0
20230,4,11,430,2018,10,4,12,0,1,0,0,0,0,0,1,4,6,3,0,3,0
20231,5,4,512,2018,10,1,17,0,0,1,0,1,0,0,2,3,7,3,0,3,0
20232,6,2,603,2018,10,2,16,0,0,1,0,0,0,0,1,5,3,3,0,3,0
20233,4,13,432,2018,10,4,8,0,0,1,0,0,0,1,2,5,7,3,0,2,1
20234,5,6,514,2018,10,6,9,0,0,1,0,0,0,1,2,3,6,3,0,3,0
20235,1,13,131,2018,10,2,9,0,0,1,0,0,0,1,2,5,3,3,0,3,0
20236,4,8,421,2018,10,4,17,0,1,0,1,0,0,0,2,6,6,3,0,3,0
20237,6,2,603,2018,10,2,9,0,0,1,0,0,0,0,1,8,1,3,0,3,0
20238,1,13,131,2018,10,5,14,0,0,1,0,0,0,1,2,2,6,3,0,3,0
20239,1,1,101,2018,10,3,8,0,1,1,0,0,0,0,2,4,2,3,0,3,0
20240,3,2,311,2018,10,7,10,0,1,1,0,0,0,0,2,5,3,3,0,3,0
20241,4,5,409,2018,10,4,13,0,0,1,0,0,0,0,1,3,6,3,0,3,0
20242,3,5,317,2018,10,1,4,0,0,1,1,0,0,0,2,6,4,3,0,2,1
20243,1,13,131,2018,10,2,13,0,0,0,0,1,0,0,1,8,1,3,0,3,0
20244,3,8,320,2018,10,4,18,0,1,1,0,0,0,0,2,5,3,3,0,3,0
20245,4,5,411,2018,10,5,0,0,1,1,0,0,0,0,2,1,5,3,0,3,0
20246,6,2,602,2018,10,3,17,0,0,1,0,0,0,0,1,2,3,3,0,3,0
20247,2,5,216,2018,10,6,11,0,1,1,0,0,0,0,2,5,3,3,0,3,0
20248,5,15,523,2018,10,1,2,0,0,1,0,0,0,0,1,8,1,3,0,3,0
20249,1,13,131,2018,10,2,8,0,0,1,0,0,1,0,2,2,6,3,0,2,1
20250,3,8,320,2018,10,4,13,0,0,1,0,0,0,1,2,0,6,3,0,3,0
20251,3,3,313,2018,10,4,18,0,1,1,0,0,0,0,2,4,2,3,0,3,0
20252,5,3,510,2018,10,6,13,0,1,1,0,0,0,0,2,5,3,3,0,3,0
20253,1,8,122,2018,10,2,12,0,0,1,0,0,0,1,2,3,5,3,0,3,0
20254,2,3,209,2018,10,4,16,0,1,0,1,0,0,0,2,6,6,3,0,3,0
20255,4,9,424,2018,10,2,18,0,1,1,0,0,0,0,2,5,2,3,0,3,0
20256,6,1,601,2018,10,2,7,0,0,1,0,0,0,1,2,5,3,3,0,3,0
20257,1,6,115,2018,10,6,17,0,0,1,0,0,0,1,2,3,6,3,0,3,0
20258,2,5,216,2018,10,4,19,0,1,1,0,0,0,0,2,4,2,3,0,3,0
20259,1,6,118,2018,10,7,18,0,0,1,0,1,0,0,2,3,2,3,0,3,0
20260,5,3,510,2018,10,2,18,0,1,1,0,0,0,0,2,4,2,3,1,3,0
20261,3,7,319,2018,10,5,17,0,0,1,1,0,0,0,2,6,4,3,0,2,1
20262,5,6,514,2018,10,3,11,0,0,0,1,0,0,1,2,6,4,3,0,3,0
20263,6,2,603,2018,10,5,8,0,0,1,0,0,0,0,1,2,6,3,0,3,0
20264,4,9,424,2018,10,2,17,0,0,1,0,0,0,0,1,5,3,3,1,3,0
20265,5,18,526,2018,10,3,11,0,1,1,0,0,0,0,2,4,2,3,0,3,0
20266,4,2,405,2018,10,2,8,0,0,0,0,0,0,1,1,0,7,3,0,3,0
20267,5,10,518,2018,10,2,17,0,1,1,0,0,0,0,2,5,3,3,1,3,0
20268,1,1,101,2018,10,4,7,0,0,1,0,1,0,0,2,5,3,3,0,3,0
20269,4,5,409,2018,10,2,12,0,0,1,0,0,0,0,1,4,2,3,0,3,0
20270,4,5,411,2018,10,2,16,0,1,1,0,0,0,0,2,3,2,3,0,3,0
20271,4,10,427,2018,10,2,19,0,0,1,0,0,0,0,1,2,6,3,1,3,0
20272,3,7,319,2018,10,4,11,0,1,1,0,0,0,0,2,5,3,3,0,2,1
20273,4,11,430,2018,10,7,13,0,0,1,0,0,0,0,1,2,6,3,0,3,0
20274,4,5,408,2018,10,2,6,0,0,1,0,0,0,0,1,2,6,3,0,3,0
20275,7,1,702,2018,10,4,13,0,1,1,0,0,0,0,2,4,6,3,0,3,0
20276,1,11,128,2018,9,7,15,0,0,1,0,0,0,0,1,2,6,3,0,3,0
20277,5,11,519,2018,10,3,18,0,1,1,0,0,0,0,2,3,2,3,0,3,0
20278,4,8,421,2018,10,2,18,0,1,1,0,0,0,0,2,4,2,3,1,3,0
20279,4,5,413,2018,10,3,16,0,0,1,0,0,0,0,1,2,6,3,0,3,0
20280,6,1,601,2018,10,1,8,0,0,1,0,0,0,0,1,1,7,3,0,3,0
20281,4,2,403,2018,10,4,8,0,1,1,0,0,0,0,2,3,6,3,0,3,0
20282,1,2,104,2018,10,2,16,0,0,1,0,1,0,0,2,5,3,3,0,3,0
20283,2,5,216,2018,10,2,16,0,1,1,0,0,0,0,2,4,6,3,1,3,0
20284,4,2,405,2018,10,4,7,0,1,0,0,0,0,1,2,3,2,3,0,3,0
20285,1,13,131,2018,10,6,15,0,0,1,0,0,0,0,1,3,3,3,0,3,0
20286,2,7,219,2018,10,2,7,0,0,1,0,1,0,0,2,3,2,3,1,3,0
20287,3,1,307,2018,10,2,17,0,1,1,0,0,0,0,2,1,5,3,0,3,0
20288,2,8,220,2018,10,2,0,0,0,1,0,0,0,0,1,3,6,3,0,3,0